tconst,primaryTitle,startYear,runtimeMinutes,genres,averageRating,numVotes
tt23709962,Patna Shukla,2024,125,Drama,5.6,1501.0
tt27795526,High & Low - John Galliano,2023,116,"Biography,Documentary,History",7.1,1501.0
tt15150190,Witch,2024,107,"Fantasy,History,Horror",4.7,1501.0
tt26742994,Sunrise,2024,93,"Horror,Thriller,Western",3.9,1501.0
tt15654502,The Ladykiller,2023,125,"Crime,Drama,Mystery",1.8,1502.0
tt28090350,The Portuguese House,2025,114,Drama,6.8,1503.0
tt27931052,Pangolin: Kulu's Journey,2025,88,Documentary,7.5,1504.0
tt23735436,"Thank You, I'm Sorry",2023,90,"Comedy,Drama",6.0,1504.0
tt18566574,Dark Feathers: Dance of the Geisha,2024,93,"Drama,Mystery,Thriller",6.8,1504.0
tt29120447,Tina,2024,124,Drama,7.8,1504.0
tt14280366,Kitchen Brigade,2022,97,"Comedy,Drama",6.3,1506.0
tt17527124,Collide,2022,90,Thriller,4.4,1506.0
tt30135174,Ghost Trail,2024,106,"Drama,Thriller",6.6,1507.0
tt33030347,One of Those Days When Hemme Dies,2024,83,"Crime,Drama,Thriller",6.2,1507.0
tt30890061,Shakhahaari,2024,145,"Crime,Thriller",7.5,1508.0
tt13887082,Grand Jeté,2022,105,Drama,4.6,1509.0
tt32084875,Apple Cut,2025,104,\N,4.2,1509.0
tt37457001,Tapassi,2025,126,Drama,7.2,1509.0
tt32944883,Don't Let's Go to the Dogs Tonight,2024,99,"Drama,War",6.9,1509.0
tt13265204,Metamorphosis,2022,82,"Drama,Horror,Sci-Fi",5.1,1509.0
tt28265594,Ajab Tamasha,2023,122,Comedy,6.9,1510.0
tt28314098,Naa Nee Prema Katha,2023,129,"Action,Drama,Romance",7.6,1510.0
tt22774688,The Soccer Football Movie,2022,73,"Animation,Comedy,Family",3.1,1510.0
tt19514578,Shubh Yatra,2023,132,"Drama,Family",7.4,1510.0
tt22437798,Tesciowie 2,2023,95,Comedy,6.0,1510.0
tt12780950,Maheshum Marutiyum,2023,134,"Comedy,Romance",4.5,1510.0
tt11791964,Old Monk,2022,129,"Comedy,Romance",6.6,1511.0
tt15842056,Taxi,2023,124,"Action,Drama,Thriller",6.3,1511.0
tt34113961,Meat Kills,2025,86,Horror,5.8,1512.0
tt31629757,Slay,2024,99,"Comedy,Horror",6.5,1514.0
tt22184520,Deer Camp '86,2022,85,"Comedy,Horror,Thriller",5.4,1514.0
tt30294282,Porcelain War,2024,87,"Documentary,War",7.1,1514.0
tt32155764,Gulkand,2025,146,"Comedy,Drama,Family",7.5,1514.0
tt35182033,Gedelaraju Kakinada Taluka,2026,121,\N,4.5,1515.0
tt9425856,One More Shot,2025,88,"Comedy,Drama",5.6,1515.0
tt24640480,Andrew Santino: Cheeseburger,2023,58,"Comedy,Documentary",6.5,1516.0
tt35718349,Relationship Goals,2026,93,"Comedy,Romance",4.6,1517.0
tt21103576,Fitting In,2023,105,"Comedy,Drama",6.1,1517.0
tt37674658,Stiller & Meara: Nothing Is Lost,2025,97,"Biography,Documentary",7.1,1517.0
tt2963262,Limonov: The Ballad of Eddie,2024,138,"Biography,Drama,History",5.8,1519.0
tt16977750,Sidney,2022,111,"Biography,Documentary",7.8,1519.0
tt42111190,Oye Bhole Oye 2,2026,142,"Comedy,Drama",7.4,1520.0
tt35144943,Bad Girl,2025,112,"Drama,Romance",6.3,1521.0
tt28498159,The Other,2025,98,"Horror,Thriller",4.8,1522.0
tt29866070,Jolly O Gymkhana,2024,129,Comedy,7.1,1522.0
tt23648404,Dark Match,2024,94,"Action,Horror",5.4,1522.0
tt28221886,Shot Boot Three,2023,117,"Adventure,Comedy,Drama",5.8,1522.0
tt14575898,Lord of the Ants,2022,134,"Biography,Drama",6.7,1523.0
tt9567458,#AMFAD: All My Friends Are Dead,2024,91,"Horror,Mystery,Thriller",4.5,1523.0
tt29354056,Preminchoddu : Don't Love,2024,177,"Crime,Thriller",7.7,1524.0
tt5050634,Space/Time,2025,89,"Crime,Sci-Fi,Thriller",4.9,1525.0
tt13783632,Last Known Location,2024,110,"Crime,Drama,Thriller",5.9,1525.0
tt15307230,Diabolik: Ginko Attacks,2022,116,"Action,Crime,Mystery",5.4,1526.0
tt28260452,Jagrattha Bidda,2023,136,Drama,6.8,1526.0
tt35841519,Madham,2026,128,Drama,5.0,1526.0
tt33050528,Colorful Stage! The Movie: A Miku Who Can't Sing,2025,110,"Animation,Drama,Fantasy",6.4,1526.0
tt29436151,4 Girls,2025,101,"Action,Crime,Romance",4.6,1527.0
tt13109862,Matt and Mara,2024,80,Drama,6.4,1529.0
tt14935038,The Key Game,2022,107,Comedy,4.9,1529.0
tt35665459,K-Ramp,2025,140,"Comedy,Drama,Romance",5.9,1529.0
tt26940053,The Summer Book,2024,90,Drama,6.5,1529.0
tt26599589,Redeeming Hope,2023,54,"Action,Family,War",4.8,1531.0
tt26919016,Yuzuru Hanyu Ice Story GIFT at Tokyo Dome,2023,162,"Documentary,Sport",8.5,1532.0
tt11423420,Please Baby Please,2022,95,"Drama,Musical",5.6,1532.0
tt43310374,I'm Handsome (since 2009),2026,134,Family,8.3,1533.0
tt16378164,The Territory,2022,85,Documentary,7.5,1533.0
tt29715313,Ronnie O'Sullivan: The Edge of Everything,2023,113,"Documentary,Sport",7.6,1533.0
tt24326062,Mamonas Assassinas: O Filme,2023,95,"Biography,Drama,Music",4.7,1533.0
tt16427398,Dark Nature,2022,85,Horror,4.4,1533.0
tt35445387,Conan O'Brien: The Kennedy Center Mark Twain Prize for American Humor,2025,86,Comedy,8.0,1534.0
tt39216314,Stray Kids: The Dominate Experience,2026,146,"Documentary,Music",8.1,1534.0
tt21913634,Natty Knocks,2023,94,"Horror,Thriller",4.3,1534.0
tt36985837,Frozen: The Hit Broadway Musical,2025,111,"Adventure,Comedy,Family",7.4,1535.0
tt13871094,Stamped from the Beginning,2023,91,Documentary,6.7,1535.0
tt31614983,Silk Saree,2024,120,Thriller,8.3,1535.0
tt28686243,Umapathi,2023,168,Family,7.8,1535.0
tt32813410,Jatadhara,2025,135,"Horror,Thriller",3.3,1535.0
tt35661996,Dashavatar,2025,155,"Action,Adventure,Drama",7.6,1536.0
tt30644187,Mutluyuz,2023,95,Comedy,4.4,1537.0
tt34190272,Enemies,2025,103,Drama,6.7,1538.0
tt17597510,Line of Fire,2023,120,"Biography,Drama,War",6.8,1539.0
tt38672269,Me No Pause Me Play,2025,140,\N,6.2,1540.0
tt15432804,F*ck Love Too,2022,92,"Comedy,Romance",3.9,1540.0
tt36955269,Virgin Boys,2025,133,"Comedy,Romance",7.4,1541.0
tt37919259,CMantham,2025,111,"Action,Crime,Musical",8.0,1541.0
tt32080855,A Foggy Tale,2025,110,"Adventure,Family,History",7.6,1541.0
tt15516018,Wedding Gift,2022,139,"Drama,Thriller",8.5,1542.0
tt8442220,Longing,2024,111,"Comedy,Drama",4.8,1542.0
tt18284880,I Am Rage,2023,89,Action,4.5,1543.0
tt35453969,Leave One Day,2025,98,"Comedy,Drama,Musical",6.2,1543.0
tt19121072,Borgo,2023,118,"Crime,Drama",6.9,1543.0
tt12851130,The Knocking,2022,87,"Crime,Drama,Horror",5.1,1544.0
tt35444710,Detective Conan: One-Eyed Flashback,2025,110,"Action,Animation,Mystery",6.6,1544.0
tt24083908,The Black Book,2023,124,Thriller,5.3,1545.0
tt32321803,The Get Out,2026,111,"Action,Thriller",5.5,1545.0
tt13924484,Breakwater,2023,97,"Crime,Drama,Mystery",5.2,1545.0
tt19407476,Bari,2022,113,"Action,Drama",8.0,1545.0
tt15830702,Sword Art Online the Movie: Progressive - Scherzo of Deep Night,2022,101,"Action,Adventure,Animation",6.7,1546.0
tt22237964,The Mysterious Gaze of the Flamingo,2025,109,"Drama,History,Western",6.7,1547.0
tt27746058,Circle,2023,141,Mystery,7.2,1548.0
tt32352172,A Sudden Case of Christmas,2024,91,"Comedy,Family",5.1,1548.0
tt27899596,Imamdasta,2024,143,Drama,7.0,1549.0
tt33305882,A Great Awakening,2026,129,"Drama,History",6.6,1549.0
tt9378416,Maayon,2022,131,"Mystery,Thriller",5.7,1550.0
tt21869784,The Tatta's,2022,90,Comedy,6.0,1550.0
tt15444046,Divinity,2023,88,"Sci-Fi,Thriller",5.2,1551.0
tt18923048,Operation Romeo,2022,132,"Drama,Mystery",6.4,1551.0
tt37334010,The Jester 2,2025,87,Horror,4.9,1551.0
tt27689356,Restless,2024,89,"Drama,Thriller",6.3,1551.0
tt6875952,Carmen,2022,116,"Drama,Musical",5.7,1552.0
tt35624287,Shakthi Thirumagan,2025,158,"Action,Drama,Thriller",6.6,1552.0
tt13352376,Lyvia's House,2023,116,"Fantasy,Mystery,Thriller",5.9,1552.0
tt18970380,The Taming of the Shrewd,2022,100,"Comedy,Romance",4.7,1553.0
tt13848958,Vasantha Mullai,2023,108,"Drama,Mystery,Thriller",5.5,1553.0
tt10980638,Devil's Peak,2023,97,"Adventure,Crime,Drama",5.4,1554.0
tt22530226,A Useful Ghost,2025,130,"Comedy,Drama,Fantasy",6.6,1554.0
tt17052842,The Breaking Ice,2023,97,"Drama,Romance",6.5,1554.0
tt36625994,A L C C (O Universal Bachelor),2025,118,Drama,8.2,1555.0
tt32832554,This Is the Tom Green Documentary,2025,97,Documentary,7.4,1556.0
tt28618089,A Million Minutes,2024,125,Drama,6.5,1556.0
tt29243069,Ipar Adalah Maut,2024,131,"Drama,Romance",7.0,1556.0
tt21399082,The Lake,2022,104,"Horror,Sci-Fi,Thriller",3.8,1556.0
tt27722575,200% Wolf,2024,98,"Action,Adventure,Animation",5.7,1556.0
tt30868610,Chuck Billy and the Marvelous Guava Tree,2024,90,"Adventure,Comedy,Family",7.3,1556.0
tt15380516,Minmini,2024,115,Drama,7.0,1556.0
tt13020386,Four Letters of Love,2024,125,Drama,6.0,1556.0
tt15680318,Gundamma Katha,2022,112,Family,4.1,1557.0
tt14715848,Dream Boy,2022,141,"Comedy,Drama,Romance",6.7,1558.0
tt8096846,White Plastic Sky,2023,110,"Animation,Drama,Romance",6.7,1558.0
tt33336815,Stopping the Steal,2024,90,Documentary,7.5,1558.0
tt28329159,Njaan Ippo Entha Cheyya?,2023,109,Drama,5.0,1558.0
tt32614683,Anthima Theerpu,2024,133,"Action,Drama,Thriller",7.3,1559.0
tt22769974,Dudes: Again!,2023,95,Comedy,4.7,1559.0
tt32284140,Yevam,2024,123,Crime,5.4,1560.0
tt28258332,Article 20,2024,141,Drama,7.0,1560.0
tt36461708,Shiva Shambho,2025,113,"Fantasy,Horror,Thriller",8.1,1560.0
tt14485026,Lopaliki Ra Chepta,2024,112,"Comedy,Horror",6.0,1561.0
tt15073642,Formed Police Unit,2024,120,"Action,Adventure,Crime",4.7,1561.0
tt32186579,An Unfinished Film,2024,107,Drama,7.2,1561.0
tt22797706,Project Iceman,2022,113,Documentary,7.9,1561.0
tt28024755,Dry Day,2023,128,Comedy,5.4,1562.0
tt18671246,Two Tickets to Greece,2022,110,Comedy,6.0,1562.0
tt30691223,The Great Ambition,2024,123,"Biography,Drama,History",7.0,1562.0
tt14774434,Twenty One Grams,2022,133,"Mystery,Thriller",6.9,1562.0
tt39635739,Phera,2026,139,Drama,8.5,1562.0
tt35276942,Dollhouse,2025,110,"Drama,Horror,Mystery",6.5,1563.0
tt21223140,Dead Line,2023,124,Thriller,7.8,1563.0
tt15353574,Hard Miles,2023,108,"Drama,Sport",6.4,1563.0
tt37024319,The Bus: A French Football Mutiny,2026,81,"Documentary,Sport",7.0,1563.0
tt31646879,Theppa Samudram,2024,133,Crime,7.0,1563.0
tt22772712,Murder at the Embassy,2025,83,"Action,Adventure,Mystery",5.1,1564.0
tt15391274,Dr. Jason,2022,48,"Action,Horror,Mystery",4.8,1564.0
tt13886392,Neelavelicham,2023,132,"Drama,Horror,Romance",5.8,1564.0
tt11947100,Love in Taipei,2023,92,"Comedy,Romance",5.7,1565.0
tt14636170,Metalocalypse: Army of the Doomstar,2023,83,"Animation,Comedy,Music",6.4,1565.0
tt29741106,Calling Sahasra,2023,143,Crime,5.1,1565.0
tt34888646,I Can Only Imagine 2,2026,110,"Biography,Drama,Music",7.1,1566.0
tt9044418,MR-9: Do or Die,2023,106,"Action,Drama,Thriller",3.4,1567.0
tt31703444,Buzz House: The Movie,2024,93,"Comedy,Horror",3.3,1567.0
tt15333544,Happily Married,2024,90,Thriller,6.7,1567.0
tt8852644,Salman Society,2023,\N,Drama,7.6,1567.0
tt23577326,I Am Kathalan,2024,115,"Comedy,Thriller",6.7,1567.0
tt32394528,Hell Hole,2024,92,Horror,4.4,1568.0
tt27876411,Mr. Car and the Knights Templar,2023,110,"Adventure,Drama,Family",4.4,1568.0
tt31022851,The Death of Snow White,2025,110,"Action,Fantasy,Horror",4.2,1568.0
tt31314185,The Greatest Love Story Never Told,2024,86,Documentary,5.0,1568.0
tt42362291,Jeena Dil Se,2026,138,Drama,7.8,1569.0
tt27774999,Bonjour Tristesse,2024,110,"Drama,Romance",5.7,1569.0
tt33382323,The Holy Boy,2025,122,"Drama,Horror",6.5,1569.0
tt29845247,Noise,2024,93,"Drama,Horror,Thriller",5.6,1570.0
tt13302660,Double Threat,2022,92,"Action,Comedy,Thriller",4.7,1570.0
tt27179695,Sorgavaasal,2024,138,"Action,Crime,Drama",6.6,1570.0
tt11295246,Good Luck Sakhi,2022,130,Drama,5.3,1571.0
tt40329244,Rayudu Gari Thaluka,2026,151,Action,8.6,1571.0
tt27430218,Attack of the Corn Zombies,2023,77,"Horror,Sci-Fi,Thriller",6.5,1571.0
tt15941636,The Substitute,2022,112,"Crime,Drama,Thriller",6.3,1573.0
tt15131266,As Good as Dead,2022,89,"Action,Crime",5.5,1573.0
tt21996838,Mister Organ,2022,96,Documentary,6.6,1574.0
tt15742294,Long Live the Bonus Family,2022,107,"Comedy,Drama",5.2,1574.0
tt24227752,Raa Raa Penimiti,2023,91,"Action,Mystery",6.2,1575.0
tt13350066,Thank You,2022,126,Drama,6.0,1575.0
tt18303206,Indigo Kristal,2023,105,Drama,7.5,1577.0
tt28152455,Rewind,2023,112,"Drama,Romance,Sci-Fi",6.6,1577.0
tt25852740,Breakout,2023,84,"Mystery,Thriller",6.3,1577.0
tt17309864,"Small, Slow But Steady",2022,99,"Drama,Sport",6.9,1578.0
tt31316162,8 Vasanthalu,2025,135,Drama,6.9,1578.0
tt1659324,Depravity,2024,117,"Crime,Drama,Mystery",4.3,1579.0
tt27925780,Harkara,2023,125,"Drama,History",7.0,1579.0
tt32919616,Broken Vein,2025,127,"Crime,Drama,Thriller",7.5,1580.0
tt27171077,Robinhood,2025,150,"Action,Comedy,Crime",4.6,1581.0
tt26232890,Valentines Night,2023,105,Romance,7.6,1582.0
tt27410896,Suga: Road to D-Day,2023,80,"Biography,Documentary,Music",8.4,1582.0
tt21284442,Late Bloomers,2023,89,"Comedy,Drama",6.1,1583.0
tt27192829,Cells at Work!,2024,109,"Action,Adventure,Comedy",6.7,1583.0
tt35146735,Neerukulla 35km,2025,155,Thriller,7.4,1584.0
tt3575156,Madha Gaja Raja,2025,146,"Action,Comedy",5.6,1585.0
tt18561446,Moon Garden,2022,97,"Drama,Fantasy,Horror",6.1,1585.0
tt28713370,10 Days of a Curious Man,2024,110,"Crime,Drama,Mystery",5.7,1585.0
tt27705545,A Knight's War,2025,103,"Action,Fantasy,Horror",4.7,1586.0
tt27531109,The Rapture,2023,97,Drama,6.9,1587.0
tt30561103,Brute 1976,2025,105,Horror,4.1,1588.0
tt9070824,Deep Hatred,2022,74,Horror,4.2,1588.0
tt23472724,Sangharshana,2024,102,"Crime,Romance,Thriller",7.3,1589.0
tt20251716,Naadi Dosh,2022,131,"Drama,Family,Romance",7.2,1589.0
tt26472958,Away,2025,100,Drama,6.7,1589.0
tt27861297,Dream Eater,2025,90,Horror,4.8,1590.0
tt26671035,Ramon,2023,96,"Action,Comedy",6.8,1591.0
tt16376494,Descendant,2022,109,"Documentary,History",7.1,1591.0
tt22490428,Naples to New York,2024,124,Drama,6.9,1591.0
tt34966919,Magic Farm,2025,93,"Comedy,Drama",6.0,1591.0
tt27424585,The Demon Disorder,2024,86,"Horror,Thriller",4.7,1592.0
tt27368317,Maurh,2023,140,"Action,Drama,History",7.2,1593.0
tt25872924,Waktu Maghrib,2023,104,"Horror,Mystery,Thriller",5.8,1594.0
tt2365971,Sweetwater,2023,118,"Biography,Drama,Sport",6.1,1594.0
tt27502365,Kubi,2023,131,"Action,Comedy,Drama",6.4,1594.0
tt19853810,Looking for Her,2022,104,"Comedy,Drama,Romance",6.6,1594.0
tt11344264,Mudbrick,2023,87,Horror,4.9,1594.0
tt13365482,Frybread Face and Me,2023,83,Drama,7.2,1595.0
tt32356994,God's Not Dead: In God We Trust,2024,96,Drama,3.6,1595.0
tt21328202,Rangoli,2023,130,"Drama,Family",7.1,1595.0
tt15816398,Vanangaan,2025,150,"Action,Crime,Drama",5.9,1595.0
tt20833316,Our Son,2023,104,Drama,4.9,1597.0
tt19316408,Stranger in the Woods,2024,82,Thriller,3.6,1598.0
tt11323746,Echo 8,2024,95,"Action,Crime,Thriller",5.6,1599.0
tt15964414,Fathers and Mothers,2022,97,"Comedy,Drama",5.8,1599.0
tt30973261,I Am Nevenka,2024,112,"Biography,Drama",7.0,1599.0
tt20864704,Lifemark,2022,105,"Biography,Drama",6.3,1600.0
tt35237771,Ghost Elephants,2025,98,Documentary,7.0,1602.0
tt32121131,Upstream,2024,121,Drama,7.1,1602.0
tt38673135,Taylor Swift: The Eras Tour - The Final Show,2025,207,"Documentary,Music",8.8,1604.0
tt8891560,Surprised by Oxford,2023,107,"Drama,Mystery,Romance",6.1,1604.0
tt33980854,Your Host,2025,93,Horror,4.8,1604.0
tt20236042,Dormitory,2023,116,Drama,6.8,1604.0
tt32244931,Boxer,2024,150,"Drama,Sport",6.5,1605.0
tt15783462,Nice View,2022,106,"Comedy,Drama",6.7,1605.0
tt16077654,Padmini,2023,120,"Comedy,Drama,Family",6.4,1606.0
tt32607369,Painkili,2025,136,Romance,5.2,1606.0
tt29997427,Dheeran,2025,137,Drama,6.0,1606.0
tt32147653,The Stranger in My Home,2025,91,"Drama,Thriller",4.4,1608.0
tt37537155,Ashakal Aayiram,2026,132,"Comedy,Drama,Family",5.1,1608.0
tt28710161,Che,2023,126,Biography,7.2,1609.0
tt18357588,Fast & Feel Love,2022,132,"Action,Comedy,Drama",6.8,1612.0
tt11981274,The Huntress of Auschwitz,2022,83,"Horror,Thriller,War",2.6,1612.0
tt31523149,A Fragile Flower,2024,96,"Drama,Music,Romance",5.7,1612.0
tt29261748,Bharathanatyam,2024,169,"Comedy,Thriller",5.6,1613.0
tt27136243,Rajayoga,2023,162,"Drama,Family",3.2,1614.0
tt21371218,Kalaga Thalaivan,2022,141,"Action,Crime,Drama",6.6,1616.0
tt22208480,My Apologies,2023,110,Comedy,4.4,1616.0
tt28055434,Close to You,2023,100,Drama,5.2,1616.0
tt18375618,Dreaming About Her,2022,68,Drama,5.9,1617.0
tt21654704,Get Smart with Money,2022,93,Documentary,5.7,1618.0
tt21377126,The Gilbert Diaries: The Movie,2023,97,Comedy,4.6,1618.0
tt12754776,Natural Born Liar,2022,95,"Comedy,Fantasy",5.2,1618.0
tt14904622,Soudain seuls,2023,113,"Adventure,Drama,Thriller",6.1,1620.0
tt39052694,Vanaveera,2026,127,Action,6.8,1620.0
tt27821575,Jamais sans mon psy,2024,91,Comedy,5.1,1621.0
tt38128726,Stop! That! Train!,2026,90,"Action,Comedy",6.1,1621.0
tt25377618,Pranaya Vilasam,2023,123,"Comedy,Drama,Romance",6.8,1621.0
tt25502544,Theerkadarishi,2023,121,"Crime,Thriller",5.5,1621.0
tt15415976,Macherla Niyojakavargam,2022,159,"Action,Comedy,Drama",4.5,1622.0
tt15782954,Fresh Kills,2023,120,"Crime,Drama",6.1,1623.0
tt24689612,Devil,2024,118,\N,4.4,1624.0
tt20113586,Sachertorte,2022,112,"Comedy,Drama,Romance",6.8,1625.0
tt13197812,"Goodbye, Petrushka",2022,100,"Comedy,Drama,Romance",5.4,1625.0
tt9172960,Follow Her,2022,92,Thriller,5.1,1625.0
tt15482240,Storm,2023,157,"Drama,War",7.0,1626.0
tt22004186,A Little Prayer,2023,91,Drama,7.0,1626.0
tt23461428,Lal Salaam,2024,150,"Action,Drama,Sport",4.4,1626.0
tt27080561,The Adamant Girl,2024,100,Drama,6.6,1627.0
tt17686944,The Highwayman,2022,85,Adventure,3.3,1627.0
tt13515258,Oracle,2023,85,Horror,4.8,1628.0
tt10290116,Gaalipata 2,2022,151,"Comedy,Romance",5.9,1628.0
tt29147289,Auction,2024,91,"Comedy,Drama",6.4,1629.0
tt27721892,Logout,2024,108,Thriller,7.2,1629.0
tt28255598,15 Cameras,2023,89,Horror,5.4,1630.0
tt13317320,Snipers,2022,96,"Action,Drama,War",6.2,1630.0
tt30958950,Rob N Roll,2024,98,"Action,Comedy,Crime",6.1,1630.0
tt28252581,Mr. Rani,2025,128,"Comedy,Drama",5.1,1630.0
tt6975842,Bloody Axe Wound,2024,83,"Comedy,Horror",5.0,1632.0
tt19113302,Fugitive: The Curious Case of Carlos Ghosn,2022,95,Documentary,6.5,1634.0
tt32310205,Udvegam (The First Case of),2024,135,Drama,8.3,1635.0
tt33057454,Karma,2024,167,"Action,Mystery,Thriller",7.8,1635.0
tt15566896,Pretty Problems,2022,103,"Comedy,Drama,Romance",5.7,1635.0
tt30332302,Kill Me Again,2025,108,"Fantasy,Horror,Thriller",5.6,1635.0
tt22528178,Kokomo City,2023,73,Documentary,7.1,1636.0
tt26626445,Adios Amigo,2024,156,"Comedy,Drama",6.0,1636.0
tt29781139,Lesbian Space Princess,2025,87,"Animation,Comedy,Fantasy",6.0,1636.0
tt11448138,Ivanna,2022,103,"Horror,Mystery,Thriller",5.8,1637.0
tt4920098,Somnium,2024,92,"Drama,Horror,Sci-Fi",4.9,1638.0
tt21281774,Bank Robbers: The Last Great Heist,2022,109,"Crime,Documentary",7.0,1638.0
tt32423736,Mask,2025,128,"Action,Comedy,Crime",6.5,1639.0
tt18411838,Woman in the Maze,2023,101,"Horror,Mystery,Thriller",3.5,1639.0
tt16436848,Chhorii 2,2025,132,"Drama,Horror,Mystery",4.6,1639.0
tt18280338,Balraju,2022,103,"Action,Drama,Mystery",7.3,1640.0
tt28171985,The Ice Tower,2025,117,"Drama,Fantasy,Thriller",5.9,1640.0
tt13840536,It Ain't Over,2022,99,"Biography,Documentary,Sport",8.2,1641.0
tt35683795,Carjackers,2025,97,"Action,Crime,Thriller",5.0,1641.0
tt22827888,Boot Camp,2024,94,"Comedy,Romance",5.7,1642.0
tt11050992,A Creature Was Stirring,2023,96,Horror,4.6,1643.0
tt27881494,Telusu Kada,2025,160,\N,5.2,1643.0
tt14799552,Maranam,2024,\N,Thriller,7.5,1644.0
tt37039919,Gamblers,2025,102,\N,5.8,1644.0
tt14210958,Guglhupfgeschwader,2022,97,"Comedy,Crime",6.4,1644.0
tt1655444,There Are No Saints,2022,105,"Action,Adventure,Crime",4.9,1645.0
tt16377356,The Janes,2022,101,Documentary,7.6,1645.0
tt11626108,Immanence,2022,92,"Horror,Mystery,Thriller",3.8,1645.0
tt29002920,Shivangi Lioness,2025,140,"Drama,Thriller",6.7,1647.0
tt21247172,Bad Faith,2024,89,Documentary,7.4,1648.0
tt27218658,Longest Third Date,2023,75,Documentary,6.4,1648.0
tt37718411,Murder Report,2025,107,"Drama,Horror,Thriller",6.5,1649.0
tt14622802,Brother and Sister,2022,108,Drama,5.5,1649.0
tt26920120,Baby Assassins: 2 Babies,2023,101,"Action,Comedy,Crime",6.3,1649.0
tt19895822,Made in England: The Films of Powell and Pressburger,2024,133,Documentary,7.9,1650.0
tt21614558,The Clean Up Crew,2024,95,"Action,Comedy,Crime",4.2,1650.0
tt28494031,Gasoline Rainbow,2023,111,"Adventure,Drama",6.4,1650.0
tt21950462,Visions,2023,120,"Mystery,Thriller",5.3,1651.0
tt20420646,"From Hilde, with Love",2024,125,"Biography,Drama,History",7.0,1651.0
tt28290233,Soulcatcher,2023,98,"Action,Adventure,Thriller",3.7,1651.0
tt30320576,A New Kind of Wilderness,2024,84,Documentary,7.5,1651.0
tt35825882,Pita Hall,2025,105,Comedy,5.1,1652.0
tt21935486,Sindhooram,2023,136,"Drama,Thriller",6.3,1652.0
tt29900584,The Trial,2023,99,Thriller,6.1,1652.0
tt24067680,Run Baby Run,2023,131,"Action,Thriller",6.3,1653.0
tt30804400,Shambhala,2024,150,Drama,7.1,1653.0
tt15460036,The Virgin of the Quarry Lake,2025,93,"Horror,Thriller",6.2,1653.0
tt28101019,Satyabhama,2024,132,"Crime,Drama,Thriller",5.8,1653.0
tt32888226,Yellow Letters,2026,127,Drama,7.2,1653.0
tt18469390,Laws of Man,2024,98,"Crime,Drama,Thriller",4.6,1653.0
tt32553390,A Place Called Silence,2024,119,"Crime,Drama,Mystery",6.5,1657.0
tt19445266,Razzennest,2022,\N,\N,5.2,1657.0
tt14638208,Quisling: The Final Days,2024,146,"Biography,Drama,History",7.0,1658.0
tt26424928,Sly Lives! (aka the Burden of Black Genius),2025,112,"Documentary,Music",7.6,1658.0
tt11399896,The Last Manhunt,2022,103,"Action,Drama,Romance",4.5,1660.0
tt13557090,Eesho,2022,107,Thriller,6.1,1661.0
tt10916810,Megalomaniac,2022,105,Horror,5.4,1661.0
tt27368237,Stone Cold Fox,2025,86,"Action,Crime,Drama",5.0,1662.0
tt14201576,Blueback,2022,102,"Adventure,Drama,Family",6.0,1662.0
tt31917705,Freedom,2024,110,"Action,Biography,Crime",5.9,1663.0
tt15311262,Under the Amalfi Sun,2022,95,"Comedy,Drama,Romance",5.4,1664.0
tt16235342,Space Wars: Quest for the Deepstar,2022,90,"Action,Adventure,Sci-Fi",4.3,1664.0
tt38365045,Mudborn,2025,111,"Drama,Horror,Thriller",5.7,1664.0
tt26446481,The Haunting of Julia Fields,2023,71,Horror,5.3,1664.0
tt15440460,Blue Star,2024,166,"Comedy,Drama,Sport",6.9,1664.0
tt27804164,Julie Keeps Quiet,2024,100,"Drama,Sport",6.4,1665.0
tt28601576,Vembu,2025,122,Drama,7.9,1666.0
tt19858184,The President's Wife,2023,92,"Biography,Comedy,Drama",6.4,1666.0
tt32327574,Mad Square,2025,130,Comedy,5.8,1666.0
tt21929748,BS High,2023,95,"Documentary,Sport",7.2,1667.0
tt27626564,Chaar Lugaai,2023,127,Mystery,6.9,1667.0
tt27819388,Cinderella's Curse,2024,82,"Drama,Fantasy,Horror",3.4,1669.0
tt14780214,RSVP (Please Respond),2022,68,Drama,6.4,1669.0
tt23862640,Pamasahe,2022,104,Drama,5.1,1669.0
tt13073252,The Hijacking of Flight 375,2023,107,"Action,Drama,History",7.3,1669.0
tt27262491,Hava Muhalefeti,2023,106,Comedy,5.6,1669.0
tt13400336,The Best Man,2023,93,"Action,Thriller",3.9,1670.0
tt15097330,Deja Vu,2022,117,"Mystery,Thriller",6.6,1670.0
tt29102598,An Ordinary Case,2024,115,Drama,6.6,1671.0
tt34479177,Tribanadhari Barbarik,2025,128,Drama,6.0,1672.0
tt22814692,Holiday Harmony,2022,110,"Comedy,Drama,Music",6.2,1673.0
tt10308878,Big Gold Brick,2022,132,"Comedy,Fantasy",3.4,1674.0
tt27612422,Fanfic,2023,95,Drama,5.8,1674.0
tt26671415,Seven Veils,2023,107,Drama,5.6,1674.0
tt13786042,"Relax, I'm from the Future",2022,94,"Comedy,Sci-Fi",5.4,1675.0
tt30224735,Andaaz 2,2025,148,Musical,3.5,1675.0
tt28622758,Jack,2025,133,"Action,Comedy,Crime",4.7,1675.0
tt14439178,The Fox,2022,118,"Drama,History,War",7.1,1675.0
tt13859494,Guthlee Ladoo,2023,105,Drama,7.6,1675.0
tt30829309,Pegasus 2,2024,121,"Comedy,Drama,Sport",6.9,1675.0
tt16378064,To the End,2022,94,Documentary,3.3,1676.0
tt15258032,Lonesome,2022,95,Drama,6.5,1678.0
tt28090490,Lumberjack the Monster,2023,119,"Crime,Horror,Thriller",5.9,1678.0
tt29120307,Vanvaas,2024,160,"Action,Drama",6.6,1678.0
tt40541175,Dark Night,2026,118,Horror,4.6,1679.0
tt27721719,Bootcut Balaraju,2024,144,Comedy,3.9,1679.0
tt33319697,Detective Ujjwalan,2025,124,Mystery,6.2,1679.0
tt13605284,A Mistake,2024,101,"Drama,Thriller",5.7,1680.0
tt28803144,Alangu,2024,131,Action,7.6,1680.0
tt13471738,Rabiye Kurnaz vs. George W. Bush,2022,119,"Biography,Comedy,Crime",6.8,1680.0
tt21332486,Not Just a Girl,2022,88,"Biography,Documentary,Music",7.1,1681.0
tt21867590,The Sparring Partner,2022,138,"Crime,Drama",7.2,1682.0
tt18453866,The Universal Theory,2023,118,"Drama,Mystery,Thriller",6.1,1682.0
tt41367695,Propeller: One-Way Night Coach,2026,61,"Adventure,Drama,Family",5.8,1685.0
tt10164206,The Irish Connection,2022,93,"Action,Adventure,Comedy",3.4,1685.0
tt7171442,Escape from the 21st Century,2024,98,"Action,Adventure,Drama",6.4,1687.0
tt29456794,Ten Hours,2025,118,Thriller,5.9,1687.0
tt13393128,The Princess,2022,109,"Biography,Documentary,History",7.3,1689.0
tt13101714,All Eyes,2022,87,"Comedy,Horror,Thriller",5.4,1691.0
tt28328452,The Psychopath Life Coach,2023,87,Documentary,2.6,1691.0
tt15790974,Deinfluencer,2022,91,"Horror,Thriller",3.9,1691.0
tt11112532,Agra,2023,132,Drama,5.4,1691.0
tt14808764,Abraham's Boys,2025,89,Horror,4.3,1691.0
tt25153418,Purusha Pretham,2023,153,"Comedy,Crime,Drama",7.2,1692.0
tt15309808,Michael,2023,152,"Action,Crime,Drama",5.0,1694.0
tt23049322,The Price of Money: A Largo Winch Adventure,2024,100,"Action,Adventure,Drama",5.1,1695.0
tt32141590,Witches,2024,90,"Documentary,History",7.4,1695.0
tt6902560,Violent Ends,2025,112,Thriller,5.9,1695.0
tt9848668,Sea of Time,2022,116,Drama,7.5,1697.0
tt13460190,The Wannabes,2022,101,Comedy,6.2,1697.0
tt7564016,Chase,2022,143,"Crime,Mystery,Thriller",7.6,1697.0
tt36876775,Husbands in Action,2026,107,"Action,Comedy,Crime",6.2,1697.0
tt30325268,Three Friends,2024,117,"Comedy,Drama,Romance",6.6,1698.0
tt12953750,Nenjuku Needhi,2022,138,"Crime,Drama,Mystery",7.1,1699.0
tt26491631,The Devil's Left Hand,2023,98,"Horror,Mystery,Thriller",3.1,1699.0
tt30750109,The Corpse Washer,2024,107,"Drama,Horror,Thriller",6.1,1700.0
tt27640680,The Lady of Silence: The Mataviejitas Murders,2023,111,"Crime,Documentary,History",6.4,1701.0
tt28995566,Race to the Summit,2023,90,"Adventure,Documentary,Sport",6.7,1702.0
tt36815135,Gurram Paapi Reddy,2025,160,"Comedy,Crime",5.4,1703.0
tt32646557,Enzo,2025,102,Drama,6.6,1703.0
tt21255308,A Royal in Paradise,2023,90,"Comedy,Romance",6.4,1703.0
tt25730490,Canceled,2023,97,"Horror,Mystery,Thriller",3.7,1704.0
tt28185525,Bagha Jatin,2023,138,"Action,Biography,Drama",5.9,1704.0
tt17375596,The Empire,2024,110,"Adventure,Comedy,Drama",5.1,1705.0
tt27722061,The Feeling That the Time for Doing Something Has Passed,2023,87,Comedy,5.8,1707.0
tt38589464,Feel My Voice,2026,106,"Comedy,Drama",6.6,1707.0
tt36163614,Iron Maiden: Burning Ambition,2026,106,"Biography,Documentary,History",7.4,1707.0
tt23865942,Sarzameen,2025,137,"Action,Drama,Mystery",3.9,1707.0
tt18884172,Crescent City,2024,103,"Crime,Horror,Mystery",3.9,1710.0
tt36454677,Madras Matinee,2025,135,Drama,7.9,1710.0
tt26958570,Summoning the Spirit,2023,96,"Drama,Horror,Mystery",5.0,1711.0
tt38023049,Vecina,2025,95,Comedy,6.3,1712.0
tt30519830,Winter in Sokcho,2024,104,Drama,6.8,1712.0
tt34207924,Other,2025,95,"Drama,Horror,Thriller",5.0,1713.0
tt33350512,100 Nights of Hero,2025,91,"Drama,Fantasy,Romance",5.9,1713.0
tt34250044,Peter Hujar's Day,2025,76,"Biography,Drama,History",6.2,1713.0
tt36132462,Raktabeej 2,2025,151,"Action,Thriller",6.0,1714.0
tt39387657,Pavane,2026,113,"Drama,Romance",6.9,1716.0
tt32135710,Bromance,2025,150,Drama,5.4,1716.0
tt34688195,Couture,2025,103,Drama,5.7,1716.0
tt24683702,Corona Papers,2023,155,"Action,Drama,Thriller",6.4,1716.0
tt2403439,The Canterville Ghost,2023,89,"Animation,Comedy,Family",5.9,1716.0
tt21114104,A Moroccan Affair,2023,97,Comedy,5.0,1716.0
tt18938680,Broken Wings,2022,110,"Action,Drama,Romance",5.7,1717.0
tt21378968,Trenque Lauquen,2022,262,"Drama,Mystery,Thriller",7.2,1717.0
tt32856857,Chitti - Potti,2024,150,"Drama,Family",9.0,1717.0
tt32186523,Three Kilometres to the End of the World,2024,105,"Drama,Thriller",7.1,1718.0
tt23744022,A Vampire in the Family,2023,89,"Comedy,Fantasy",4.7,1718.0
tt6649234,Be Happy,2025,128,"Drama,Music",6.4,1719.0
tt21057800,Parachute,2023,108,"Comedy,Drama,Romance",6.3,1720.0
tt39196717,Ranapati Shivray Swari Agra,2026,167,"Drama,History",6.0,1720.0
tt30430918,Tati Part Time,2024,101,Comedy,6.2,1720.0
tt18469872,Amanda,2022,93,"Comedy,Drama",6.4,1721.0
tt17501658,Antakshari,2022,121,"Crime,Thriller",6.5,1721.0
tt35423402,The Encampments,2025,81,Documentary,6.6,1722.0
tt12208980,Greatest Days,2023,112,"Comedy,Drama,Music",5.7,1722.0
tt13699132,The Supremes at Earl's All-You-Can-Eat,2024,124,"Comedy,Drama",6.5,1723.0
tt16464084,Stay the Night,2022,89,"Drama,Romance",6.7,1723.0
tt30852149,Blood Barn,2025,76,Horror,4.9,1723.0
tt14402042,Bad Shabbos,2024,84,Comedy,6.4,1724.0
tt16296308,Godless: The Eastfield Exorcism,2023,91,"Crime,Drama,Horror",5.4,1724.0
tt7339862,The Friendship Game,2022,87,"Horror,Sci-Fi",3.3,1724.0
tt33074379,Aabhyanthara Kuttavaali,2025,125,Drama,6.2,1724.0
tt32369229,Blood Brothers: Fury of the Dragon,2025,129,"Action,Crime,Drama",6.9,1725.0
tt14016830,Rite of the Shaman,2022,69,Drama,4.1,1725.0
tt34381460,96 Minutes,2025,117,"Action,Crime,Thriller",5.8,1726.0
tt12915842,Zombivli,2022,134,"Comedy,Drama,Horror",6.7,1726.0
tt14061002,City Rush 3,2023,55,"Action,Crime,Sci-Fi",4.4,1727.0
tt15403362,The Forger,2022,116,"Biography,Drama,History",6.3,1727.0
tt26887171,Petta Rap,2024,123,"Action,Comedy,Musical",3.4,1727.0
tt33029955,One to One: John & Yoko,2024,101,"Biography,Documentary,History",7.2,1728.0
tt13599178,Habji Gabji,2022,127,"Drama,Thriller",6.8,1728.0
tt16230388,Fighting the Fire,2024,115,"Action,Drama",7.9,1728.0
tt28282020,Señora Influencer,2023,100,"Comedy,Thriller",6.9,1729.0
tt26442871,Wildcat,2023,103,"Biography,Drama,Fantasy",5.8,1729.0
tt29383300,An Honest Life,2025,122,"Drama,Mystery,Thriller",5.6,1729.0
tt10283270,Detective vs. Sleuths,2022,101,"Action,Crime,Mystery",6.1,1729.0
tt10381102,Brave the Dark,2023,112,Drama,6.5,1729.0
tt9809006,A Genie's Tail,2022,89,"Comedy,Family",3.9,1730.0
tt32598986,Padmavyuham Lo Chakradhari,2024,110,Family,6.8,1730.0
tt10597204,Hazard,2024,89,Drama,7.0,1730.0
tt12048234,Save the Cinema,2022,109,"Comedy,Drama",6.5,1731.0
tt32864342,Jama,2024,133,Drama,7.8,1732.0
tt25965930,"Romina, VTM",2023,83,"Comedy,Romance",2.9,1733.0
tt13479592,Centaur,2022,89,"Action,Crime,Drama",5.4,1733.0
tt32432654,Girls Like Girls,2026,95,"Drama,Romance",6.6,1733.0
tt31450914,Hear Me: Our Summer,2024,109,"Drama,Romance",7.5,1733.0
tt35052447,Cursa,2025,97,Action,6.1,1733.0
tt30783434,Pinnil Oral,2024,127,"Crime,Family,Horror",7.9,1733.0
tt33028976,731,2025,125,"Drama,History,Horror",3.3,1734.0
tt24082454,Perpetrator,2023,101,Horror,4.5,1734.0
tt18313356,Jericho Ridge,2023,87,"Action,Thriller",6.0,1735.0
tt31182838,Double Tuckerr,2024,120,"Animation,Comedy,Family",5.2,1735.0
tt13934264,When It Rains in LA,2025,80,"Crime,Horror,Thriller",6.1,1736.0
tt27118258,Saindhav,2024,138,"Action,Crime,Drama",5.1,1736.0
tt12847680,The Villa,2022,97,Comedy,5.9,1736.0
tt39320452,Miracle: The Boys of '80,2026,108,"Documentary,History,Sport",7.9,1736.0
tt22039142,Enough for Now,2024,94,Drama,7.4,1736.0
tt23490532,Nachindi Girl Friendu,2022,130,"Action,Thriller",5.0,1736.0
tt38681567,Stephen,2025,123,"Mystery,Thriller",5.4,1737.0
tt21223380,Doraemon the Movie: Nobita's Sky Utopia,2023,107,"Adventure,Animation,Comedy",6.8,1738.0
tt17070412,Franz,2025,127,"Biography,Drama,History",6.2,1738.0
tt21816918,The Painted,2024,85,"Horror,Thriller",4.8,1739.0
tt13126492,Pathonpatham Noottandu,2022,158,"Action,Drama,History",6.7,1740.0
tt34927582,Badnaam,2025,167,"Action,Crime,Drama",5.8,1741.0
tt17146978,The Novelist's Film,2022,92,Drama,6.8,1741.0
tt15137342,Kaadumale,2025,109,"Drama,Sci-Fi",6.2,1742.0
tt26744818,Un Amor,2023,129,"Drama,Romance",6.5,1742.0
tt25868520,Rise of the Conqueror,2026,119,"Action,Adventure,History",6.1,1742.0
tt5851696,"My Sailor, My Love",2022,103,Drama,7.1,1743.0
tt13434866,Spitfire Over Berlin,2022,80,"Action,Drama,War",2.9,1745.0
tt31105992,The Sidemen Story,2024,99,"Biography,Documentary",6.6,1745.0
tt36856538,Trainwreck: P.I. Moms,2025,45,Documentary,4.7,1745.0
tt27139897,The Summer with Carmen,2023,106,Comedy,6.6,1745.0
tt27396895,"Disco, Ibiza, Locomia",2024,104,"Biography,Drama,Music",6.1,1746.0
tt21141136,Plan B,2024,90,"Comedy,Romance",5.9,1746.0
tt18671660,Fullmetal Alchemist: Final Transmutation,2022,142,"Action,Adventure,Fantasy",5.5,1746.0
tt28078628,Soul on Fire,2025,112,"Biography,Drama",6.6,1746.0
tt27712015,Only 3 Days Left,2023,90,"Action,Comedy,Crime",5.3,1746.0
tt38095263,27 Nights,2025,107,"Comedy,Drama",6.4,1747.0
tt7636728,When It Melts,2023,111,Drama,7.2,1748.0
tt21270966,Scrambled,2023,100,"Comedy,Drama",5.9,1749.0
tt27443234,Fatafati,2023,132,Drama,7.2,1751.0
tt31565654,Honeymoonish,2024,100,"Comedy,Romance",5.3,1752.0
tt32395062,Muzzle: City of Wolves,2025,93,"Action,Drama,Horror",4.6,1752.0
tt22900124,Orgasm Inc: The Story of OneTaste,2022,89,"Crime,Documentary",5.7,1754.0
tt37284198,The Legend of Hei 2,2025,120,"Action,Adventure,Animation",8.0,1755.0
tt14330672,Goodbye Julia,2023,115,"Crime,Drama",7.7,1755.0
tt28523838,Exhibiting Forgiveness,2024,117,Drama,6.9,1755.0
tt23024514,Ballabhpurer Roopkotha,2022,136,"Comedy,Horror",8.0,1756.0
tt26768685,Rabb Da Radio 3,2024,119,"Drama,Romance",7.2,1756.0
tt14197038,The Piper,2023,95,"Horror,Music,Mystery",4.6,1756.0
tt27210519,Devo,2024,94,"Documentary,Music",7.6,1756.0
tt16194408,Water Gate Bridge,2022,153,"Action,Drama,History",5.6,1756.0
tt32887283,The Quiet Ones,2024,110,"Action,Crime",6.0,1756.0
tt10245106,Dreamin' Wild,2022,111,"Biography,Drama,Music",6.4,1757.0
tt15352048,Reloaded 2,2024,45,"Action,Crime,Romance",6.3,1759.0
tt14578410,The Way Out,2022,94,"Drama,Horror,Mystery",5.0,1759.0
tt15745226,Darby and the Dead,2022,100,"Comedy,Drama,Fantasy",5.7,1760.0
tt21438352,Is That Black Enough for You?!?,2022,135,"Documentary,History",7.2,1760.0
tt14045614,Croc!,2022,85,"Action,Horror",2.6,1760.0
tt26507543,Air Mata di Ujung Sajadah,2023,105,Drama,6.8,1762.0
tt32429174,Calle Málaga,2025,116,"Drama,Romance",7.1,1762.0
tt36435352,Blackmail,2025,121,"Crime,Thriller",5.8,1764.0
tt8290476,Blank,2022,94,"Drama,Sci-Fi,Thriller",4.7,1765.0
tt10789216,Diary of a Spy,2022,99,"Drama,Mystery,Romance",6.0,1766.0
tt27502360,Terrestrial Verses,2023,77,Drama,7.2,1767.0
tt11851698,Dio: Dreamers Never Die,2022,127,"Biography,Documentary,Music",8.4,1767.0
tt37379350,Paramapadha Sopanam,2025,106,"Action,Crime,Thriller",9.1,1769.0
tt30319555,Frida,2024,87,"Animation,Documentary",7.5,1770.0
tt14860210,Father & Soldier,2022,98,"Action,Drama,History",6.0,1770.0
tt26885613,Hamare Baarah,2024,148,Drama,7.1,1771.0
tt35682880,The Devil's Chair,2025,102,Drama,6.5,1772.0
tt18163814,Stockholm Bloodbath,2023,145,"Action,Comedy,History",4.8,1772.0
tt27610443,Saba Nayagan,2023,155,"Comedy,Romance",6.8,1773.0
tt21917050,Not Reachable,2022,120,Crime,6.9,1774.0
tt15474896,Brother,2022,119,"Drama,Music",6.8,1774.0
tt19874970,Blink,2024,136,"Sci-Fi,Thriller",6.9,1774.0
tt21241942,Buddy Games: Spring Awakening,2023,91,Comedy,4.6,1774.0
tt23752056,Mission: Chapter 1,2024,144,"Action,Thriller",5.9,1774.0
tt31592660,Sumala,2024,112,"Horror,Thriller",5.8,1775.0
tt15198592,I'm Going to Have a Good Time,2022,105,"Comedy,Musical,Romance",6.6,1777.0
tt26448005,Rebels of Thupakula Gudem,2023,143,"Comedy,Crime,Drama",6.9,1777.0
tt6176336,Hagen,2024,139,"Action,Drama,Fantasy",6.0,1778.0
tt15210874,Bommala Koluvu,2022,106,"Crime,Drama,Mystery",7.3,1778.0
tt32029878,Golden Opulence: 500 Years of Luxury in Anatolia,2024,50,Documentary,9.4,1778.0
tt15340998,Vedha,2022,156,"Action,Drama",6.7,1778.0
tt14604100,Friday the 13th Vengeance 2: Bloodlines,2022,108,Horror,5.2,1780.0
tt13585362,Rocky Road to Berlin,2024,104,Adventure,7.2,1780.0
tt22852560,The Disappearance of Josef Mengele,2025,135,"Biography,Drama,History",6.9,1781.0
tt22093684,Oye Bhootni Ke,2025,149,"Comedy,Horror",4.1,1782.0
tt12276028,Krazy House,2024,89,"Comedy,Horror",4.8,1782.0
tt15441522,On the Wandering Paths,2023,95,Drama,6.6,1782.0
tt33355888,Vindicating Trump,2024,96,Documentary,4.1,1782.0
tt35495052,The Family McMullen,2025,110,"Comedy,Drama,Romance",6.0,1782.0
tt6337816,Monica,2022,106,Drama,6.3,1784.0
tt14820500,Men of Deeds,2022,105,"Comedy,Crime,Drama",7.2,1786.0
tt4194974,The Man from Rome,2022,116,"Crime,Mystery,Thriller",5.2,1787.0
tt16150082,Hobal,2024,114,Drama,7.7,1789.0
tt20215670,Fatum,2023,91,"Action,Adventure,Crime",5.8,1789.0
tt39314348,A Gorilla Story: Told by David Attenborough,2026,90,"Documentary,Family",8.0,1792.0
tt34605805,Love at 39 Degrees,2024,115,"Comedy,Romance",5.6,1793.0
tt28326501,The Little Sister,2025,108,Drama,6.8,1793.0
tt23806182,Naughty,2023,107,"Drama,Romance",4.5,1793.0
tt34896285,The Love Scam,2025,101,"Comedy,Romance",6.1,1793.0
tt32613601,Successor,2024,133,"Comedy,Drama",6.7,1793.0
tt26673530,The Action Pack,2023,99,"Action,Comedy,Crime",4.9,1794.0
tt34895052,Tur Rehberi,2025,109,Comedy,5.4,1794.0
tt22207772,GeetaSakshigaa,2023,136,Drama,6.1,1794.0
tt22202450,Escobank,2025,96,Action,6.0,1794.0
tt20199286,Eternal Spring,2022,86,"Animation,Documentary",7.0,1795.0
tt31450976,The Tigers,2025,109,"Crime,Thriller",6.4,1795.0
tt19811786,Another One,2022,120,Comedy,5.7,1797.0
tt29472617,Cyberbunker: The Criminal Underworld,2023,101,"Crime,Documentary",6.4,1798.0
tt31457736,Kingdom 4: Return of the Great General,2024,145,"Action,Drama,History",7.2,1798.0
tt33990511,Megan Thee Stallion: In Her Words,2024,112,Documentary,7.4,1800.0
tt15554778,Madhuram Jeevamruthabindu,2025,115,Family,6.0,1801.0
tt15502356,Family Dinner,2022,97,"Drama,Horror,Mystery",5.7,1801.0
tt11603828,Super Machi,2022,132,"Action,Family,Romance",4.3,1802.0
tt10687220,Nikamma,2022,152,"Action,Comedy,Drama",2.8,1803.0
tt23952060,Katha Venuka Katha,2023,121,"Crime,Thriller",6.8,1804.0
tt14044924,Hi-Five,2025,119,"Action,Adventure,Comedy",6.5,1805.0
tt15464742,Kali Jotta,2023,130,Romance,7.4,1806.0
tt22868842,Lonely Castle in the Mirror,2022,116,"Adventure,Animation,Drama",7.0,1806.0
tt22085392,Satanic Hispanics,2022,112,Horror,5.8,1806.0
tt31242102,Solo Boy,2025,133,Romance,6.8,1807.0
tt33034505,Pechi,2024,110,"Fantasy,Horror",5.5,1807.0
tt21237108,Judaa Hoke Bhi,2022,121,"Horror,Thriller",5.1,1808.0
tt28497675,The Park Maniac,2024,103,"Crime,Drama",4.9,1808.0
tt8889818,Stowaway,2022,94,Thriller,3.4,1810.0
tt24079846,Heroic,2023,88,"Drama,Thriller",6.7,1811.0
tt27425654,Chal Zindagi,2023,130,"Adventure,Drama",5.9,1811.0
tt27922374,Chang An,2023,168,"Animation,History",7.5,1812.0
tt28754394,Monster Inside: America's Most Extreme Haunted House,2023,87,"Crime,Documentary,Horror",5.4,1812.0
tt18073134,Conjugal Visit,2022,120,"Drama,Romance",6.7,1814.0
tt13514636,Rock Hudson: All That Heaven Allowed,2023,104,"Biography,Documentary",7.3,1815.0
tt27056116,The Memory Game,2023,107,"Mystery,Thriller",6.2,1816.0
tt43595399,Shipwrecked: Nightmare at Sea,2026,87,Documentary,6.5,1816.0
tt27476906,When the Light Breaks,2024,82,Drama,6.6,1816.0
tt23778430,Mother Couch,2023,96,"Comedy,Drama",5.2,1817.0
tt6549510,Kill Em All 2,2024,88,Action,4.1,1817.0
tt25260664,Furies,2022,109,"Action,Crime,Thriller",5.9,1817.0
tt14905554,She Came from the Woods,2022,101,"Adventure,Comedy,Horror",4.6,1819.0
tt14592998,The Railway Children Return,2022,99,"Adventure,Drama,Family",5.6,1819.0
tt28117942,Best Wishes to All,2023,89,"Horror,Mystery",6.1,1819.0
tt21451014,Unicorns,2023,119,"Drama,Romance",7.3,1819.0
tt27725206,Little Bites,2024,105,"Drama,Horror",4.7,1820.0
tt35419807,Bou Buttu Bhuta,2025,176,"Horror,Thriller",7.7,1820.0
tt23898856,Sentinelle,2023,99,"Action,Comedy,Crime",5.1,1821.0
tt12611906,Bismillah,2022,156,"Drama,Music",6.3,1822.0
tt27704325,Out of Season,2023,115,Drama,6.4,1822.0
tt30826955,Stand Your Ground,2025,99,"Action,Crime,Thriller",4.7,1822.0
tt32641442,Merrily We Roll Along,2025,145,Musical,7.2,1822.0
tt22029194,Spin the Bottle,2024,124,Horror,3.7,1823.0
tt21442114,Valiant One,2025,86,Thriller,4.9,1823.0
tt29685033,Murder Company,2024,86,"Action,War",3.7,1823.0
tt15097236,Natchathiram Nagargirathu,2022,170,"Drama,Romance",6.8,1824.0
tt13361648,The New Toy,2022,112,Comedy,5.9,1826.0
tt17517876,Locked-in Society,2022,101,Comedy,6.2,1826.0
tt11797376,Lost & Found,2022,100,"Crime,Drama,Thriller",5.5,1826.0
tt7440124,The Harbinger,2022,114,"Drama,Fantasy,Horror",3.6,1827.0
tt13580484,The Piper,2023,105,"Fantasy,Horror",5.3,1827.0
tt15166394,Hi Five: Fun and Gun,2022,120,"Action,Comedy,Crime",7.7,1828.0
tt27494634,B&W,2023,99,Mystery,7.9,1829.0
tt27846110,Call Her King,2023,99,"Action,Thriller",4.2,1829.0
tt21109170,Signal One,2026,87,"Mystery,Sci-Fi",5.5,1830.0
tt21906206,Hotel for the Holidays,2022,84,"Comedy,Family,Romance",5.2,1833.0
tt18246324,Kaalamega Karigindhi..?,2025,110,Romance,6.0,1834.0
tt14927880,Sublime,2022,100,Drama,6.4,1835.0
tt22398528,Alice in Terrorland,2023,77,Horror,2.7,1836.0
tt15457802,Ooru Peru Bhairavakona,2024,133,"Fantasy,Thriller",5.6,1837.0
tt36456563,Magellan,2025,160,"Adventure,Biography,Drama",6.3,1837.0
tt15554410,Aaja Mexico Challiye,2022,125,"Drama,Thriller",7.1,1838.0
tt15426740,KSI: In Real Life,2023,93,Documentary,7.0,1839.0
tt18272884,Padre Pio,2022,104,"Biography,Drama",4.4,1840.0
tt37961727,A Time for Bravery,2025,107,"Comedy,Crime",6.2,1842.0
tt34509472,The Old Woman with the Knife,2025,133,"Action,Crime,Thriller",6.1,1844.0
tt19848676,Riley,2023,93,Drama,6.6,1844.0
tt27906298,Eldorado: Everything the Nazis Hate,2023,92,"Documentary,Drama,History",7.5,1844.0
tt10406410,Lies We Tell,2023,89,"Crime,Mystery,Thriller",6.5,1845.0
tt32150119,The Thinking Game,2024,84,"Animation,Documentary,Sci-Fi",7.6,1845.0
tt22694908,My Sunshine,2024,90,"Drama,Sport",6.9,1845.0
tt15427952,Anaganaga Oka Raju,2026,150,"Comedy,Family",6.2,1846.0
tt14099796,The Goldfinger,2023,126,"Action,Crime,Drama",6.2,1848.0
tt23951384,The Colors Within,2024,101,"Animation,Drama,Music",7.0,1848.0
tt28516588,Wesh X Wesh,2023,120,Comedy,7.4,1849.0
tt18180926,The New Boy,2023,116,"Drama,Fantasy,History",5.7,1849.0
tt26685759,Bheemadevarapally Branchi,2023,134,Family,7.2,1849.0
tt21379370,Rechipodam Brother,2022,123,"Action,Thriller",6.5,1850.0
tt27865276,Hunting Jessica Brok,2025,134,"Action,Thriller",5.9,1851.0
tt5095076,Wardriver,2026,93,Thriller,5.5,1851.0
tt12726428,Stromboli,2022,86,Drama,6.0,1851.0
tt32278054,House Mates,2025,129,"Comedy,Horror",7.3,1852.0
tt28444113,Lucky Winners,2024,103,Comedy,6.3,1852.0
tt16970906,Sheroes,2023,91,"Action,Adventure,Comedy",3.3,1853.0
tt12444168,Don't Tell Mom the Babysitter's Dead,2024,99,Comedy,4.2,1853.0
tt15399286,Lynch/Oz,2022,108,Documentary,6.9,1854.0
tt27665778,Horizon: An American Saga - Chapter 2,2024,190,"Drama,Western",7.0,1854.0
tt14636190,Aqua Teen Forever: Plantasm,2022,79,"Animation,Comedy",6.2,1854.0
tt28657879,Lucca's World,2025,96,Drama,6.9,1855.0
tt24491976,Melania,2022,51,"Biography,Documentary",1.1,1855.0
tt32362515,The Paradise of Thorns,2024,131,"Drama,Thriller",7.6,1858.0
tt13761148,Intersection: Glad to Have You Eren,2022,98,"Biography,Drama",7.3,1858.0
tt8950154,Joe Baby,2024,86,"Action,Thriller",5.6,1858.0
tt15847880,Evil Eye,2022,100,Horror,5.6,1859.0
tt33810459,Uruttu Factory,2024,88,Documentary,8.5,1859.0
tt32149731,¡Casa Bonita Mi Amor!,2024,88,Documentary,7.5,1859.0
tt31174028,Mai,2024,131,"Drama,Romance",6.9,1860.0
tt37897558,Others,2025,133,"Action,Crime,Thriller",6.7,1861.0
tt30954952,Safe House,2025,90,"Action,Thriller",5.4,1863.0
tt38781091,Madhuvidhu,2026,125,"Comedy,Drama,Family",6.5,1863.0
tt22643896,Love & Revolution,2023,108,"Comedy,Drama",7.0,1864.0
tt7478314,The Pay Day,2022,93,"Comedy,Crime,Thriller",6.1,1864.0
tt29941084,Monster,2023,86,"Horror,Mystery,Thriller",4.7,1864.0
tt23726308,Masooda,2022,160,"Horror,Thriller",7.2,1867.0
tt23769946,A World Apart,2024,113,"Comedy,Drama",6.4,1867.0
tt24248198,Adult Swim Yule Log,2022,91,"Comedy,Horror",6.3,1867.0
tt27843055,Boo,2023,93,"Horror,Thriller",5.0,1867.0
tt20729172,Hoard,2023,126,Drama,6.4,1870.0
tt30343126,"Miss You, Love You",2026,97,Drama,6.8,1870.0
tt13315432,Bless Me Father,2023,91,\N,4.5,1870.0
tt10398318,The Nan Movie,2022,95,"Adventure,Comedy",4.8,1871.0
tt10846008,Bobcat Moretti,2022,96,Drama,5.7,1875.0
tt23772282,PT Sir,2024,130,"Comedy,Crime",6.8,1875.0
tt5674658,Kensuke's Kingdom,2023,85,"Adventure,Animation",6.9,1875.0
tt24067986,Sthanarthi Sreekuttan,2024,135,Comedy,6.9,1875.0
tt16427902,Bionic,2024,110,"Action,Adventure,Sci-Fi",4.3,1876.0
tt18224682,Biggest Heist Ever,2024,85,"Biography,Crime,Documentary",6.1,1876.0
tt13389730,Simone: Woman of the Century,2022,140,"Biography,Drama,History",6.8,1877.0
tt15839898,Gandharwa,2022,131,"Action,Drama,Thriller",6.7,1877.0
tt27406675,Il migliore dei mondi,2023,102,"Comedy,Drama,Sci-Fi",6.2,1877.0
tt29298085,Marco,2024,101,"Biography,Drama",6.9,1877.0
tt29101725,Killing Faith,2025,108,"Thriller,Western",5.6,1878.0
tt14542504,The Great Seduction,2023,94,Comedy,6.5,1879.0
tt27560723,Everything's Going to Be Great,2025,95,"Comedy,Drama,Music",5.6,1879.0
tt14325028,Box: Metaphor,2023,78,"Sci-Fi,Thriller",3.1,1880.0
tt22437050,Wild Is the Wind,2022,123,"Crime,Drama",5.6,1882.0
tt26597953,The Successor,2023,112,"Drama,Thriller",6.7,1886.0
tt16073638,Nyctophobia,2024,90,"Drama,Fantasy,Horror",6.1,1886.0
tt25506052,Choo Mantar,2025,142,Horror,7.0,1886.0
tt27208407,Please Don't Feed the Children,2024,93,"Adventure,Crime,Drama",4.6,1886.0
tt18269838,Olivia Rodrigo: driving home 2 u (a SOUR film),2022,76,"Biography,Documentary,Music",7.3,1887.0
tt37649515,Jim Jefferies: Two Limb Policy,2025,63,"Comedy,Documentary,Talk-Show",6.8,1888.0
tt13308316,Babysitter,2022,87,"Comedy,Drama,Mystery",6.1,1890.0
tt34945265,Maspalomas,2025,115,Drama,7.2,1891.0
tt34388866,The Lychee Road,2025,122,"Comedy,Drama,History",6.8,1891.0
tt22299436,The Astronaut Lovers,2024,116,"Comedy,Drama,Romance",7.1,1892.0
tt14670198,Pellikuturu Party,2022,\N,Comedy,6.9,1893.0
tt27052428,Orwell: 2+2=5,2025,119,"Biography,Documentary,History",6.8,1893.0
tt15028848,Rama Rao on Duty,2022,146,"Action,Crime,Drama",5.0,1894.0
tt14976386,Forever Young,2022,126,"Comedy,Drama",6.5,1894.0
tt32843325,Creation of the Gods II: Demon Force,2025,145,"Action,Drama,Fantasy",6.2,1895.0
tt37989803,Revenge,2026,103,"Action,Crime,Thriller",5.5,1895.0
tt14874302,At Midnight,2023,100,"Comedy,Romance",5.6,1898.0
tt16378298,Meet Me in the Bathroom,2022,105,"Documentary,Music",6.7,1898.0
tt30057173,Bad Man,2025,98,"Action,Comedy,Crime",4.8,1901.0
tt33037773,Sumathi Valavu,2025,139,Horror,5.6,1902.0
tt27561990,Dasham Avatar,2023,151,"Action,Thriller",5.9,1903.0
tt21628198,Rise of the Footsoldier: Vengeance,2023,112,Action,5.9,1904.0
tt32203531,Frankie Freako,2024,85,"Comedy,Horror",5.5,1904.0
tt13650494,Chang Can Dunk,2023,109,"Drama,Family,Sport",6.3,1904.0
tt24326462,One Mile: Chapter Two,2026,83,"Action,Drama,Thriller",5.0,1906.0
tt32986431,Queens of the Dead,2025,101,"Comedy,Horror",5.3,1907.0
tt10551654,Under the Boardwalk,2023,87,"Adventure,Animation,Comedy",5.9,1907.0
tt32398150,The Great Arch,2025,107,"Biography,Drama,History",6.9,1908.0
tt27737950,Blackbird Blackbird Blackberry,2023,110,Drama,7.1,1908.0
tt34959070,Trimukha,2026,125,Thriller,7.1,1910.0
tt22311492,Nazar Andaaz,2022,103,"Comedy,Drama",7.2,1911.0
tt13797216,Damon's Revenge,2022,89,"Action,Horror",2.7,1912.0
tt12553046,The Loneliest Boy in the World,2022,91,"Comedy,Horror,Thriller",5.1,1914.0
tt12336480,Daughters,2024,108,Documentary,7.5,1914.0
tt34705112,Busboys,2026,97,Comedy,4.3,1916.0
tt32642156,The Shrinking Man,2025,99,"Adventure,Sci-Fi",5.8,1917.0
tt21115444,Even If This Love Disappears from the World Tonight,2022,121,"Drama,Romance",7.4,1918.0
tt21230074,Safe Place,2022,103,Drama,7.2,1919.0
tt22889164,Bedurulanka 2012,2023,149,"Action,Comedy,Drama",5.8,1919.0
tt11569658,Snow Falls,2023,79,Horror,3.1,1919.0
tt13782222,"Alexander and the Terrible, Horrible, No Good, Very Bad Road Trip",2025,96,"Comedy,Family",5.0,1921.0
tt21482312,Hesitation Wound,2023,84,Drama,6.6,1922.0
tt15766876,Holy Night: Demon Hunters,2025,91,"Action,Fantasy,Horror",4.8,1923.0
tt21026586,Karan Arjun,2022,106,"Action,Thriller",5.0,1923.0
tt10329560,H Is for Hawk,2025,119,Drama,6.5,1923.0
tt27587529,Mørkeland,2024,99,"Drama,Thriller",6.2,1923.0
tt36639986,I Am Frankelda,2025,114,"Animation,Family,Fantasy",6.9,1923.0
tt30764843,Breakfast with Giraffes,2024,97,"Comedy,Drama",5.8,1924.0
tt15300538,Tom,2022,85,Horror,2.6,1926.0
tt30406302,Perusu,2025,125,Comedy,6.2,1927.0
tt21051458,Chittam Maharani,2022,125,"Drama,Romance",6.5,1927.0
tt22804850,The Sand Castle,2024,98,"Drama,Fantasy,Mystery",4.7,1929.0
tt31828346,Little Siberia,2025,105,"Comedy,Crime,Drama",5.2,1930.0
tt32621553,Dora and the Search for Sol Dorado,2025,96,"Action,Adventure,Comedy",5.5,1931.0
tt18327788,Superpower,2023,115,"Documentary,War",6.0,1932.0
tt13761284,Shaakuntalam,2023,149,"Drama,Fantasy,Romance",4.3,1933.0
tt8142672,Aadu 3,2026,168,"Action,Adventure,Comedy",6.2,1933.0
tt37436190,Match,2025,99,Horror,5.3,1935.0
tt13487922,1UP,2022,100,"Comedy,Sport",3.6,1935.0
tt23630030,Harbin,2024,108,"Action,Biography,Crime",6.3,1935.0
tt15685360,You Gotta Believe,2024,104,"Drama,Family,Sport",5.9,1936.0
tt29063558,Jatt & Juliet 3,2024,135,"Comedy,Romance",5.3,1936.0
tt14628220,Forty Winks,2022,80,"Comedy,Crime,Drama",6.1,1937.0
tt29633969,Jönssonligan kommer tillbaka,2024,104,"Comedy,Crime",5.9,1938.0
tt34463310,Detective Chinatown 1900,2025,136,"Comedy,Drama,Mystery",6.0,1938.0
tt20255028,Uproar,2023,110,Drama,6.7,1939.0
tt27141553,Hello Meera,2023,93,Drama,6.9,1939.0
tt27795356,Ransomed,2023,132,"Action,Comedy,Drama",6.6,1940.0
tt28552695,A Life Too Short: The Isabella Nardoni Case,2023,104,"Crime,Documentary",6.1,1942.0
tt13004760,Grrr...,2024,121,"Comedy,Drama,Family",4.2,1943.0
tt33712667,A Line of Fire,2025,90,"Action,Drama,Thriller",3.6,1944.0
tt21818370,Thuglaq,2022,130,Romance,7.6,1944.0
tt16347374,Mañana es hoy,2022,118,Comedy,5.5,1944.0
tt6317762,Space Oddity,2022,92,"Comedy,Romance,Sci-Fi",5.5,1946.0
tt29927144,Once Upon My Mother,2025,102,"Comedy,Drama",6.9,1947.0
tt19056070,Quicksand,2023,86,"Drama,Horror,Thriller",4.3,1948.0
tt21740806,New,2022,105,"Comedy,Romance",7.8,1950.0
tt13580840,Simon,2023,99,Drama,7.5,1950.0
tt27922369,Johnny Keep Walking!,2023,117,"Comedy,Drama",7.3,1952.0
tt10994712,Sri Asih,2022,135,"Action,Adventure,Drama",6.0,1953.0
tt32210485,Second Victims,2025,92,Drama,7.5,1953.0
tt26690921,The Wrecker,2025,95,"Action,Thriller",5.2,1954.0
tt23666832,Ome Cor,2022,88,"Comedy,Drama",6.0,1955.0
tt14507394,Hellfire,2026,95,"Action,Drama,Thriller",4.7,1955.0
tt12769908,Heroes of Halyard,2023,139,"Biography,Drama,History",6.8,1956.0
tt36673871,Bigfoot: Blood on the Farm,2025,62,Horror,5.0,1956.0
tt3326138,The Last Deal,2023,91,"Action,Crime,Thriller",4.6,1957.0
tt14037272,The System,2022,97,"Action,Crime",4.3,1957.0
tt33084735,Sangee,2025,102,Comedy,7.4,1961.0
tt21862626,Kids vs. Aliens,2022,75,"Horror,Sci-Fi",5.0,1961.0
tt42203456,Love Oh Love,2026,150,Romance,9.6,1962.0
tt28372289,Paramporul,2023,146,"Action,Thriller",6.9,1962.0
tt12952376,Larry,2022,108,Drama,7.7,1962.0
tt32252801,Blue Heron,2025,91,Drama,7.1,1963.0
tt37161609,Sky,2026,134,Drama,7.9,1965.0
tt30700695,Lilies Not for Me,2024,99,"Drama,Romance",7.1,1966.0
tt16219768,Grey: The Spy Who Loved Me,2023,\N,Thriller,7.1,1969.0
tt15561202,Fight Club,2023,135,Action,5.5,1969.0
tt14577304,Fortress: Sniper's Eye,2022,87,"Action,Thriller",3.0,1969.0
tt21279122,Remember,2022,128,"Action,Crime,Drama",6.8,1970.0
tt15299406,Hadik,2023,108,"Action,Adventure,Biography",4.6,1970.0
tt15340206,Resurrected,2023,97,"Horror,Sci-Fi",5.3,1971.0
tt11347146,Mat Kilau,2022,117,"Action,Adventure,Drama",5.5,1971.0
tt11122910,Durgo Rahasya,2023,120,"Drama,Mystery,Thriller",5.6,1973.0
tt10602132,Something Is About to Happen,2023,122,"Horror,Romance",5.9,1973.0
tt32220831,Following,2024,102,"Mystery,Thriller",6.5,1974.0
tt27214365,Trunk: Locked In,2023,96,"Drama,Thriller",5.3,1974.0
tt31029309,Pignorant,2024,102,Documentary,8.1,1974.0
tt33310930,Maine Pyar Kiya,2025,147,"Action,Drama,Romance",5.0,1974.0
tt30308957,Love Forever,2025,96,"Comedy,Romance",5.2,1975.0
tt12689248,The Commando,2022,93,"Action,Thriller",3.4,1975.0
tt30973842,The Gardener,2025,110,"Action,Comedy",4.2,1976.0
tt8206398,The Magic Flute,2022,125,"Adventure,Fantasy,Musical",5.6,1976.0
tt27629220,Xeno,2025,103,"Adventure,Drama,Mystery",5.1,1976.0
tt14799576,The Secret Kingdom,2023,98,"Adventure,Family,Fantasy",4.9,1976.0
tt34247440,Bir Cumhuriyet Sarkisi,2024,128,"Biography,Drama,History",7.4,1977.0
tt29919979,Prom Dates,2024,86,Comedy,5.2,1977.0
tt8595016,My Old School,2022,104,"Biography,Documentary",7.1,1978.0
tt12253164,Metronom,2022,102,Drama,6.6,1980.0
tt15507128,The Trouble with Jessica,2023,89,Comedy,5.8,1981.0
tt18072540,The Communion Girl,2022,98,Horror,5.2,1981.0
tt27263807,45,2025,144,"Action,Fantasy",5.8,1981.0
tt11069220,Shrapnel,2023,89,"Action,Adventure,Thriller",5.0,1982.0
tt33381401,The Love That Remains,2025,109,"Comedy,Drama,Family",6.8,1982.0
tt15433754,Kishmish,2022,141,"Comedy,Drama,Romance",6.7,1982.0
tt14555174,Assassin,2023,88,"Action,Crime,Sci-Fi",3.3,1983.0
tt14275050,More Than Ever,2022,123,"Drama,Romance",6.6,1984.0
tt15373594,Ashoka Vanamlo Arjuna Kalyanam,2022,149,"Drama,Romance",7.4,1984.0
tt10198564,Bullet Proof,2022,96,Action,4.3,1984.0
tt15943258,Pipa,2022,115,"Crime,Drama,Mystery",4.5,1984.0
tt40600613,HBD Prathik Jain Tumkur March 19,2026,\N,Biography,7.6,1985.0
tt21735972,Where the Tracks End,2023,95,"Comedy,Drama,Family",7.1,1985.0
tt16077750,Ikshu,2022,124,"Action,Drama",7.0,1989.0
tt4974812,Cryptid,2022,114,"Horror,Thriller",4.6,1989.0
tt21111348,Baris Akarsu: Merhaba,2022,115,"Biography,Drama,Music",5.8,1990.0
tt13866866,Puan,2023,109,"Comedy,Drama",6.5,1991.0
tt15840614,Darja,2022,130,"Action,Drama",6.2,1991.0
tt31474158,Detective Conan: The Million-Dollar Pentagram,2024,111,"Animation,Mystery,Romance",6.7,1991.0
tt33503554,Naa Ninna Bidalaare,2024,142,Thriller,6.6,1992.0
tt36591419,Man Finds Tape,2025,84,"Horror,Mystery,Thriller",5.2,1993.0
tt15340808,Gold,2022,165,"Comedy,Drama,Thriller",4.7,1994.0
tt14617254,The Accursed,2022,97,Horror,4.2,1996.0
tt25504694,Route No 17,2023,112,"Drama,Thriller",7.2,1996.0
tt28547657,The Girl in the Pool,2024,89,"Drama,Mystery,Thriller",4.3,1997.0
tt21376900,Bobi Wine: The People's President,2022,113,Documentary,7.1,1997.0
tt9288740,Dear David,2023,94,"Horror,Thriller",3.9,1998.0
tt15745084,V for Vengeance,2022,86,"Action,Adventure,Horror",4.2,1998.0
tt12885338,How I Learned to Fly,2022,87,"Comedy,Drama,Family",7.9,1998.0
tt32857110,Bohurupi,2024,155,"Action,Crime,Drama",7.8,1999.0
tt22180518,Disco Boy,2023,92,Drama,6.3,2000.0
tt14589916,The Hummingbird,2022,126,Drama,6.3,2000.0
tt31777964,Guru,2025,126,"Drama,Thriller",6.1,2000.0
tt23556804,Take Your Pills: Xanax,2022,79,Documentary,6.1,2000.0
tt36835726,Gopi Galla Goa Trip (3GT),2025,104,"Adventure,Comedy,Drama",9.0,2001.0
tt22482764,Thriller 40,2023,90,"Documentary,Music",7.9,2002.0
tt24017902,Carousel,2023,93,Horror,4.7,2003.0
tt33030125,Seeking Haven for Mr. Rambo,2024,100,Drama,8.0,2004.0
tt15840674,Madhurapudi Gramam Ane Nenu,2023,101,Crime,7.9,2004.0
tt22394702,Detective Knight: Independence,2023,91,"Action,Crime,Mystery",3.4,2004.0
tt29959426,Praveen Ips,2024,135,Drama,8.9,2005.0
tt14909314,Burn All My Letters,2022,120,"Biography,Drama,History",6.1,2005.0
tt12873300,Sight,2023,103,"Biography,Drama,History",6.6,2006.0
tt21100430,Meelo Okadu,2022,146,"Drama,Family",8.0,2007.0
tt27672387,Jokes & Cigarettes,2023,117,"Biography,Comedy,Drama",7.1,2007.0
tt32451344,Mysteries of the Terracotta Warriors,2024,77,"Documentary,History",6.7,2007.0
tt22803220,National Anthem,2023,99,Drama,6.3,2007.0
tt13885492,Little Richard: I Am Everything,2023,101,"Biography,Documentary,Music",7.4,2008.0
tt22091698,Someone Borrowed,2022,107,"Comedy,Romance",5.7,2010.0
tt21076374,Balamevvadu,2022,120,"Crime,Drama,Romance",6.6,2010.0
tt18163024,Cherasaala,2022,140,\N,8.5,2011.0
tt14149544,Stories Not to Be Told,2022,100,"Action,Comedy,Drama",6.2,2011.0
tt23453382,The Final Contestant,2023,74,Drama,8.2,2011.0
tt20251822,A Man,2022,121,"Drama,Mystery,Romance",6.9,2012.0
tt29402528,Doraemon the Movie: Nobita's Earth Symphony,2024,115,"Adventure,Animation,Comedy",6.6,2013.0
tt26245982,Afternoons of Solitude,2024,125,"Documentary,Drama",7.1,2013.0
tt2071590,Spinning Gold,2023,137,"Biography,Drama,Music",5.9,2014.0
tt32898016,Wynonna Earp: Vengeance,2024,96,"Action,Drama,Fantasy",5.5,2016.0
tt38633456,School Life,2025,158,"Drama,Romance",8.1,2016.0
tt32367116,The Things You Kill,2025,114,"Drama,Thriller",6.5,2017.0
tt16899584,The Beatles: Get Back - The Rooftop Concert,2022,65,"Documentary,Music",8.9,2017.0
tt21916206,The Perfumier,2022,96,"Crime,Drama,Mystery",3.6,2017.0
tt11826240,Lalitham Sundharam,2022,120,"Comedy,Drama,Family",6.1,2017.0
tt12735856,Nenu C/o Nuvvu,2022,113,"Drama,Romance",7.8,2017.0
tt16901072,Bhala Chora Bhala,2022,88,"Adventure,Drama,Thriller",8.6,2018.0
tt11464446,Anything's Possible,2022,99,"Comedy,Drama,Romance",5.7,2018.0
tt30886032,Way Home,2024,98,"Drama,Thriller,War",6.4,2018.0
tt26489351,Jagamerigina Satyam,2025,141,Drama,6.9,2020.0
tt26699538,Samajavaragamana,2023,140,"Comedy,Drama,Family",7.4,2020.0
tt32249940,Riefenstahl,2024,115,"Biography,Documentary,History",7.2,2021.0
tt13892718,Atithi Bhooto Bhava,2022,114,"Comedy,Drama,Romance",6.2,2024.0
tt23638596,Manninchava,2022,130,"Drama,Romance",7.5,2025.0
tt30895834,Giannis: The Marvelous Journey,2024,109,"Documentary,Sport",8.3,2025.0
tt35498472,Bramhanda,2025,133,\N,6.0,2025.0
tt20223526,1996 Dharmapuri,2022,132,"Action,Drama,Romance",6.6,2026.0
tt11731024,Iravin Nizhal,2022,122,"Action,Drama,Mystery",6.5,2026.0
tt42952864,Sherr,2026,130,"Action,Thriller",9.2,2027.0
tt32491118,Big Brother,2024,115,Action,8.5,2027.0
tt39370732,Bershama,2026,105,Comedy,7.2,2027.0
tt28298505,Sommartider,2024,101,Drama,6.7,2027.0
tt33256586,Chiquita,2025,46,"Drama,Mystery",4.5,2028.0
tt33773297,Kallu Compound 1995,2024,140,"Action,Family",6.6,2029.0
tt20771990,Spark 1.0,2022,134,"Action,Drama",7.8,2029.0
tt30781967,Eagles of the Republic,2025,129,"Action,Drama,Thriller",6.6,2029.0
tt37920769,Bride Squad 2,2025,103,Comedy,4.5,2030.0
tt25811580,Perfume,2023,122,"Romance,Thriller",7.7,2030.0
tt10399622,Inside the Yellow Cocoon Shell,2023,179,Drama,6.7,2032.0
tt15458936,Dukaan,2024,122,Drama,7.4,2032.0
tt32727888,Itlu Mee Cinema,2024,122,Drama,7.5,2032.0
tt15734582,Irati,2022,114,"Action,Adventure,Drama",6.2,2032.0
tt14057604,King of Killers,2023,92,"Action,Adventure,Crime",4.5,2033.0
tt21193010,The Hammer,2023,85,"Biography,Crime,Drama",6.8,2034.0
tt31711509,Haddhu Ledhu Raa,2024,112,Family,6.5,2034.0
tt22353382,Rudraveena,2022,102,"Drama,Romance",7.2,2034.0
tt43187277,Nenuevaru,2026,141,Drama,8.4,2034.0
tt27794567,Jaitra,2023,\N,Comedy,5.8,2035.0
tt36071714,1000 Waala,2025,129,"Action,Drama",8.0,2035.0
tt32081990,Roudhra Rupaya,2024,132,Action,6.9,2035.0
tt19712142,Na venta paduthunna chinnadevadamma,2022,121,"Action,Drama,Romance",7.8,2035.0
tt27791865,Amy Schumer: Emergency Contact,2023,\N,\N,5.2,2036.0
tt33291871,Mathu Vadalara 2,2024,139,"Action,Comedy,Crime",7.0,2036.0
tt33298423,Nandhan,2024,110,Drama,7.4,2036.0
tt23770924,Hostel Hudugaru Bekagiddare,2023,144,Comedy,7.2,2036.0
tt29033964,Diary of a Wimpy Kid Christmas: Cabin Fever,2023,62,"Adventure,Animation,Comedy",5.9,2037.0
tt27078110,Just a Minute,2024,88,Comedy,7.8,2038.0
tt15783520,On Fire,2023,80,"Drama,Mystery,Thriller",5.2,2038.0
tt38942761,Asurvan,2025,135,Thriller,8.0,2038.0
tt33241209,Speed 220,2024,114,Action,7.6,2039.0
tt26457210,The Accident,2023,127,"Horror,Thriller",6.8,2040.0
tt15692408,Zanox,2022,89,"Comedy,Crime,Romance",7.2,2040.0
tt25147850,King Ivory,2024,130,"Crime,Drama,Thriller",6.2,2041.0
tt24807190,BTS: Yet to Come in Cinemas,2023,104,"Documentary,Music",8.5,2041.0
tt32155665,53 Sundays,2026,78,"Comedy,Drama",6.0,2041.0
tt35521703,Descendent,2025,96,"Drama,Horror,Mystery",4.8,2041.0
tt15332976,I Can,2023,85,"Drama,Family,Sport",6.6,2042.0
tt35064377,Brat,2025,155,\N,7.5,2042.0
tt27250815,Mechanic,2024,150,Drama,7.8,2042.0
tt28500558,Silence 2: The Night Owl Bar Shootout,2024,142,"Crime,Drama,Thriller",6.2,2042.0
tt10788058,Come Out Fighting,2022,86,"Action,Adventure,Drama",3.7,2043.0
tt30989795,I Hate You,2024,117,"Romance,Thriller",6.6,2043.0
tt31414473,Babu (No.1 Bullshit Guy),2024,125,Comedy,7.5,2045.0
tt23379618,Clue,2022,111,"Drama,Mystery,Thriller",7.3,2045.0
tt34172063,Faces,2026,130,"Mystery,Romance,Thriller",6.8,2045.0
tt26493916,Sirimalle Puvva,2023,135,Drama,7.1,2045.0
tt38045101,Bad Girlz,2025,136,"Comedy,Romance",9.3,2047.0
tt12764628,The Jack in the Box: Awakening,2022,93,Horror,4.5,2047.0
tt15891774,Rudrakshapuram 3KM,2024,116,Thriller,8.8,2047.0
tt36754289,She Said Maybe,2025,107,"Comedy,Drama,Romance",5.0,2047.0
tt27510150,DD Returns,2023,124,"Comedy,Horror",6.1,2048.0
tt34494076,Hungry,2026,93,"Horror,Thriller",5.0,2048.0
tt25234532,Nuvve Naa Pranam,2022,167,"Drama,Family",8.5,2048.0
tt16794528,Love You Too,2023,161,"Drama,Romance",7.5,2048.0
tt33291011,#Lifestories,2024,104,Drama,8.2,2048.0
tt30070875,Plant Man,2024,121,Comedy,6.8,2049.0
tt23423222,#Kaadal Kahaani,2022,93,"Comedy,Drama,Family",7.7,2049.0
tt27424511,Off the Grid,2025,105,"Action,Drama",4.4,2050.0
tt43090684,Badhu Alright Che,2026,163,"Comedy,Family",8.0,2051.0
tt21111120,The Point Men,2023,108,"Action,Crime,Drama",6.0,2051.0
tt16527290,Wire Room,2022,96,"Action,Thriller",3.7,2051.0
tt16606580,Half Stories,2022,91,"Horror,Thriller",3.7,2051.0
tt12444934,Devil's Workshop,2022,86,"Drama,Horror",3.8,2051.0
tt38984162,Devagudi,2026,152,"Action,Adventure,Drama",1.9,2051.0
tt17080412,Survive,2022,108,"Adventure,Drama,Thriller",4.7,2052.0
tt21827144,Akasha Veedullo,2022,146,"Drama,Romance",6.6,2052.0
tt13924926,In the Forest,2022,83,"Horror,Thriller",3.8,2052.0
tt32909489,Young Mothers,2025,105,Drama,7.0,2053.0
tt23752842,The Heist,2024,120,"Action,Comedy,Crime",6.8,2053.0
tt31947573,Samudrudu,2024,141,Romance,6.2,2053.0
tt33270103,Honey Bunch,2025,113,"Comedy,Drama,Fantasy",5.8,2053.0
tt13153494,Punch,2022,98,"Drama,Romance,Sport",6.3,2053.0
tt32469000,Jenma Natchathiram,2025,120,Thriller,3.9,2054.0
tt33088872,Veekshanam,2024,122,Thriller,7.0,2055.0
tt21618368,Die Hard Fan,2022,131,"Comedy,Drama",7.7,2056.0
tt32644677,Sandeham,2024,119,Drama,7.8,2057.0
tt39172356,Fighter Shiva,2025,132,"Action,Thriller",9.0,2058.0
tt14229154,The Breach,2022,92,"Horror,Mystery",4.8,2058.0
tt21065274,Black Diamond,2025,89,Thriller,5.5,2058.0
tt33338697,The Bibi Files,2024,115,"Biography,Documentary",7.6,2059.0
tt27426266,Gally Gang Stars,2024,157,"Action,Comedy,Crime",8.9,2059.0
tt22054798,Sakalagunabhi Rama,2022,123,"Drama,Family,Romance",7.3,2059.0
tt21308470,Jagannatakam,2022,161,Drama,7.3,2060.0
tt8980468,Sixth Bus,2022,103,"Drama,War",5.7,2060.0
tt36873019,Krishna Leela,2025,125,\N,9.3,2061.0
tt25406412,Inshallah a Boy,2023,113,Drama,7.2,2061.0
tt10949028,As They Made Us,2022,100,"Comedy,Drama",5.8,2062.0
tt30423063,Shaan,2023,121,"Action,Drama,Romance",6.6,2062.0
tt13614388,Little Dixie,2023,105,"Action,Crime,Thriller",4.9,2063.0
tt32178794,Nindha,2024,122,Thriller,7.9,2063.0
tt36215872,Raju Gari Dongalu,2025,115,Crime,8.4,2065.0
tt26733465,Ravikula Raghurama,2024,111,Romance,7.9,2065.0
tt36106718,Artiste,2025,142,"Drama,Thriller",8.5,2065.0
tt23951378,Leheraee,2022,137,Romance,7.5,2066.0
tt25425178,A Journey to Kasi,2023,127,Drama,7.1,2067.0
tt27559748,Nedelja,2024,130,"Biography,Drama",7.1,2067.0
tt8667828,Outlaw Johnny Black,2023,130,"Action,Comedy,Western",5.7,2067.0
tt21932820,Identity,2022,129,Thriller,7.7,2067.0
tt14719838,Kondaveedu,2022,99,"Drama,Thriller",7.6,2067.0
tt32475217,Handsome Guys,2024,101,"Action,Comedy,Horror",6.5,2068.0
tt15193040,Kim Bu Aile?,2022,124,"Action,Comedy",5.5,2068.0
tt22000754,Paga Paga Paga,2022,129,"Comedy,Crime,Thriller",7.1,2068.0
tt13304584,Bomma Blockbuster,2022,123,"Action,Comedy,Drama",6.1,2069.0
tt31113091,I Hate Love,2024,147,Drama,7.1,2071.0
tt21627968,Am Aha,2022,127,"Comedy,Drama,Thriller",7.7,2072.0
tt20274588,Albert Brooks: Defending My Life,2023,88,"Biography,Documentary",7.4,2073.0
tt28319139,Wild Diamond,2024,103,Drama,6.2,2073.0
tt22152120,Operation Valentine,2024,133,"Action,Drama,Thriller",5.3,2074.0
tt11331792,"Great Photo, Lovely Life",2023,112,Documentary,7.4,2074.0
tt33131012,Wedding Diaries,2024,121,"Drama,Family,Fantasy",8.4,2074.0
tt32505165,Prabuthwa Junior Kalashala,2024,131,Romance,6.7,2076.0
tt35448249,Sahakutumbaanam,2025,135,\N,7.9,2076.0
tt19869122,My Happy Marriage,2023,115,"Drama,Fantasy,History",7.0,2077.0
tt14230846,Saunkan Saunkne,2022,150,"Comedy,Drama,Romance",6.3,2077.0
tt28364592,Kraken,2025,134,"Action,Mystery,Sci-Fi",5.3,2077.0
tt15167994,Private Property,2022,87,"Drama,Horror,Thriller",3.9,2077.0
tt29515802,S-99,2024,119,Action,8.7,2078.0
tt29119032,Rudramkota,2023,123,"Action,Adventure,Drama",5.8,2079.0
tt33144173,Revu,2024,134,Thriller,7.8,2079.0
tt25966332,Error 500,2023,109,"Action,Sport,Thriller",7.4,2079.0
tt27490380,13 Bombs,2023,143,"Action,Crime,Thriller",6.5,2079.0
tt37232949,Paderu 12Mile,2025,125,"Action,Thriller",9.1,2080.0
tt35279343,Dooradarshini,2026,125,"Drama,Romance",5.1,2080.0
tt39954649,Amaravathiki Aahvanam,2026,141,\N,5.8,2081.0
tt28513338,Raktabeej,2023,142,Thriller,7.2,2081.0
tt22399738,Sweet Dreams,2024,95,"Comedy,Drama,Sport",5.5,2082.0
tt38985973,Breakdown: 1975,2025,92,Documentary,6.8,2083.0
tt30816925,Ground,2024,102,Drama,6.8,2084.0
tt6001846,Long Gone Heroes,2024,101,"Action,Crime,Drama",5.1,2085.0
tt10723416,Look at Me: XXXTentacion,2022,108,"Documentary,Music",7.6,2085.0
tt29544253,Night of the Zoopocalypse,2024,91,"Adventure,Animation,Comedy",6.0,2085.0
tt20414360,Cologne 75,2025,112,"Biography,Drama,Music",7.1,2085.0
tt12794338,Achcham Madam Naanam Payirppu,2022,80,"Comedy,Drama",4.1,2086.0
tt26999050,Ashtadigbandhanam,2023,135,"Action,Adventure,Mystery",7.2,2087.0
tt18235306,Love Life,2022,123,Drama,6.9,2088.0
tt15175188,Faraaz,2022,112,"Action,Thriller",5.0,2088.0
tt30850798,RAM: Rapid Action Mission,2024,152,Drama,4.8,2089.0
tt31513578,Death Whisperer 2,2024,110,"Action,Horror,Thriller",6.3,2089.0
tt24727398,Mr. Kalyan,2023,\N,"Drama,Romance",5.8,2091.0
tt27845205,Oka Pathakam Prakaaram,2025,134,"Drama,Thriller",7.0,2093.0
tt20877986,Sons of Rizk 3,2024,125,"Action,Comedy,Crime",6.5,2094.0
tt13588944,"Ask, Mark ve Ölüm",2022,96,Documentary,8.0,2094.0
tt36203068,Anaganaga Australia Lo,2025,171,"Action,Comedy,Crime",6.7,2094.0
tt36108604,Chokkor 302,2025,142,"Mystery,Thriller",7.2,2095.0
tt27114092,Major Grom: The Game,2024,168,"Action,Adventure",6.2,2095.0
tt31051322,Mukhya Gamanika,2024,125,"Crime,Thriller",8.4,2096.0
tt15459206,Maldoror,2024,155,"Crime,Drama,Thriller",6.6,2096.0
tt22436062,Dhoomam,2023,143,"Action,Drama,Thriller",5.7,2097.0
tt13369990,Gully Gang,2022,100,"Action,Comedy,Romance",6.5,2098.0
tt15548416,Ugravatara,2024,122,"Action,Crime",8.1,2098.0
tt16368898,Lights Out,2024,90,"Action,Thriller",4.9,2098.0
tt37937823,Vidhrohi,2025,134,"Crime,Thriller",9.4,2098.0
tt27445004,Abang Adik,2023,115,"Crime,Drama",7.2,2099.0
tt18110702,Bark,2023,90,"Horror,Thriller",5.3,2100.0
tt15721828,This Much I Know to Be True,2022,105,"Documentary,Music",7.6,2100.0
tt21800888,6/45,2022,113,Comedy,7.0,2100.0
tt29797483,Upendra Gadi Adda,2023,130,Action,7.1,2101.0
tt37376961,Thank You Dear,2025,124,"Drama,Romance",7.3,2101.0
tt15479438,Somewhere Quiet,2023,102,"Horror,Mystery,Thriller",4.8,2102.0
tt21191906,After Death,2023,108,Documentary,6.3,2102.0
tt13743656,Rub,2023,105,"Crime,Drama,Thriller",4.4,2102.0
tt33201732,Moartea in vacanta,2024,89,Comedy,6.5,2102.0
tt28755837,Jai Ganesh,2024,125,Drama,6.0,2103.0
tt32887285,KA,2024,151,"Action,Thriller",7.0,2104.0
tt29278671,Guns Trance Action,2023,122,"Action,Crime,Drama",6.5,2104.0
tt30810792,Love,2024,120,"Comedy,Drama,Romance",7.1,2104.0
tt21087452,Death's Roulette,2023,94,"Drama,Mystery,Thriller",5.5,2104.0
tt32130925,Nenu Keerthana,2024,155,"Action,Comedy,Drama",8.9,2105.0
tt14875820,Johnny & Clyde,2023,100,"Action,Adventure,Crime",2.4,2105.0
tt17511190,Facing Nolan,2022,102,"Biography,Documentary,Sport",7.9,2106.0
tt28608283,Dhimahi,2023,124,Thriller,7.6,2108.0
tt28266209,Sarkaaru Noukari,2024,117,Drama,8.4,2108.0
tt30217930,Usha Parinayam,2024,144,"Action,Romance",9.0,2108.0
tt26654506,Dalari,2023,114,\N,7.7,2108.0
tt20215816,The Fabulous Four,2024,98,Comedy,4.9,2110.0
tt27045559,Parari,2023,139,Action,6.8,2110.0
tt20784426,Maro Prapancham,2023,109,"Drama,Sci-Fi,Thriller",7.4,2110.0
tt20788760,I Love You,2022,110,"Comedy,Drama,Romance",4.1,2111.0
tt20855732,Konda,2022,121,"Action,Biography,Drama",7.6,2111.0
tt32607174,Rautu Ka Raaz,2024,114,"Crime,Drama,Mystery",6.3,2112.0
tt38875979,Rolugunta Soori,2025,113,"Action,Drama",8.7,2112.0
tt21983580,Rahasya,2022,120,Thriller,7.8,2113.0
tt32035059,Narudi Brathuku Natana,2024,120,Drama,6.5,2113.0
tt34425112,The ShortCut,2024,138,Action,8.0,2114.0
tt32263577,Quantum Supremacy,2025,70,"Action,Adventure,Animation",4.0,2117.0
tt27304247,The Face of the Faceless,2023,136,Drama,7.8,2118.0
tt30983618,Mudo Kannu,2024,100,"Crime,Thriller",6.7,2119.0
tt26675252,Louis Tomlinson: All of Those Voices,2023,108,"Biography,Documentary,Music",8.6,2119.0
tt33425631,House on Eden,2025,78,Horror,3.8,2119.0
tt14996298,Veyi Subhamulu Kalugu Neeku,2022,140,"Action,Comedy",2.4,2120.0
tt14670276,Lekh,2022,123,"Drama,Romance",7.7,2120.0
tt20414834,Putin,2025,109,"Biography,Crime,Drama",3.1,2121.0
tt23745844,Das Ka Dhamki,2023,140,"Comedy,Drama,Thriller",6.1,2124.0
tt20228436,Dhagad Saamba,2022,132,"Action,Comedy,Drama",7.8,2124.0
tt32574149,Mononoke the Movie: The Phantom in the Rain,2024,89,"Animation,Fantasy,Horror",6.8,2125.0
tt23576400,Seetharamapuramlo Okapremajanta,2022,135,"Family,Romance",5.1,2125.0
tt32393510,Dandupalayam,2024,137,"Crime,Thriller",6.2,2126.0
tt20838498,Thai Massage,2022,124,Comedy,6.2,2126.0
tt21611474,Mann Kasturi Re,2022,122,"Mystery,Romance",6.9,2127.0
tt29585679,Drazen,2024,100,Biography,6.4,2128.0
tt23573936,Comandante,2023,120,"Biography,Drama,History",6.5,2128.0
tt33046086,The House on Laura Anne Dr.,2024,75,Horror,5.2,2129.0
tt11877386,Caravaggio's Shadow,2022,120,"Biography,Drama,History",6.5,2129.0
tt32086032,The Kingdom,2024,112,"Crime,Drama,Thriller",7.0,2131.0
tt18300732,Duchess,2024,114,"Action,Crime",4.6,2131.0
tt11558688,The Spy Who Never Dies,2022,99,"Action,Comedy,Thriller",4.2,2132.0
tt30779704,Honeymoon Express,2024,118,"Comedy,Romance",6.6,2134.0
tt15241758,Hounded,2022,94,"Action,Horror,Thriller",5.1,2134.0
tt28455855,Nidurinchu Jahapana,2025,118,Drama,5.0,2134.0
tt20674378,Clinic,2023,89,Thriller,3.1,2135.0
tt33306253,I Am the End of the World,2025,96,Comedy,4.8,2135.0
tt36926359,Seven Snipers,2026,87,"Action,Thriller",4.4,2135.0
tt28568397,Friday Night Plan,2023,108,"Comedy,Drama",6.6,2136.0
tt32128317,The Other Way Around,2024,114,"Comedy,Drama",6.4,2136.0
tt33399641,Dheeram,2025,151,"Crime,Thriller",5.4,2136.0
tt34910018,Sniper: The Last Stand,2025,99,Action,4.8,2136.0
tt27241551,Centaur,2023,101,"Drama,Thriller",6.9,2137.0
tt16987062,La Syndicaliste,2022,121,"Drama,Thriller",6.6,2138.0
tt4853290,Out Come the Wolves,2024,86,"Drama,Horror,Thriller",4.7,2138.0
tt35992024,Ugly Story,2026,123,"Drama,Thriller",7.3,2139.0
tt32655161,Full Meals,2025,133,Romance,6.9,2140.0
tt27611709,Winter as Frida Kahlo,2025,75,Biography,8.0,2140.0
tt15333788,Out of the Blue,2022,104,"Crime,Drama,Mystery",4.4,2140.0
tt28999532,Beezel,2024,81,"Horror,Thriller",4.9,2140.0
tt40667368,Baapya,2026,147,"Drama,Family",8.4,2141.0
tt12380422,The Subtle Art of Not Giving a F*ck,2023,97,Documentary,5.8,2141.0
tt29674465,Dard,2024,156,"Drama,Thriller",6.5,2142.0
tt30460694,Currency Nagar,2023,125,"Drama,Romance,Thriller",8.2,2143.0
tt38202962,Avihitham,2025,105,\N,6.7,2145.0
tt33029866,Broken Rage,2024,62,"Comedy,Crime,Drama",6.1,2145.0
tt15548074,The Sixth Secret,2022,90,"Comedy,Horror,Mystery",4.9,2145.0
tt35723557,Idhayam Murali,2026,150,"Comedy,Drama,Romance",8.9,2146.0
tt32276246,The Curse of the Necklace,2024,99,"Horror,Thriller",4.4,2147.0
tt39109585,Eesha,2025,135,"Horror,Thriller",7.2,2147.0
tt14411774,Agent,2023,156,"Action,Mystery,Thriller",3.5,2147.0
tt11204286,Vellapanti,2025,139,"Comedy,Crime,Romance",6.9,2148.0
tt26697087,The Cut,2024,99,"Drama,Sport,Thriller",5.5,2149.0
tt32341602,Darshini,2024,120,"Comedy,Sci-Fi,Thriller",8.1,2149.0
tt36265413,Inside Furioza,2025,167,"Action,Drama",6.2,2150.0
tt26899139,Pyre,2024,111,Drama,7.8,2150.0
tt18226208,Grassland,2022,93,"Crime,Drama,Thriller",6.5,2150.0
tt30521753,Shesha 2016,2026,122,"Crime,Thriller",5.4,2151.0
tt10831486,Levels,2024,93,"Action,Sci-Fi,Thriller",5.0,2152.0
tt28364203,Non Stop Dhamaal,2023,100,Comedy,4.7,2153.0
tt20115138,Heaven,2022,130,"Crime,Mystery,Thriller",6.5,2153.0
tt20519180,Memory Lane,2024,98,"Comedy,Drama",7.4,2153.0
tt17074358,Neetho,2022,130,"Drama,Romance",7.0,2155.0
tt28504311,Rent,2023,100,"Crime,Horror",3.6,2155.0
tt17374778,Strangeness,2022,103,"Comedy,Drama",6.7,2155.0
tt15575356,Too Old for Fairy Tales,2022,106,"Comedy,Family",6.2,2155.0
tt25406052,Kingdom 3: The Flame of Destiny,2023,129,"Action,History,War",6.8,2156.0
tt36014845,Ghich Pich,2025,89,Drama,7.6,2156.0
tt36363838,Mana Iddari Prema Katha,2025,106,Drama,6.6,2158.0
tt22394694,Detective Knight: Redemption,2022,97,"Action,Crime,Mystery",4.1,2158.0
tt29458600,Kismath,2024,128,Comedy,5.3,2158.0
tt23625298,Play,2022,116,"Crime,Thriller",6.7,2159.0
tt35624453,Bhavani Ward 1997,2025,126,"Drama,Horror",5.4,2159.0
tt6442686,WarHunt,2022,93,"Action,Horror,Thriller",4.4,2160.0
tt18071320,Inside Man,2023,91,"Crime,Drama,Thriller",5.6,2161.0
tt23647024,Ap04ramapuram,2022,144,"Drama,Thriller",8.3,2162.0
tt11615616,Gatlopp,2022,80,"Comedy,Drama,Horror",5.9,2162.0
tt30327762,Toxic,2024,99,Drama,6.7,2163.0
tt31188498,Sharathulu Varthisthai,2024,140,Drama,6.4,2163.0
tt27577176,Vadu Evadu,2023,141,Thriller,5.4,2163.0
tt34942608,Balti,2025,154,"Action,Comedy,Crime",6.3,2164.0
tt27598618,Dinosaurs,2023,150,Crime,6.3,2164.0
tt31032531,Masthu Shades Unnai Ra,2024,142,Comedy,6.9,2164.0
tt30326556,Paagal vs Kadhal,2024,111,Family,9.0,2165.0
tt29438140,Sagiletikatha,2023,115,Drama,5.7,2166.0
tt27161773,The Eighth Sense,2023,117,"Drama,Romance",8.6,2166.0
tt2375639,South of Hope Street,2024,101,Sci-Fi,5.9,2166.0
tt14598638,The Warriorr,2022,155,"Action,Crime,Drama",4.8,2166.0
tt27657791,Gaami,2024,147,"Adventure,Drama,Fantasy",6.3,2166.0
tt12782448,Pichaikkaran 2,2023,148,"Action,Drama,Sci-Fi",5.6,2167.0
tt41804839,Krishnavataram - Part 1: The Heart (Hridayam),2026,150,"Drama,Fantasy,Romance",7.5,2167.0
tt37980739,Beauty,2025,139,"Drama,Romance",7.5,2168.0
tt27664022,Vritta,2025,112,Thriller,5.1,2169.0
tt28290216,Mark Cavendish: Never Enough,2023,91,"Biography,Documentary,Sport",7.4,2171.0
tt8270664,Ambush,2023,104,"Action,Thriller,War",4.0,2172.0
tt35313020,Interval,2025,142,Comedy,6.3,2173.0
tt37186862,Sakaal Tar Hou Dya,2025,115,Drama,7.4,2174.0
tt13610344,Harvest,2024,133,"Drama,History",6.0,2175.0
tt11005128,Into the Deep,2022,90,"Crime,Drama,Horror",4.7,2176.0
tt9155512,The Visitor from the Future,2022,105,"Action,Adventure,Comedy",5.8,2176.0
tt33337133,Racharikam,2025,135,Romance,3.9,2177.0
tt14584284,Alone Together,2022,98,"Drama,Romance",5.4,2178.0
tt20871388,The Wedding Days,2022,90,Comedy,6.1,2178.0
tt15465098,Sembi,2022,140,Drama,7.6,2179.0
tt11767724,Skunk,2023,105,Drama,7.3,2180.0
tt38779833,Kadhal Reset Repeat,2026,135,"Comedy,Drama,Musical",4.8,2180.0
tt10160886,Sneakerella,2022,112,"Comedy,Family,Musical",4.9,2180.0
tt21814814,Bama Rush,2023,100,Documentary,4.3,2181.0
tt30766504,On Falling,2024,104,Drama,7.0,2181.0
tt29444671,Dilli Dark,2023,100,Comedy,7.0,2182.0
tt18071972,Organ Trail,2023,112,"Drama,Horror,Thriller",5.1,2182.0
tt34623304,Drinker Sai,2024,148,Drama,8.7,2182.0
tt29764940,Janam,2023,129,Drama,9.3,2184.0
tt20911974,My Mother's Wedding,2023,95,"Comedy,Drama",5.5,2184.0
tt34942632,Pratyartha,2025,139,"Comedy,Romance,Thriller",7.1,2185.0
tt35890222,100 Days Love Story,2026,119,"Action,Horror,Thriller",7.1,2186.0
tt16315948,Klondike,2022,100,"Drama,War",6.8,2188.0
tt5705876,Tadka,2022,115,"Comedy,Drama,Romance",6.7,2188.0
tt39875868,Korpur,2026,145,"Action,Thriller",6.3,2189.0
tt34338540,6 Days,2025,105,"Drama,Romance",7.7,2189.0
tt10850264,Squaring the Circle: The Story of Hipgnosis,2022,101,"Documentary,History",7.7,2189.0
tt27671386,Maruva Tarama,2025,112,\N,7.7,2189.0
tt29344974,How Could I Live Without You?,2024,105,"Comedy,Musical",6.4,2189.0
tt15576884,Simbaa,2024,121,Mystery,5.4,2189.0
tt26770525,La Vaste,2023,116,Thriller,5.0,2190.0
tt27487086,Black Cab,2024,88,"Horror,Thriller",4.1,2191.0
tt26943420,The Thundermans Return,2024,70,"Action,Comedy,Crime",5.1,2191.0
tt16914952,Black,2022,138,"Action,Thriller",5.3,2192.0
tt32307524,Shark Whisperer,2025,90,Documentary,6.9,2193.0
tt18556278,Endurance,2024,103,Documentary,7.5,2193.0
tt28840429,"Ice Cold: Murder, Coffee and Jessica Wongso",2023,86,"Crime,Documentary",5.9,2194.0
tt7575046,Riddle of Fire,2023,115,"Adventure,Fantasy",6.5,2195.0
tt23118976,Selina's Gold,2022,113,Drama,5.4,2195.0
tt28686328,Man Suang,2023,128,"Drama,History,Mystery",6.5,2196.0
tt3580748,Tyson's Run,2022,103,Drama,6.2,2196.0
tt27620861,Hisaab Barabar,2024,112,"Comedy,Drama,Thriller",5.8,2196.0
tt40891145,180,2026,94,"Crime,Drama,Thriller",4.6,2197.0
tt15765412,Allelujah,2022,99,Drama,6.0,2198.0
tt17009856,Winter Boy,2022,122,Drama,6.8,2198.0
tt18224752,Well Done!,2023,110,"Comedy,Drama,Romance",6.3,2199.0
tt27656274,Anveshi,2023,137,"Romance,Thriller",5.9,2201.0
tt26008876,Janaki Jaane,2023,121,"Drama,Family",6.1,2201.0
tt21321726,The Raven,2026,97,"Horror,Mystery,Romance",6.9,2202.0
tt27374513,Fossil,2023,110,"Adventure,Comedy,Crime",5.4,2202.0
tt16550628,Chebi: My Fluffy Friend,2023,113,"Comedy,Family",5.7,2202.0
tt34724163,Annihilator Unleashed,2026,119,"Action,Drama",3.9,2203.0
tt29866163,Tenant,2024,96,Thriller,4.3,2203.0
tt18450548,Don't Leave,2022,107,"Drama,Romance",5.2,2204.0
tt38747537,Kapodistrias,2025,140,"Biography,Drama,History",6.2,2204.0
tt13920988,Beyond the Wall,2022,126,"Crime,Drama,Mystery",7.0,2205.0
tt15242712,Dahanam,2023,137,Drama,8.7,2205.0
tt29279903,Happyend,2024,113,"Drama,Fantasy,Sci-Fi",6.8,2205.0
tt21431644,Zombie Town,2023,92,"Action,Adventure,Comedy",3.8,2206.0
tt13075730,One Way,2022,95,"Action,Crime,Thriller",4.2,2208.0
tt11924110,Ladki: Enter the Girl Dragon,2022,122,"Action,Drama,Romance",5.1,2208.0
tt33040269,Ghuspaithiya,2024,132,Drama,6.5,2209.0
tt27510731,Local Sarakku,2024,133,Comedy,3.9,2209.0
tt18212138,Kill Code,2026,87,"Action,Drama,Sci-Fi",5.1,2209.0
tt21909844,A Matter of Prestige,2023,120,"Biography,Drama,Music",6.1,2210.0
tt16078152,Iravatham,2022,122,"Drama,Mystery,Thriller",6.3,2211.0
tt37543886,Stolen: Heist of the Century,2025,96,"Crime,Documentary",6.5,2211.0
tt7891844,The Grove,2025,95,"Horror,Mystery,Thriller",4.8,2212.0
tt11306518,Hero,2022,132,Action,5.7,2212.0
tt13358022,The Reading,2023,96,Thriller,5.3,2212.0
tt21378182,Gaalodu,2022,125,"Action,Drama,Romance",5.7,2213.0
tt27873958,El Ruby House,2023,101,"Comedy,Drama",6.5,2214.0
tt29722945,Don't Turn Out the Lights,2023,109,Horror,3.6,2214.0
tt28637027,Into the Deep,2025,90,"Action,Horror,Thriller",3.5,2215.0
tt33531981,Gangster,2024,121,Drama,7.2,2215.0
tt14045080,KTM,2024,149,Drama,6.5,2216.0
tt34623382,Na Jaane Kaun Aa Gaya,2026,113,Romance,6.4,2216.0
tt11803064,Hunting Souls,2022,97,"Drama,Horror,Mystery",3.9,2217.0
tt20784402,Madhi,2022,139,Musical,8.8,2218.0
tt29277833,Geethanjali Malli Vachindi,2024,144,"Comedy,Horror",4.7,2221.0
tt28298511,Indra,2025,128,"Horror,Thriller",7.0,2221.0
tt27795377,Kadhalikka Neramillai,2025,140,Drama,6.1,2222.0
tt14726510,First Love,2022,96,Romance,4.8,2222.0
tt34385018,Jamie Foxx: What Had Happened Was...,2024,68,"Comedy,Documentary,Music",5.8,2223.0
tt33030403,The Ties That Bind Us,2024,106,Drama,7.2,2224.0
tt21282262,Recce 360,2022,108,"Crime,Thriller",6.8,2224.0
tt29713815,Pose,2025,80,Thriller,3.0,2225.0
tt29794647,Gaga Chromatica Ball,2024,117,"Music,Musical",8.1,2226.0
tt23810972,Died Suddenly,2022,69,Documentary,6.7,2227.0
tt31719063,Veppam Kulir Mazhai,2024,132,Thriller,7.0,2228.0
tt21348598,A Real Job,2023,100,"Comedy,Drama",6.6,2228.0
tt28106766,Smugglers,2023,129,"Action,Crime",6.2,2228.0
tt31065246,Helloween,2025,80,Horror,3.4,2229.0
tt34547702,Risk(The game of youth),2026,130,\N,9.0,2229.0
tt19758012,Chile '76,2022,95,Drama,6.7,2230.0
tt31115432,Bloody Ishq,2024,138,"Horror,Mystery",3.0,2230.0
tt37670615,The Truth About Jussie Smollett?,2025,90,Documentary,4.9,2230.0
tt15245390,Raven's Hollow,2022,98,"Horror,Thriller",5.3,2231.0
tt31464940,Kaliyugam Pattanamlo,2024,150,Crime,6.3,2231.0
tt32275326,Find Your Friends,2025,89,Thriller,5.1,2233.0
tt39465484,Eat Pray Bark,2026,91,"Comedy,Drama",5.5,2234.0
tt35695538,My Father's Shadow,2025,94,Drama,7.3,2234.0
tt31013030,Flight 404,2024,104,Drama,7.3,2234.0
tt28336131,Elyas,2024,105,"Action,Thriller",6.1,2234.0
tt34442437,Thalli Manasu,2025,150,"Drama,Family",6.1,2235.0
tt2201261,The Sky Is Everywhere,2022,103,"Drama,Music,Romance",5.6,2236.0
tt31888759,Thayyal Machine,2024,91,Horror,4.6,2237.0
tt28772978,Heavier Trip,2024,96,"Adventure,Comedy,Music",6.1,2238.0
tt27881474,Time Still Turns the Pages,2023,95,Drama,7.7,2238.0
tt24668540,Ganaa,2023,\N,Crime,6.5,2238.0
tt33083848,Veeranjaneyulu Vihara Yatra,2024,130,Comedy,8.6,2239.0
tt21802440,Two Souls,2023,134,"Fantasy,Romance",6.8,2240.0
tt16248294,Hitmen,2023,109,Action,3.9,2241.0
tt27829510,High Rollers,2025,101,Thriller,3.9,2242.0
tt27543992,The Gullspång Miracle,2023,108,"Documentary,Mystery",6.9,2246.0
tt10484164,A Song from the Dark,2024,105,"Drama,Fantasy,Mystery",4.8,2246.0
tt24805876,Let's Start a Cult,2024,90,Comedy,5.9,2247.0
tt20414550,Together 99,2023,115,"Comedy,Drama",5.9,2249.0
tt15053518,Torn Hearts,2022,97,"Drama,Horror,Music",5.3,2250.0
tt32260498,GHOST: Rite Here Rite Now,2024,145,"Documentary,Music",8.5,2251.0
tt26450742,The Engineer,2023,92,"Action,Thriller",4.4,2252.0
tt15847828,Diary of a Wimpy Kid: Rodrick Rules,2022,74,"Animation,Comedy,Drama",5.2,2253.0
tt38949436,Itlu Me Yedava,2025,132,"Comedy,Drama,Family",8.1,2254.0
tt25504794,Freedom,2023,109,"Drama,Thriller,War",7.4,2254.0
tt17494686,Decibel,2022,110,"Action,Crime,Drama",6.1,2254.0
tt14137346,Priyan Ottathilanu,2022,140,"Comedy,Family",6.9,2254.0
tt21142926,Vichitram,2022,138,"Drama,Horror,Thriller",6.0,2255.0
tt21236048,Five Blind Dates,2024,83,"Comedy,Romance",5.1,2255.0
tt15613538,For Zeko,2022,95,"Adventure,Comedy,Drama",6.3,2255.0
tt38772072,Amoz Alexander,2025,130,"Crime,Drama,Thriller",4.3,2255.0
tt21149522,The Price of Family,2022,90,Comedy,6.0,2256.0
tt31795447,Ick,2024,93,"Action,Comedy,Horror",5.3,2257.0
tt19784370,Bairan Palli,2023,91,"Horror,Thriller",7.8,2258.0
tt14557302,Moon Man,2022,122,"Comedy,Sci-Fi",6.4,2261.0
tt19595494,Next Exit,2022,106,"Comedy,Mystery,Romance",5.7,2261.0
tt13039008,Kill Shot,2023,93,Action,3.3,2262.0
tt20355484,The Final Race,2023,111,"Action,Comedy,Family",5.1,2263.0
tt22078754,Kadina Kadoramee Andakadaham,2023,118,"Comedy,Drama,Family",6.4,2264.0
tt33022424,Average Student Nani,2024,138,Action,7.5,2265.0
tt21651430,The People's Joker,2022,92,Comedy,6.3,2265.0
tt27496044,Vrusshabha,2025,128,"Action,Drama,Fantasy",4.2,2266.0
tt9201772,Mending the Line,2022,122,Drama,6.7,2267.0
tt30590474,Nilavuku Enmel Ennadi Kobam,2025,136,"Comedy,Drama,Romance",5.8,2268.0
tt27190164,Nesippaya,2025,144,Romance,5.6,2269.0
tt31160267,#NOVA,2023,52,"Documentary,War",6.5,2269.0
tt19815094,Black Night,2022,114,"Crime,Drama,Thriller",6.9,2269.0
tt28486633,The Pigeon Tunnel,2023,92,"Biography,Documentary",7.0,2270.0
tt5402714,Here After,2024,93,"Drama,Horror",4.2,2270.0
tt26690968,Sound Party,2023,125,Comedy,6.1,2270.0
tt28298504,Long Live Love!,2023,135,"Comedy,Drama,Romance",6.6,2271.0
tt7520568,The Hyperions,2022,90,"Action,Comedy",5.2,2274.0
tt1657865,Dear Zoe,2022,94,"Drama,Mystery,Romance",5.9,2275.0
tt32117939,Chhava,2024,51,"Biography,Documentary,Drama",8.4,2277.0
tt12627606,Midas Man,2024,112,"Biography,Drama,Music",6.4,2277.0
tt31493275,Market Mahalakshmi,2024,133,"Comedy,Romance",3.9,2277.0
tt22208468,Sacred Demijohn 4,2023,96,Comedy,2.8,2277.0
tt15290106,105 Minutes,2024,120,"Horror,Thriller",2.5,2278.0
tt33700819,Eesaraina!?,2024,110,Drama,7.6,2279.0
tt28662887,Wake Up,2023,80,"Action,Horror",5.4,2279.0
tt23793436,Off the Record,2024,95,"Drama,Music",6.3,2282.0
tt34964187,DJ Ahmet,2025,99,"Comedy,Drama",7.3,2284.0
tt35922832,Ozzy Osbourne: No Escape from Now,2025,123,"Biography,Documentary,Music",8.3,2284.0
tt32537777,Ullozhukku,2024,123,Drama,7.6,2284.0
tt12215252,I Run to You,2022,113,"Comedy,Romance",6.4,2285.0
tt32361990,Return of the Jungle,2026,96,"Adventure,Animation,Comedy",8.3,2286.0
tt11318302,Sadha Nannu Nadipe,2022,144,"Comedy,Drama,Romance",6.5,2287.0
tt21389338,What Comes Around,2022,85,"Drama,Mystery,Thriller",5.4,2287.0
tt9115574,Om - The Battle Within,2022,135,"Action,Thriller",2.9,2288.0
tt14338246,Ustaad Bhagat Singh,2026,150,"Action,Comedy,Drama",4.1,2288.0
tt28004697,Thookudurai,2024,125,"Comedy,Family,Horror",4.0,2288.0
tt33009027,Turbulence,2025,91,"Action,Adventure,Drama",4.8,2288.0
tt13157970,Incarnation,2022,88,"Horror,Thriller",2.9,2289.0
tt21815772,Spoonful of Sugar,2022,94,"Horror,Thriller",5.4,2290.0
tt30798502,Sriranga Neethulu,2024,122,Drama,6.9,2290.0
tt32903867,Traumatika,2024,82,Horror,5.2,2290.0
tt13318942,Dark Windows,2023,80,"Drama,Horror,Mystery",4.6,2290.0
tt20561114,Christmas on Mistletoe Farm,2022,102,"Comedy,Family",4.5,2292.0
tt30842022,The Dreadful,2026,94,"Horror,Thriller",3.9,2292.0
tt33381728,Ejen Ali: The Movie 2,2025,115,"Action,Adventure,Animation",7.7,2292.0
tt33305511,Umami,2025,113,Drama,6.1,2293.0
tt19351904,LehmberGinni,2023,117,Comedy,5.8,2293.0
tt37961742,Mexico 86,2026,95,"Comedy,Documentary,Drama",6.4,2295.0
tt16377920,A House Made of Splinters,2022,87,Documentary,7.2,2295.0
tt21301666,Tees Maar Khan,2022,130,"Action,Drama,Romance",5.3,2295.0
tt20857676,Kleks Academy,2023,130,"Adventure,Family,Fantasy",4.5,2296.0
tt26880702,Finding Michael,2023,100,Documentary,5.9,2296.0
tt9872558,Takkar,2023,138,"Action,Drama,Romance",5.4,2297.0
tt12610794,Blade of the 47 Ronin,2022,107,"Action,Drama,Fantasy",4.7,2298.0
tt14603848,Overlord: The Sacred Kingdom,2024,135,"Action,Adventure,Animation",6.9,2298.0
tt13014746,Manticore,2022,115,Drama,7.1,2300.0
tt20420538,All the Names of God,2023,105,"Action,Adventure,Drama",5.8,2301.0
tt14091152,Dollu,2022,106,Drama,7.5,2302.0
tt37605896,S4: The Bob Lazar Story,2026,114,Documentary,7.5,2302.0
tt26258204,Believer 2,2023,114,"Action,Crime,Thriller",5.6,2303.0
tt39632269,Ikka,2026,140,"Crime,Drama,Thriller",5.5,2303.0
tt19879660,Dharmaveer,2022,176,"Biography,Crime,Drama",7.9,2303.0
tt13117446,Dragon Knight,2022,98,Fantasy,3.3,2303.0
tt29439945,Aybüke: Ögretmen Oldum Ben!,2023,95,"Biography,Drama",7.8,2303.0
tt28444513,Pekamedalu,2024,120,Drama,8.4,2304.0
tt16027918,"Weddings, Christenings and Funerals",2022,121,Comedy,6.8,2304.0
tt11116642,Press Play,2022,85,"Drama,Music,Romance",6.2,2304.0
tt28054637,Chilli Chicken,2024,123,Drama,5.7,2305.0
tt34459219,The Breadwinner,2026,99,"Comedy,Family",5.8,2306.0
tt33111620,Weddings and Wokes: A Family Dilemma,2024,90,Comedy,5.8,2307.0
tt28487871,Sniper: G.R.I.T. - Global Response & Intelligence Team,2023,93,"Action,Comedy",5.0,2308.0
tt38283987,One Two Cha Cha Chaa,2026,160,"Adventure,Comedy",5.2,2309.0
tt36440312,Dan Da Dan: Evil Eye,2025,93,"Action,Animation,Sci-Fi",7.8,2310.0
tt33412884,Patriot,2026,180,"Action,Drama,Thriller",6.2,2310.0
tt35050958,The Playroom,2024,100,"Drama,Thriller",6.0,2312.0
tt1524515,5lbs of Pressure,2024,111,"Crime,Romance,Thriller",5.3,2313.0
tt14950412,Section 8,2022,98,"Action,Thriller",4.4,2314.0
tt37893389,Baahubali: The Epic,2025,225,"Action,Drama",8.2,2316.0
tt17538510,Tchaikovsky's Wife,2022,143,"Biography,Drama",6.4,2317.0
tt32105116,Prince and Family,2025,134,Comedy,6.1,2318.0
tt15006754,Under Her Control,2022,109,Drama,4.8,2320.0
tt13778486,Succubus,2024,103,"Drama,Horror,Thriller",4.7,2322.0
tt7093904,Dragonkeeper,2024,98,"Adventure,Animation,Fantasy",5.8,2322.0
tt31788773,My Oni Girl,2024,112,"Adventure,Animation,Drama",6.0,2323.0
tt35019435,Mirage,2025,150,\N,6.0,2326.0
tt15397918,Game of Love,2022,91,"Drama,Romance",3.3,2326.0
tt32086252,Paarijathaparvam,2024,133,"Comedy,Crime",6.0,2328.0
tt14544678,Attachment,2022,105,"Comedy,Drama,Horror",6.0,2329.0
tt13729232,The Origin of Evil,2022,123,"Drama,Thriller",6.6,2329.0
tt29114624,Chhota Bheem and the Curse of Damyaan,2024,145,"Action,Adventure,Comedy",4.6,2329.0
tt22450920,Treasure,2022,104,"Comedy,Crime",5.5,2330.0
tt19820538,Next Sohee,2022,138,"Drama,Thriller",7.2,2331.0
tt37531036,Belén,2025,105,"Crime,Drama",7.0,2332.0
tt27714278,Medellin,2023,104,"Action,Comedy",5.0,2332.0
tt16148552,The Lost Boys,2023,83,Drama,6.7,2334.0
tt32123395,Altered,2025,87,"Action,Sci-Fi",3.6,2334.0
tt26745202,Vey Dharuvey,2024,127,"Action,Comedy",6.0,2334.0
tt11173332,Bambukat 2,2026,173,Drama,8.1,2334.0
tt15740736,Tenor,2022,100,"Comedy,Drama,Music",6.6,2335.0
tt10530838,How to Please a Woman,2022,111,"Comedy,Drama,Romance",6.3,2336.0
tt15320066,ClearMind,2024,85,"Comedy,Mystery,Thriller",4.1,2336.0
tt26903465,Sir,2024,132,Thriller,7.2,2337.0
tt14831708,Diary of a Fleeting Affair,2022,100,"Comedy,Drama,Romance",6.8,2337.0
tt32864330,DD Next Level,2025,133,"Comedy,Horror",5.1,2338.0
tt32427535,Aarata,2024,122,Drama,4.0,2340.0
tt28199950,Seetha Payanam,2026,150,"Drama,Romance",5.1,2341.0
tt39631179,Accused,2026,107,"Drama,Mystery,Thriller",4.5,2342.0
tt15568760,Nitham Oru Vaanam,2022,146,Drama,7.3,2344.0
tt25504468,Loveyapa,2025,137,"Comedy,Drama",5.2,2347.0
tt26923601,Game On,2024,140,"Action,Drama,Romance",4.7,2351.0
tt3416670,The Independent,2022,108,"Crime,Mystery,Thriller",5.8,2351.0
tt32246406,Good Home,2025,107,Drama,7.2,2352.0
tt13063384,Burial,2022,95,"Horror,Thriller,War",5.0,2352.0
tt8851084,Disappear Completely,2022,100,"Horror,Thriller",6.2,2352.0
tt21439464,Dochevaarevarura,2023,\N,"Comedy,Crime,Thriller",7.1,2353.0
tt32339528,S.I.T,2024,110,Crime,6.3,2353.0
tt18250130,Neymar,2023,160,"Comedy,Family",6.5,2354.0
tt37561290,Karakkam,2026,110,"Comedy,Fantasy,Horror",4.3,2355.0
tt6374142,Misdirection,2026,84,Thriller,4.8,2355.0
tt36188425,Paanch Minar,2025,134,"Comedy,Thriller",8.5,2358.0
tt32134802,Seetha Kalyana Vaibhogame,2024,146,"Action,Family",8.5,2359.0
tt15760296,Raavan,2022,138,"Action,Thriller",6.5,2359.0
tt29536384,Lake George,2024,108,"Comedy,Crime,Thriller",6.5,2360.0
tt22805590,Black Noise,2023,86,"Action,Sci-Fi",3.0,2361.0
tt27610677,Double Ismart,2024,156,"Action,Sci-Fi,Thriller",2.9,2361.0
tt14992864,Carma,2022,169,"Crime,Romance,Thriller",7.3,2361.0
tt39228907,Anali,2026,120,\N,5.2,2362.0
tt13932410,Four's a Crowd,2022,99,"Adventure,Comedy",6.0,2362.0
tt9859574,Shiv Shastri Balboa,2022,130,"Comedy,Drama",6.6,2364.0
tt28226738,EVOL: A Love Story in Reverse,2024,122,Thriller,5.0,2364.0
tt35492581,Kontinental '25,2025,109,"Comedy,Drama",6.7,2364.0
tt16426570,Barron's Cove,2024,116,"Crime,Drama,Thriller",6.1,2366.0
tt18073066,Leave,2022,106,"Drama,Horror,Mystery",4.9,2366.0
tt28789314,Maadeva,2025,135,Thriller,6.2,2367.0
tt28219502,Ala Ila Ela,2023,141,"Action,Drama,Romance",7.3,2367.0
tt26900526,Emesis Blue,2023,108,"Animation,Crime,Horror",7.9,2370.0
tt20316978,Elton John: Never Too Late,2024,102,"Biography,Documentary,Music",6.6,2370.0
tt32189369,Music Shop Murthy,2024,127,Music,8.0,2371.0
tt33240751,Rewind,2024,135,Drama,7.0,2372.0
tt35668756,Kattalan,2026,120,"Action,Crime,Drama",8.3,2372.0
tt18688184,The Marriage App,2022,101,"Comedy,Romance",5.5,2372.0
tt21339860,Heartsong,2022,95,"Comedy,Drama,Music",5.8,2373.0
tt35254624,Balan: The Boy,2026,150,"Drama,Thriller",8.3,2373.0
tt7754540,Odavum Mudiyadhu Oliyavum Mudiyadhu,2023,120,"Comedy,Horror",3.3,2373.0
tt23343786,Lesson Plan,2022,101,"Action,Crime,Drama",5.0,2373.0
tt18072882,Northern Comfort,2023,97,Comedy,5.4,2375.0
tt28943278,Heart of the Hunter,2024,105,"Action,Thriller",4.7,2375.0
tt34383084,Pennum Porattum,2026,120,Drama,5.9,2375.0
tt29491755,Love Reddy,2024,138,Romance,7.9,2376.0
tt31939390,Alanaati Ramachandrudu,2024,154,Drama,6.9,2378.0
tt33501878,A Copenhagen Love Story,2025,105,"Drama,Romance",6.3,2379.0
tt27880828,Raktaksha,2024,118,"Action,Crime,Mystery",5.9,2382.0
tt15056920,Bhairathi Ranagal,2024,150,Drama,6.8,2383.0
tt16376470,Horror in the High Desert 2: Minerva,2023,74,"Drama,Horror,Mystery",5.3,2384.0
tt13334870,Naradan,2022,150,"Drama,Thriller",6.0,2385.0
tt9050310,Slash/Back,2022,86,"Adventure,Horror,Sci-Fi",5.7,2386.0
tt26928684,Summer Camp,2024,95,Comedy,4.6,2387.0
tt23144080,Maujaan Hi Maujaan,2023,110,Comedy,6.2,2388.0
tt22489564,Har Har Mahadev,2022,161,"Action,Drama,History",7.3,2388.0
tt21049266,My Daughter's Killer,2022,83,"Crime,Documentary",6.9,2388.0
tt7884368,Destroy All Neighbors,2024,85,"Comedy,Horror",5.3,2389.0
tt10489780,Bandi,2025,95,Adventure,6.9,2389.0
tt13610158,The Harbinger,2022,87,"Drama,Horror,Mystery",5.4,2390.0
tt21626274,Bujji Ila Raa,2022,120,Thriller,6.4,2390.0
tt15671624,Mayasabha,2025,99,"Fantasy,Thriller",6.9,2391.0
tt14488772,Seethayanam,2022,135,"Drama,Thriller",7.0,2392.0
tt23549436,Brother,2024,140,"Comedy,Family",5.6,2392.0
tt8178762,Detained,2024,97,"Crime,Mystery,Thriller",4.9,2395.0
tt13131610,Bholaa Shankar,2023,159,"Action,Crime,Drama",3.3,2397.0
tt35114460,Scarlet,2025,111,"Action,Adventure,Animation",6.3,2397.0
tt29720239,Bye Bye Barry,2023,92,"Documentary,Sport",7.7,2398.0
tt33496202,Ramnagar Bunny,2024,148,Comedy,6.2,2399.0
tt27411485,Minus 31: The Nagpur Files,2023,134,"Crime,Music,Mystery",5.3,2401.0
tt27330026,Dhak Dhak,2023,140,Drama,6.3,2402.0
tt29262075,Monster Island,2024,83,Horror,5.2,2402.0
tt32284122,Aan Paavam Pollathathu,2025,122,"Comedy,Drama,Romance",7.0,2403.0
tt27921620,All-Time High,2023,101,Comedy,5.8,2404.0
tt15327256,Viruman,2022,149,"Action,Drama",4.9,2405.0
tt23723678,Sattam En Kaiyil,2024,124,"Crime,Horror,Thriller",7.6,2406.0
tt39302439,Honey,2026,120,"Horror,Thriller",3.7,2406.0
tt25377462,A Guilty Conscience,2023,135,"Comedy,Crime,Drama",7.2,2408.0
tt19770970,Detective Conan: The Bride of Halloween,2022,111,"Action,Animation,Crime",6.8,2409.0
tt5478456,We Are Zombies,2023,80,"Comedy,Horror",5.3,2409.0
tt28539705,Star,2024,158,Drama,6.6,2409.0
tt10462154,The Most Precious of Cargoes,2024,81,"Animation,Drama",7.1,2410.0
tt14881696,Uncle Tom II: An American Odyssey,2022,114,"Documentary,History",6.6,2411.0
tt36871027,Mother of Flies,2025,92,"Horror,Mystery,Thriller",5.4,2411.0
tt32480186,ED: Extra Decent,2024,122,Comedy,5.9,2411.0
tt14112080,Tethered,2022,88,"Drama,Horror,Mystery",4.7,2412.0
tt32491690,Dark Nuns,2025,114,"Horror,Mystery,Thriller",5.2,2413.0
tt19364132,Drugstore June,2024,91,"Comedy,Crime,Mystery",5.4,2416.0
tt15078854,Bangarraju,2022,150,Drama,5.5,2417.0
tt36457300,Prakambanam,2026,150,"Comedy,Horror",5.7,2420.0
tt31306866,I Heart Robots,2024,76,"Action,Adventure",4.3,2420.0
tt15567964,C.S.I Sanatan,2023,\N,"Crime,Thriller",4.6,2421.0
tt15477096,Night Drive,2022,118,"Drama,Thriller",6.7,2421.0
tt35050712,Saccharine,2026,113,"Drama,Horror,Sci-Fi",5.9,2422.0
tt15399616,Ayisha,2023,153,"Comedy,Drama,Family",5.9,2422.0
tt34965625,Prime Minister,2025,101,Documentary,7.0,2423.0
tt15740596,Weekend Rebels,2023,109,"Comedy,Drama,Sport",7.0,2425.0
tt15466426,Everybody Hates Johan,2022,93,Comedy,6.8,2425.0
tt12283036,Room 203,2022,104,"Drama,Horror,Thriller",4.3,2426.0
tt30701950,Khadaan,2024,137,"Action,Drama",7.1,2427.0
tt26316907,Iraivan,2023,154,"Action,Crime,Drama",4.7,2428.0
tt33088719,Hide N Seek,2024,134,"Horror,Thriller",8.2,2428.0
tt33293169,Mango,2025,96,"Comedy,Drama,Romance",5.7,2429.0
tt14780126,Murphy,2024,136,"Drama,Musical,Romance",6.9,2429.0
tt27736430,Daaru Na Peenda Hove,2024,111,"Comedy,Drama,Family",6.3,2429.0
tt35042637,Warlord,2025,101,"Action,Adventure,Fantasy",4.9,2433.0
tt36364273,Holy Ghost,2025,100,"Horror,Mystery,Thriller",3.3,2434.0
tt34874906,Pranaya Godari,2024,148,"Action,Romance",7.8,2435.0
tt27621015,Shastry Viruddh Shastry,2023,140,Drama,6.9,2435.0
tt14772014,He Went That Way,2023,95,"Crime,Drama,Thriller",5.1,2436.0
tt38674977,Made in Korea,2026,113,"Adventure,Drama",6.0,2437.0
tt21860836,Obi-Wan Kenobi: A Jedi's Return,2022,59,Documentary,7.3,2438.0
tt27641085,Sijjin,2023,100,"Horror,Thriller",5.4,2438.0
tt14637386,Parallel,2024,88,"Drama,Sci-Fi,Thriller",5.4,2439.0
tt21087084,Happy Ending,2023,92,"Comedy,Romance",5.4,2440.0
tt29361963,Rebuilding,2025,96,Drama,6.8,2441.0
tt32263401,Reflection in a Dead Diamond,2025,87,"Action,Mystery,Sci-Fi",6.2,2441.0
tt21110654,Aztec Batman: Clash of Empires,2025,89,"Action,Adventure,Animation",5.4,2442.0
tt13240610,Night of the Tommyknockers,2022,86,"Drama,Horror,Thriller",5.1,2443.0
tt23849582,Madhura Manohara Moham,2023,117,"Comedy,Drama,Family",6.4,2445.0
tt31616118,Anpodu Kanmani,2025,120,Family,5.2,2447.0
tt30630336,Tekka,2024,135,Drama,6.1,2449.0
tt36153493,Wildcat,2025,99,"Action,Crime,Thriller",3.9,2452.0
tt18233116,1921: Puzha Muthal Puzha Vare,2022,190,History,6.9,2454.0
tt11923962,Thanal,2025,126,"Action,Drama,Thriller",5.3,2454.0
tt27623406,I Don't Understand You,2024,97,"Comedy,Horror",5.4,2454.0
tt23635174,My Name Is Shruthi,2023,130,Thriller,6.1,2454.0
tt29415777,Jithender Reddy,2024,136,Action,7.1,2455.0
tt29475628,Nunta Pe Ban,2023,96,Comedy,6.9,2455.0
tt31869664,Baki Hanma VS Kengan Ashura,2024,62,"Action,Animation,Drama",5.7,2456.0
tt34139335,Return of the King: The Fall and Rise of Elvis Presley,2024,90,"Documentary,Music",7.6,2457.0
tt21281462,Poran,2022,139,"Crime,Drama,History",7.3,2458.0
tt36733027,Nobody,2025,118,"Animation,Comedy,Drama",7.9,2458.0
tt19768016,Love According to Dalva,2022,83,Drama,7.3,2464.0
tt16369708,The Imaginary,2023,105,"Adventure,Animation,Drama",6.8,2466.0
tt27502250,Anselm,2023,93,Documentary,7.2,2466.0
tt15115804,O2,2022,140,Thriller,5.7,2468.0
tt21955196,Stolen,2024,105,"Drama,Thriller",5.8,2469.0
tt13456340,Riceboy Sleeps,2022,117,"Drama,Family,History",7.6,2473.0
tt23474462,Japan,2023,156,"Action,Comedy,Crime",3.2,2473.0
tt10509906,The Long Night,2022,91,Horror,3.8,2474.0
tt32247943,Miroirs No. 3,2025,86,"Drama,Music,Mystery",6.6,2475.0
tt28535416,Tantra,2024,136,Horror,4.9,2476.0
tt11696276,Renegades,2022,91,"Action,Crime,Drama",3.7,2476.0
tt38353198,Valavaara,2025,113,Drama,7.3,2476.0
tt23782662,Private Lesson,2022,89,"Comedy,Romance",4.8,2477.0
tt29454492,Kolpaçino: 4 4'lük,2024,98,Comedy,2.7,2477.0
tt29943172,Amsterdamned II,2025,110,"Action,Horror,Thriller",5.5,2477.0
tt19768508,Cyber Hell: Exposing an Internet Horror,2022,105,"Crime,Documentary",6.6,2478.0
tt27674700,Rosario,2025,88,Horror,4.4,2480.0
tt22507374,Bogota: City of the Lost,2024,108,"Crime,Drama,Thriller",5.4,2480.0
tt32495402,Srikakulam Sherlockholmes,2024,125,Comedy,7.7,2481.0
tt32598483,Goyo,2024,106,"Comedy,Drama,Romance",6.6,2484.0
tt13592970,Loop Track,2023,94,"Adventure,Horror,Sci-Fi",5.8,2484.0
tt15944018,Once Upon a Crime,2023,107,"Adventure,Comedy,Crime",5.3,2486.0
tt28660814,Scout's Honor: The Secret Files of the Boy Scouts of America,2023,94,"Crime,Documentary",7.0,2486.0
tt25366998,Alhamour H.A.,2023,120,"Biography,Comedy,Crime",7.1,2488.0
tt34280353,Yacht Rock: A Dockumentary,2024,95,"Documentary,Music",7.6,2490.0
tt28630624,Panda Plan,2024,99,"Action,Comedy,Family",5.1,2491.0
tt29703523,Caligula: The Ultimate Cut,2023,178,"Drama,History",6.2,2494.0
tt29567402,Rabbit Trap,2025,88,"Horror,Mystery,Thriller",4.8,2494.0
tt5834410,The Tiger's Apprentice,2024,84,"Action,Adventure,Animation",5.8,2494.0
tt21746178,The Anthrax Attacks,2022,94,"Crime,Documentary",6.3,2496.0
tt10984580,Utama,2022,87,Drama,7.1,2497.0
tt31924094,Gajaana,2025,108,"Adventure,Fantasy",3.5,2498.0
tt26896414,All the Devils Are Here,2025,91,"Mystery,Thriller",5.4,2499.0
tt2488666,Malibu Horror Story,2023,83,"Horror,Thriller",4.4,2499.0
tt29995494,From Embers,2024,99,Thriller,7.1,2502.0
tt27747488,Goldilocks and the Three Bears: Death and Porridge,2024,82,"Horror,Thriller",2.2,2503.0
tt13806164,Dry,2022,97,"Comedy,Drama",6.2,2503.0
tt19358832,Hello June,2022,139,"Family,Musical,Romance",7.2,2503.0
tt24244300,DeAr,2024,132,"Drama,Family,Romance",5.2,2504.0
tt13603778,American Murderer,2022,102,"Biography,Crime,Drama",5.4,2505.0
tt20864606,Camp Pleasant Lake,2024,90,Horror,3.2,2505.0
tt11281192,Qalb,2024,147,"Drama,Romance",6.4,2506.0
tt15465194,Dr. 56,2022,105,"Crime,Mystery,Sci-Fi",6.7,2507.0
tt30007748,Roti Kapda Romance,2024,153,"Comedy,Drama,Romance",5.7,2510.0
tt16378034,Tantura,2022,94,"Documentary,History",8.5,2511.0
tt8059926,Gajaman,2023,99,"Animation,Comedy,Romance",7.9,2513.0
tt13611770,Seoul Vibe,2022,138,"Action,Comedy,Crime",5.5,2515.0
tt36774478,Krantijyoti Vidyalay Marathi Madhyam,2026,149,\N,8.3,2515.0
tt24516518,Vaalvi,2023,106,"Comedy,Drama,Thriller",8.3,2516.0
tt13205458,Float,2023,100,"Drama,Romance",5.4,2519.0
tt32251194,Illegal Hayatlar: Meclis,2024,115,Comedy,6.0,2519.0
tt36812691,Premistunnaa,2025,178,\N,5.8,2519.0
tt12972134,Hounds of War,2024,95,"Action,Drama",4.6,2522.0
tt20319598,Lakadbaggha,2023,129,"Action,Comedy,Crime",6.2,2523.0
tt13639204,Employee of the Month,2022,83,Comedy,6.1,2525.0
tt21096576,One Fast Move,2024,108,Action,5.1,2525.0
tt20851874,Fourth of July,2022,90,"Comedy,Drama",6.7,2526.0
tt27648380,Var Padharavo Saavdhan,2023,135,"Drama,Family",3.6,2526.0
tt16444750,The Last 10 Years,2022,124,"Drama,Romance",7.1,2528.0
tt24069594,Pasivadi Pranam,2022,130,"Crime,Drama,Horror",6.9,2529.0
tt28285070,Rajugari Kodipulao,2023,137,"Comedy,Drama,Mystery",8.2,2529.0
tt28332337,Eephus,2024,99,"Comedy,Drama,Sport",6.7,2530.0
tt26434746,First Shift,2024,89,"Crime,Drama",4.4,2530.0
tt13098590,Fear Below,2025,85,"Action,Adventure,Horror",5.1,2530.0
tt14773478,Medusa Deluxe,2022,101,"Drama,Mystery",6.1,2532.0
tt17542540,Christmas with the Campbells,2022,88,"Comedy,Romance",5.4,2532.0
tt15713012,Overdose,2022,119,"Action,Crime,Thriller",5.8,2534.0
tt36956674,I'm Chevy Chase and You're Not,2025,97,"Biography,Documentary",6.8,2537.0
tt33402908,The Son of a Thousand Men,2025,126,Drama,7.3,2537.0
tt14941698,Tad the Lost Explorer and the Emerald Tablet,2022,90,"Adventure,Animation,Comedy",6.0,2539.0
tt21853596,The Island,2023,93,"Action,Thriller",4.6,2539.0
tt12312854,Dark Obsession,2023,96,Thriller,5.4,2540.0
tt29522022,Arjun Chakravarthy,2025,141,"Biography,Drama,Romance",6.4,2541.0
tt13913068,Vaashi,2022,155,"Drama,Thriller",6.3,2542.0
tt26863503,Karna Pisachi,2024,103,Thriller,8.0,2546.0
tt18305194,The Smile Man,2024,122,"Crime,Thriller",6.9,2547.0
tt33029543,Stelios,2024,132,"Biography,Drama,Music",7.1,2547.0
tt23846664,Extra Ordinary Man,2023,157,"Action,Comedy,Crime",4.9,2548.0
tt21264924,Blockade,2022,105,Drama,6.0,2550.0
tt36931506,Paranthu Po,2025,140,Comedy,7.2,2551.0
tt14926914,Bermuda Island,2023,86,"Action,Adventure,Drama",3.9,2552.0
tt26060006,The Good Teacher,2024,91,"Drama,Thriller",6.6,2553.0
tt31807233,Her Story,2024,123,"Comedy,Drama,Romance",7.5,2553.0
tt27511275,8 A.M. Metro,2023,116,Drama,7.7,2554.0
tt22475426,What We Hide,2025,102,Drama,6.1,2554.0
tt23183388,Chaver,2023,128,"Crime,Thriller",6.2,2554.0
tt7972570,Mr. K,2024,94,"Comedy,Drama,Mystery",5.4,2557.0
tt28769440,Rest in Peace,2024,105,"Drama,Thriller",5.8,2558.0
tt21833834,Limbo,2023,108,"Crime,Drama,Mystery",6.2,2560.0
tt16986596,Sons of Summer,2023,88,"Action,Crime,Mystery",3.6,2561.0
tt39255646,Thaai Kizhavi,2026,150,"Comedy,Drama",7.5,2561.0
tt21215056,The Garage,2022,113,Comedy,5.6,2562.0
tt21361340,Month of Madhu,2023,140,"Drama,Romance",6.7,2562.0
tt13022120,A Deadly Invitation,2023,92,"Comedy,Mystery,Thriller",5.1,2563.0
tt15783426,One Day as a Lion,2023,87,"Action,Comedy,Thriller",5.2,2566.0
tt19894774,The Braid,2023,121,Drama,7.2,2566.0
tt16591746,Guard: Revenge for Love,2025,135,"Horror,Thriller",4.2,2567.0
tt27219011,Footage,2024,124,Thriller,4.3,2570.0
tt35521200,Two Prosecutors,2025,118,"Biography,Crime,Drama",7.1,2570.0
tt30150769,The Best You Can,2025,103,"Comedy,Drama,Romance",6.3,2570.0
tt10341196,Gigi & Nate,2022,114,"Drama,Family",6.7,2570.0
tt37275151,Missterious,2025,132,"Mystery,Romance,Thriller",9.2,2570.0
tt31416854,Anand Sreebala,2024,134,Crime,6.6,2571.0
tt8983230,Broad Peak,2022,101,"Adventure,Biography,Drama",6.0,2572.0
tt36751759,Wick Is Pain,2025,126,Documentary,7.6,2574.0
tt33362807,Popeye's Revenge,2025,79,Horror,3.1,2575.0
tt29266854,Marichi,2023,129,Mystery,5.6,2577.0
tt14913250,Everybody Loves Jeanne,2022,97,"Comedy,Drama,Romance",6.4,2579.0
tt26425683,j-hope IN THE BOX,2023,85,"Documentary,Music",8.4,2581.0
tt32245870,Happy Patel: Khatarnak Jasoos,2026,119,"Action,Comedy,Crime",4.6,2583.0
tt33772755,C202,2024,135,Horror,5.6,2583.0
tt13531020,Kumari,2022,137,"Horror,Thriller",6.4,2585.0
tt32499466,Finding Emily,2026,111,"Comedy,Romance",6.9,2586.0
tt20100884,"Where the Devil Can't Go, He Sends a Woman 2",2023,122,"Comedy,Crime,Drama",4.6,2588.0
tt26493971,Aranmanai 4,2024,148,Horror,5.0,2588.0
tt37495011,Jigris,2025,150,\N,7.7,2588.0
tt11426228,Spirit Halloween,2022,87,"Adventure,Family,Fantasy",4.6,2589.0
tt33737583,Euphoria,2026,150,Drama,7.5,2590.0
tt13913326,Chernobyl: The Lost Tapes,2022,96,"Documentary,History",7.9,2593.0
tt36956670,Jujutsu Kaisen: Hidden Inventory / Premature Death - The Movie,2025,110,"Action,Animation,Fantasy",7.9,2596.0
tt33143854,Couple Friendly,2026,120,"Musical,Romance",7.1,2597.0
tt12953548,Super Sharanya,2022,161,"Comedy,Romance",6.5,2597.0
tt21435436,Detective Knight: Rogue,2022,105,"Action,Adventure,Crime",3.9,2597.0
tt31922530,The Beach Boys,2024,113,"Biography,Documentary,Music",7.1,2598.0
tt22394800,Tears of Cem Karaca,2024,123,"Biography,Drama,Music",7.1,2598.0
tt33022813,Love in the Big City,2024,118,"Comedy,Drama,Romance",7.3,2599.0
tt27165281,Dying,2024,180,"Comedy,Drama",7.4,2602.0
tt21109538,Hansan: Rising Dragon,2022,130,"Action,Drama,History",6.6,2602.0
tt12415670,Kingdom 2: Far and Away,2022,134,"Action,Adventure,History",6.7,2602.0
tt31435586,Valari,2024,135,"Horror,Thriller",7.9,2603.0
tt6881490,Sound of Hope: The Story of Possum Trot,2024,130,Drama,7.1,2603.0
tt14260566,The Great Lillian Hall,2024,110,"Adventure,Biography,History",7.2,2603.0
tt12826598,No Dogs or Italians Allowed,2022,70,"Animation,Drama,Family",7.3,2605.0
tt24342088,Christy,2023,141,"Comedy,Drama,Romance",4.9,2605.0
tt11900398,Ashiap Man,2022,102,"Action,Adventure,Comedy",3.4,2611.0
tt16174868,Left Behind: Rise of the Antichrist,2023,115,"Action,Drama,Mystery",4.5,2612.0
tt17201166,Unseen,2023,76,"Horror,Thriller",5.8,2613.0
tt29644530,Murderess,2023,97,Drama,7.3,2614.0
tt29730305,Peacock,2024,102,"Comedy,Drama",7.0,2615.0
tt26439204,Mercy,2023,85,"Action,Drama",4.5,2616.0
tt18372380,Daari,2022,111,"Crime,Thriller",7.6,2618.0
tt19896150,The Angry Black Girl and Her Monster,2023,91,"Drama,Fantasy,Horror",5.3,2618.0
tt29436996,Bubblegum,2023,146,"Drama,Romance",6.0,2619.0
tt26217622,Zoey 102,2023,101,"Comedy,Drama,Family",4.9,2620.0
tt24060354,Hwjn,2023,126,"Fantasy,Romance",5.8,2620.0
tt16433236,The Sound of 007,2022,88,"Documentary,Music",7.4,2620.0
tt15670222,The Flood,2023,93,"Action,Horror,Thriller",3.2,2621.0
tt32306048,Ruth & Boaz,2025,93,"Drama,Romance",6.0,2622.0
tt27866861,I Want to Talk,2024,122,Drama,7.1,2622.0
tt9365800,Slayers,2022,88,"Comedy,Fantasy,Horror",3.3,2624.0
tt37895011,Rao Bahadur,2026,145,"Drama,Horror,Mystery",8.8,2625.0
tt22742070,The Abandoned,2022,128,"Crime,Drama,Mystery",6.2,2627.0
tt21392906,Wrongful Death,2023,86,"Horror,Mystery,Thriller",4.6,2629.0
tt22656762,Dive,2022,95,"Drama,Sport",6.9,2631.0
tt19893706,Krishna Vrinda Vihari,2022,139,"Comedy,Drama,Romance",5.8,2632.0
tt7959138,10 Lives,2024,88,"Animation,Comedy,Family",6.0,2636.0
tt31100572,Utsavam,2024,140,Drama,8.7,2637.0
tt23556408,The Collective,2023,86,"Action,Thriller",3.3,2639.0
tt30287778,"I, the Executioner",2024,118,"Action,Adventure,Comedy",6.3,2640.0
tt14850544,Sam & Kate,2022,110,"Comedy,Drama,Romance",6.3,2640.0
tt21836620,Skandal! Bringing Down Wirecard,2022,92,"Crime,Documentary",7.2,2640.0
tt21377766,Frogman,2023,81,"Horror,Sci-Fi",5.1,2640.0
tt35705915,Andrew Schulz: Life,2025,59,"Comedy,Documentary",7.6,2641.0
tt10669888,Blood for Dust,2023,98,"Action,Crime,Thriller",5.3,2642.0
tt28448182,Mountain Queen: The Summits of Lhakpa Sherpa,2023,105,"Adventure,Documentary",7.6,2644.0
tt30790226,Viraaji,2024,100,Thriller,7.4,2644.0
tt10373344,Fisherman's Friends: One and All,2022,111,"Comedy,Drama,Music",6.5,2646.0
tt27958252,Caught by the Tides,2024,111,Drama,6.7,2647.0
tt32553651,Andhra King Taluka,2025,163,Drama,6.5,2647.0
tt12774526,After the Pandemic,2022,84,Sci-Fi,3.5,2647.0
tt26452616,Giant,2025,110,"Biography,Drama,Sport",6.7,2649.0
tt11092178,The Snow Sister,2024,96,"Drama,Family",7.0,2649.0
tt8980128,Deus,2022,90,"Adventure,Mystery,Sci-Fi",4.4,2650.0
tt11565160,The Y,2023,110,"Horror,Mystery,Thriller",5.3,2653.0
tt16377816,Mars One,2022,115,Drama,7.4,2654.0
tt11010888,Student Body,2022,89,"Horror,Thriller",4.3,2654.0
tt12298140,Virus-32,2022,90,Horror,5.5,2656.0
tt12691830,A Love Song,2022,81,Romance,6.7,2656.0
tt38721131,Athiradi,2026,157,"Action,Comedy,Drama",6.9,2660.0
tt36841098,Bone Keeper,2026,90,Horror,5.0,2660.0
tt15558182,Connie Lynn,2022,100,"Mystery,Thriller",2.4,2664.0
tt2505304,Suicide for Beginners,2022,94,"Comedy,Horror",5.0,2666.0
tt15438542,Code Name Banshee,2022,88,"Action,Thriller",3.8,2668.0
tt18671386,Fullmetal Alchemist: The Revenge of Scar,2022,125,"Action,Adventure,Fantasy",5.4,2668.0
tt8514848,Summit Fever,2022,115,Drama,5.3,2669.0
tt15262370,Maneater,2022,87,"Action,Horror,Thriller",3.2,2670.0
tt27571371,Malli Pelli,2023,130,"Drama,Romance",5.7,2671.0
tt20754156,Tumse Na Ho Payega,2023,132,"Comedy,Drama",7.6,2672.0
tt26732332,Bazooka,2025,154,"Action,Crime,Thriller",6.8,2673.0
tt7175968,My Neighbor Adolf,2022,96,"Comedy,Drama",6.6,2674.0
tt28091020,Natho Nenu,2023,140,Romance,7.6,2674.0
tt33603921,Tyler Perry's Joe's College Road Trip,2026,111,Comedy,5.4,2675.0
tt7813294,A Fairy Tale After All,2022,72,"Adventure,Family,Fantasy",3.2,2676.0
tt40769151,The Great Grand Superhero: Aliens Ka Aagman,2026,112,"Adventure,Comedy,Drama",7.9,2678.0
tt32881480,A Brother and 7 Siblings,2024,129,"Drama,Family",8.1,2679.0
tt32129938,The Marked Woman,2026,109,"Crime,Drama,Mystery",5.5,2682.0
tt26594993,Amelia's Children,2023,91,"Horror,Thriller",5.1,2686.0
tt27502227,Pictures of Ghosts,2023,93,"Documentary,History",7.6,2686.0
tt8637438,Night Patrol,2025,103,"Horror,Mystery,Thriller",4.4,2687.0
tt15824990,The Cello,2023,120,"Horror,Mystery,Thriller",3.8,2688.0
tt15289510,Slow,2023,108,"Drama,Romance",7.0,2689.0
tt31986077,Mercy Killing,2024,131,"Action,Drama,Romance",8.7,2689.0
tt14330236,Mack & Rita,2022,94,"Comedy,Fantasy",4.8,2691.0
tt7718100,Heist 88,2023,83,"Crime,Drama",5.3,2693.0
tt9462944,Treasure,2024,111,"Comedy,Drama",6.4,2693.0
tt26903085,Falling in Love Like in Movies,2023,118,"Comedy,Drama,Romance",8.3,2693.0
tt24079788,Victim/Suspect,2023,90,"Crime,Documentary",6.8,2696.0
tt22184976,Minions & More 1,2022,48,"Adventure,Animation,Comedy",6.5,2697.0
tt13498824,The Match,2025,115,"Biography,Drama,Sport",6.8,2698.0
tt28355490,The Art of Love,2024,99,"Drama,Romance",4.6,2699.0
tt13557082,Mahaveeryar,2022,140,"Action,Comedy,Drama",6.0,2702.0
tt28291010,"13 Days, 13 Nights",2025,112,"Action,Biography,Drama",6.7,2702.0
tt15801594,Lighting up the Stars,2022,112,"Comedy,Drama",7.5,2702.0
tt32916228,Hell House LLC: Lineage,2025,108,Horror,4.1,2705.0
tt14866108,Miranda's Victim,2023,127,"Crime,Drama",6.7,2705.0
tt16154506,Breakout,2023,86,"Action,Crime,Thriller",4.6,2705.0
tt21867370,Confidential Assignment 2: International,2022,129,"Action,Comedy,Thriller",6.6,2708.0
tt28075450,Kutra,2023,104,"Crime,Horror,Mystery",7.0,2708.0
tt12038672,Money Back Guarantee,2023,122,"Action,Comedy,Thriller",4.7,2708.0
tt31101921,The Captive,2025,134,"Adventure,Biography,Drama",6.1,2709.0
tt36587142,Aaromaley,2025,128,"Comedy,Drama,Romance",7.1,2709.0
tt13004806,A Ranjith Cinema,2023,149,Thriller,4.9,2710.0
tt13399946,Goliath,2022,121,"Drama,Thriller",6.8,2712.0
tt19845414,Hell Dogs,2022,138,"Action,Crime,Drama",6.7,2713.0
tt32810496,Diamonds,2024,135,"Comedy,Drama",6.7,2714.0
tt38681832,Colors of Evil: Black,2026,110,"Crime,Drama",5.9,2715.0
tt14388612,Gunfight at Rio Bravo,2023,80,"Action,Drama,Western",4.0,2715.0
tt27458904,Tufang,2023,142,"Action,Drama,Thriller",5.6,2716.0
tt27744719,Thiru.Manickam,2024,122,Thriller,7.9,2718.0
tt13497984,From Black,2023,100,Horror,5.0,2718.0
tt13362890,The Surprise Visit,2022,86,Thriller,4.1,2719.0
tt14056670,Paappan,2022,169,"Crime,Drama,Mystery",6.7,2720.0
tt26923797,Deaf,2025,99,Drama,7.3,2720.0
tt16491414,The Naughty Nine,2023,83,"Adventure,Comedy,Crime",5.4,2723.0
tt34377012,Mukadderat,2024,90,"Comedy,Drama",6.9,2725.0
tt36017918,Bhartha Mahasayulaku Wignyapthi,2026,142,"Comedy,Drama",6.3,2726.0
tt3331548,Not Without Hope,2025,121,"Drama,Thriller",5.4,2726.0
tt20204996,Darkland: The Return,2023,110,"Action,Thriller",6.3,2727.0
tt35927674,Siko Siko,2025,100,"Comedy,Crime,Thriller",7.3,2729.0
tt15483596,Jo and Jo,2022,134,"Comedy,Drama",7.1,2729.0
tt27510137,Brahmavaram PS Paridilo,2024,104,Thriller,8.5,2729.0
tt33333712,The Pet Detective,2025,130,"Adventure,Comedy,Thriller",6.4,2735.0
tt25434258,Apurva,2023,95,"Drama,Thriller",6.2,2737.0
tt5986440,The Glassworker,2024,98,"Animation,Drama,Romance",7.0,2739.0
tt39167354,Nanu Karunakara,2026,140,Family,6.7,2741.0
tt17351056,The Last Kumite,2024,105,Action,4.7,2743.0
tt10981012,Veerame Vaagai Soodum,2022,166,"Action,Thriller",6.3,2746.0
tt12747570,Diary,2022,133,"Crime,Drama,Thriller",7.2,2747.0
tt12830948,Fear,2023,98,Horror,3.7,2750.0
tt13645322,F3: Fun and Frustration,2022,148,"Comedy,Family,Romance",4.7,2750.0
tt28684462,Kaagaz 2,2024,125,Drama,5.8,2752.0
tt31723358,Tell Me What You Want,2024,114,"Drama,Romance,Thriller",4.1,2753.0
tt35657504,The Dinner,2025,106,"Comedy,Drama,History",6.6,2755.0
tt32843331,Janaka Aithe Ganaka,2024,138,Drama,7.4,2756.0
tt15548032,Dangerous Liaisons,2022,109,"Drama,Romance",4.2,2757.0
tt22695428,God Forbid,2022,109,Documentary,6.8,2758.0
tt28036417,Rascal Does Not Dream of a Knapsack Kid,2023,75,"Animation,Drama,Fantasy",7.8,2760.0
tt37541677,Mohiniyattam,2026,145,"Comedy,Crime,Mystery",7.6,2760.0
tt8511466,Aporia,2023,104,"Drama,Sci-Fi",5.6,2762.0
tt6373362,Nasha Jurm Aur Gangsters,2024,137,"Action,Crime,Drama",6.2,2762.0
tt38428591,Vattakhanal,2025,130,"Mystery,Thriller",6.3,2765.0
tt14039086,Run & Gun,2022,96,"Action,Thriller",5.1,2766.0
tt32161562,Ikinci Raunt,2024,\N,Documentary,7.7,2770.0
tt29344894,All That's Left of You,2025,146,"Drama,Romance",7.9,2771.0
tt32083311,On Becoming a Guinea Fowl,2024,99,"Comedy,Drama",7.0,2771.0
tt26270862,Sex,2024,118,"Drama,Romance",6.6,2774.0
tt21946058,Hunt,2023,132,"Action,Crime,Thriller",5.3,2777.0
tt33888205,The Great Pre-Wedding Show,2025,116,\N,7.4,2779.0
tt21833376,Dovbush,2023,124,"Action,Adventure,Drama",7.3,2780.0
tt7787524,Henry Danger: The Movie,2025,86,"Action,Adventure,Comedy",4.8,2784.0
tt31189897,Billy & Molly: An Otter Love Story,2024,77,Documentary,8.0,2785.0
tt14866710,Blasted,2022,114,"Action,Comedy,Sci-Fi",4.8,2788.0
tt31948043,Pottel,2024,148,"Action,Drama,Thriller",8.0,2789.0
tt14670094,Ruthless,2023,92,"Action,Adventure,Thriller",5.2,2790.0
tt15353450,Within Seconds,2023,\N,War,3.3,2793.0
tt26637593,Devaki Nandana Vasudeva,2024,128,Action,6.2,2795.0
tt27348312,Rascal Does Not Dream of a Sister Venturing Out,2023,73,"Animation,Drama,Fantasy",7.3,2795.0
tt37956153,Laalo: Krishna Sada Sahaayate,2025,135,"Drama,Family",8.1,2796.0
tt33305581,Shiver Me Timbers,2025,73,"Comedy,Horror",4.3,2797.0
tt27477888,Test,2025,145,"Drama,Sport",5.1,2798.0
tt21653744,Romance in Style,2022,84,"Comedy,Romance",6.4,2800.0
tt12306964,On the Fringe,2022,105,Drama,6.6,2800.0
tt33479839,The Siege at Thorn High,2025,118,"Action,Crime,Drama",6.4,2805.0
tt32907397,Inside the Mind of a Dog,2024,75,Documentary,7.2,2807.0
tt15816190,Ravanasura,2023,141,"Action,Crime,Drama",5.7,2807.0
tt42192165,The Murder of Rachel Nickell,2026,95,"Crime,Documentary",6.8,2808.0
tt34434461,Tell Me Softly,2025,119,"Drama,Romance",4.7,2808.0
tt21222434,Sniper: Rogue Mission,2022,96,"Action,Thriller",4.7,2809.0
tt22488024,Sakra,2023,130,"Action,Adventure",5.7,2812.0
tt14005338,Family Affairs,2022,87,"Comedy,Drama",6.1,2812.0
tt25052668,Christmas Eve in Miller's Point,2024,106,"Comedy,Drama",5.5,2813.0
tt26659737,Cheddy Gang Tamasha,2023,160,"Action,Comedy,Crime",7.5,2813.0
tt15399372,The Kings of the World,2022,103,"Adventure,Drama",7.0,2815.0
tt14540892,The Invisible Thread,2022,109,"Comedy,Drama,Family",6.8,2815.0
tt28088049,Bitter Christmas,2026,111,"Comedy,Drama",6.4,2818.0
tt13920920,Subtraction,2022,107,"Drama,Mystery",6.5,2819.0
tt37392885,Murderbaad,2025,153,Thriller,6.1,2822.0
tt20257492,Lonesome Soldier,2023,109,"Biography,Drama,Thriller",6.9,2827.0
tt26315566,The Final: Attack on Wembley,2024,82,"Crime,Documentary,Sport",6.3,2827.0
tt30789086,Control Freak,2025,104,Horror,4.5,2830.0
tt22185848,¡Que viva México!,2023,191,Comedy,5.6,2831.0
tt28244549,Grand Theft Hamlet,2024,89,"Animation,Documentary",6.9,2831.0
tt14637756,Rooney,2022,103,"Biography,Documentary,Sport",6.8,2832.0
tt24326458,One Mile: Chapter One,2026,89,"Action,Adventure,Drama",5.7,2833.0
tt17291716,Heatwave,2022,100,Thriller,5.0,2834.0
tt27180099,Grand Tour,2024,129,"Drama,History,Romance",6.5,2835.0
tt32214143,Gabby's Dollhouse: The Movie,2025,98,"Adventure,Animation,Comedy",5.4,2838.0
tt19984386,American Star,2024,107,"Drama,Mystery,Thriller",5.5,2838.0
tt6912566,The Renata Road,2022,121,"Mystery,Thriller",4.7,2839.0
tt10709114,Immediate Family,2022,102,"Documentary,Music",8.5,2840.0
tt22036922,Mr. King,2023,145,"Drama,Romance,Thriller",5.0,2840.0
tt15314640,Cobalt Blue,2022,112,"Drama,Romance",6.6,2841.0
tt31216055,Ajay Gadu,2024,108,Action,7.6,2841.0
tt38077601,Ranna Baati,2025,122,Drama,6.9,2842.0
tt5322004,Three Months,2022,104,"Comedy,Drama",6.8,2843.0
tt21909366,Boundless,2024,121,"Crime,Thriller",5.6,2844.0
tt23864864,Joram,2023,119,"Action,Adventure,Crime",6.5,2844.0
tt37049996,Valathu Vashathe Kallan,2026,135,"Crime,Thriller",6.1,2845.0
tt11052678,The Silent Twins,2022,113,"Biography,Crime,Drama",5.7,2846.0
tt26694732,Janata Bar,2025,122,"Action,Drama",6.5,2846.0
tt8956284,Rimini,2022,114,"Comedy,Drama,Music",6.9,2849.0
tt13026738,Boon,2022,95,"Action,Crime,Drama",4.9,2849.0
tt25434854,Deep Sea,2023,112,"Adventure,Animation,Drama",6.8,2849.0
tt13232552,The Man in the White Van,2023,105,Thriller,5.4,2849.0
tt12338246,Death Count,2022,81,Horror,4.4,2850.0
tt10545214,Aliya Basu Gayab Hai,2024,103,"Crime,Drama",5.1,2850.0
tt35669125,This Is Not a Test,2025,103,"Horror,Thriller",4.7,2851.0
tt29471661,DNA,2025,140,\N,7.1,2852.0
tt14369296,Doom of Love,2022,100,"Drama,Romance",4.9,2854.0
tt14398312,"LSD 2: Love, Sex Aur Dhokha 2",2024,119,"Comedy,Crime,Drama",3.7,2855.0
tt27721737,The Balconettes,2024,104,"Comedy,Fantasy,Horror",5.7,2855.0
tt13893190,The Bunker Game,2022,95,"Horror,Mystery,Thriller",3.3,2857.0
tt27811009,Monster on a Plane,2024,88,"Comedy,Horror",4.6,2859.0
tt27837467,Unknown: Cave of Bones,2023,93,Documentary,6.7,2864.0
tt10284944,The Fix,2024,98,"Action,Sci-Fi",4.8,2864.0
tt32080656,The Battle of Oslo,2025,94,"Action,Drama,War",7.0,2866.0
tt30400822,Rajkumar,2024,145,"Drama,Family,Romance",7.3,2869.0
tt21308718,Ashes,2024,100,"Drama,Romance",4.3,2870.0
tt26675379,Vitoria,2025,112,"Crime,Drama",7.4,2870.0
tt15816336,Nadikar,2024,142,Comedy,5.1,2873.0
tt27773954,The Thing with Feathers,2025,98,Drama,5.7,2873.0
tt22297570,4 Years,2022,122,Romance,5.3,2874.0
tt30253266,The Painter,2024,100,Thriller,4.8,2875.0
tt27713772,Bank of Dave 2: The Loan Ranger,2025,104,"Biography,Comedy,Drama",6.3,2877.0
tt21478426,Life After Fighting,2024,126,"Action,Drama,Thriller",6.4,2877.0
tt23472210,Bookworm,2024,103,"Adventure,Comedy,Drama",6.0,2877.0
tt12359080,Zero Contact,2022,97,Thriller,4.0,2878.0
tt27811248,The Tasters,2025,123,"Drama,History,War",6.4,2879.0
tt32525026,Sunday Special,2024,91,"Comedy,Drama",6.9,2880.0
tt21818816,While We Watched,2022,94,"Biography,Documentary,News",8.5,2880.0
tt20452494,Haraa,2024,136,Action,4.7,2880.0
tt23458804,J.S.K - Janaki V v/s State of Kerala,2025,154,"Action,Drama,Thriller",5.7,2885.0
tt16266336,Missing Home,2022,114,"Comedy,Drama",7.9,2885.0
tt23218054,A True Gentleman,2024,110,"Drama,Romance",4.5,2886.0
tt32827713,Thalaivan Thalaivii,2025,140,"Action,Comedy,Drama",5.7,2888.0
tt21222462,The Good Mother,2023,90,"Crime,Drama,Mystery",4.7,2888.0
tt27587485,Waves,2024,131,"Drama,History,Thriller",7.7,2891.0
tt26445683,Nadanna Sambhavam,2024,120,"Drama,Family,Thriller",6.0,2893.0
tt16103578,"Mother, May I?",2023,99,"Horror,Thriller",5.0,2895.0
tt14636186,The Venture Bros.: Radiant Is the Blood of the Baboon Heart,2023,83,"Action,Adventure,Animation",7.9,2895.0
tt28608358,Motel Destino,2024,115,"Drama,Thriller",6.5,2896.0
tt39382052,"Marty, Life Is Short",2026,99,"Biography,Documentary",7.7,2898.0
tt30317033,Sebastian,2024,110,Drama,6.8,2898.0
tt16431882,Brooklyn 45,2023,92,"Drama,History,Horror",5.8,2899.0
tt23785128,Founders Day,2023,106,"Comedy,Horror,Mystery",4.4,2900.0
tt11730914,Maaran,2022,130,"Action,Thriller",4.4,2903.0
tt22778346,The Seeding,2023,100,"Horror,Thriller",5.0,2903.0
tt21308736,In Your Dreams,2023,90,"Comedy,Drama,Romance",5.9,2904.0
tt5171016,Mr. Burton,2025,124,"Biography,Drama",7.1,2909.0
tt5181260,The Unbreakable Boy,2025,109,"Drama,Family",6.2,2909.0
tt28240284,To End All War: Oppenheimer & the Atomic Bomb,2023,87,"Biography,Documentary,History",7.4,2910.0
tt34581826,Coyotes,2025,91,"Comedy,Drama,Horror",4.8,2913.0
tt33298461,Yagna,2024,131,"Horror,Thriller",7.1,2913.0
tt27811632,Silent Friend,2025,147,"Biography,Drama,History",7.3,2913.0
tt15331186,Good Mourning,2022,93,Comedy,3.2,2914.0
tt21451264,Moment of Contact,2022,108,Documentary,7.1,2916.0
tt14972766,Dominique,2024,100,"Action,Thriller",5.4,2916.0
tt38872297,Cosmic Princess Kaguya!,2026,143,"Animation,Drama,Fantasy",7.1,2917.0
tt35674559,Gentlewoman,2025,113,Drama,5.6,2918.0
tt37536947,The Sleeper,2025,123,"Action,Drama,Thriller",5.3,2918.0
tt15422240,Eraser: Reborn,2022,102,"Action,Crime,Thriller",4.6,2922.0
tt14461690,Enna Solla Pogirai,2022,146,"Drama,Romance",4.7,2924.0
tt31189868,The Antisocial Network: Memes to Mayhem,2024,85,Documentary,6.4,2926.0
tt19121700,You Do You,2023,99,"Comedy,Romance",5.1,2928.0
tt19704612,Gangs of Lagos,2023,124,"Crime,Thriller",5.8,2928.0
tt27369385,Pavi Caretaker,2024,150,Comedy,5.0,2929.0
tt21618750,Premadesam,2023,154,"Comedy,Drama",6.7,2933.0
tt10273738,The Abandon,2022,97,"Horror,Sci-Fi,Thriller",4.3,2939.0
tt9522946,Harvest,2026,118,Drama,9.2,2941.0
tt12484724,Mere Desh Ki Dharti,2022,111,"Comedy,Drama",6.8,2941.0
tt21216870,One More Time,2023,85,"Comedy,Drama,Romance",5.8,2942.0
tt14592044,Down Low,2023,90,Comedy,5.6,2942.0
tt31723041,Jimmy Carr: Natural Born Killer,2024,59,"Comedy,Documentary",6.7,2944.0
tt26331750,Vash,2023,117,"Horror,Mystery,Thriller",7.8,2946.0
tt16027944,Beyond the Universe,2022,126,"Comedy,Drama,Romance",6.7,2950.0
tt34930449,Mangla,2025,115,Drama,6.5,2950.0
tt32039267,Perumani,2024,137,Comedy,6.7,2952.0
tt28488187,A Normal Family,2023,116,"Crime,Drama,Thriller",7.1,2955.0
tt38504130,Godday Godday Chaa 2,2025,150,Comedy,6.8,2958.0
tt27328373,Level Cross,2024,116,Drama,6.8,2959.0
tt15460742,Filip,2022,125,"Drama,History,War",6.9,2960.0
tt39330422,Sumathi Sathakam,2026,145,"Comedy,Romance",6.8,2962.0
tt27788968,Explanation for Everything,2023,151,Drama,7.2,2963.0
tt27002406,Come Out in Jesus Name,2023,90,Documentary,5.1,2964.0
tt17274522,Sher Shivraj,2022,143,"Action,Drama,History",8.2,2965.0
tt21254598,Cobweb,2023,135,"Comedy,Drama,History",6.6,2966.0
tt15422244,Saudi Vellakka,2022,137,Drama,8.0,2967.0
tt31064317,Fear,2024,115,"Drama,Family,Thriller",7.6,2968.0
tt15502716,Richie Gadi Pelli,2023,114,"Comedy,Drama,Musical",7.3,2968.0
tt32334452,Patang,2025,162,"Comedy,Sport",5.0,2968.0
tt31314745,Trust,2025,90,Thriller,3.9,2969.0
tt8277246,His Only Son,2023,106,"Drama,History",5.9,2969.0
tt30028158,Trevor Noah: Where Was I,2023,68,"Comedy,Documentary",6.7,2974.0
tt30012657,Apocalypse in the Tropics,2024,110,"Documentary,History",7.5,2976.0
tt27195023,Holiday in the Vineyards,2023,107,Romance,6.2,2977.0
tt22334258,Someone Like You,2024,118,Romance,5.9,2977.0
tt14946978,Raging Grace,2023,99,"Drama,Horror,Mystery",5.8,2979.0
tt14369286,UFO,2022,109,Drama,5.3,2981.0
tt14336174,Peter von Kant,2022,85,Drama,6.3,2982.0
tt34991535,Stromberg: Everything Back to Normal,2025,100,Comedy,5.3,2982.0
tt23875342,Mukhachitram,2022,126,"Romance,Thriller",6.3,2983.0
tt14402316,Onyx the Fortuitous and the Talisman of Souls,2023,108,"Comedy,Horror",6.2,2984.0
tt30807200,Lesson Learned,2024,119,Drama,7.5,2984.0
tt37024060,Grenfell: Uncovered,2025,100,Documentary,7.4,2985.0
tt31898445,Escape,2024,94,"Action,Adventure,Thriller",6.4,2986.0
tt27917467,Siddharth Roy,2024,148,"Drama,Romance",6.2,2989.0
tt14935892,Maboroshi,2023,111,"Animation,Drama,Fantasy",6.4,2990.0
tt24850708,Gunslingers,2025,104,"Action,Drama,Western",3.7,2993.0
tt3515878,Do Not Enter,2026,91,Horror,4.3,2996.0
tt27796126,Islands,2025,121,"Crime,Drama,Mystery",6.4,2997.0
tt23058594,Focus,2022,119,"Action,Crime,Mystery",7.6,2997.0
tt27521477,Detective Conan: Black Iron Submarine,2023,109,"Action,Adventure,Animation",7.2,2999.0
tt16246218,Bluff,2022,115,"Crime,Drama,Thriller",5.7,3000.0
tt19383190,The Fire Within: A Requiem for Katia and Maurice Krafft,2022,84,"Documentary,History",7.6,3002.0
tt30476518,Big World,2024,131,"Drama,Family",7.6,3003.0
tt2572212,Surrounded,2023,100,"Drama,Western",6.2,3008.0
tt20221690,Woody Woodpecker Goes to Camp,2024,100,"Adventure,Animation,Comedy",4.5,3009.0
tt23640230,Smoke Sauna Sisterhood,2023,89,Documentary,7.1,3009.0
tt29780866,Icefall,2025,95,"Action,Comedy,Thriller",5.2,3010.0
tt14033342,The Quest for Tom Sawyer's Gold,2023,88,"Adventure,Family",4.7,3012.0
tt2965408,Lost on a Mountain in Maine,2024,98,"Adventure,Family",6.1,3013.0
tt21202916,Walden,2023,102,Thriller,6.0,3013.0
tt14812496,The Challenge,2023,164,Drama,6.6,3014.0
tt19724192,Mother's Day,2023,94,"Action,Drama,Thriller",5.3,3014.0
tt31510396,The Bloody Hundredth,2024,62,Documentary,7.5,3015.0
tt15341044,Laththi,2022,143,"Action,Crime,Drama",6.4,3019.0
tt27745194,Hosh,2023,\N,\N,4.3,3019.0
tt28629017,Mana ShankaraVaraprasad Garu,2026,156,"Action,Comedy",5.7,3024.0
tt19864958,Maja Ma,2022,134,"Comedy,Drama",6.2,3026.0
tt21745356,Mirciulica,2022,90,Comedy,6.0,3026.0
tt19759618,Golden Kamuy,2024,127,"Action,Adventure,Drama",6.4,3026.0
tt12887208,Pippa,2023,139,"Action,Drama,History",6.2,3027.0
tt14398454,Tara vs Bilal,2022,126,"Comedy,Drama,Romance",5.9,3027.0
tt30151706,Kalasa: The Symbol of Abundance,2023,138,Thriller,8.0,3028.0
tt16446556,Nenevaru,2022,122,"Action,Romance,Thriller",3.8,3031.0
tt19316094,An Egypt Affair,2023,82,"Adventure,Drama",6.1,3032.0
tt16374352,The Blind,2023,108,"Biography,Drama",6.3,3032.0
tt13680520,9 Bullets,2022,97,"Action,Crime,Thriller",4.2,3033.0
tt14462452,Deliver Us,2023,103,"Drama,Horror,Thriller",4.8,3033.0
tt33349807,Sugar Mill,2025,133,"Horror,Thriller",5.8,3034.0
tt36491632,The Last One for the Road,2025,100,"Comedy,Crime,Drama",7.1,3036.0
tt21338696,Vinaro Bhagyamu Vishnu Katha,2023,138,"Comedy,Drama,Romance",6.7,3038.0
tt14257662,"MoviePass, MovieCrash",2024,96,"Comedy,Crime,Documentary",6.7,3038.0
tt32126803,August,2024,52,Documentary,8.5,3038.0
tt31451148,We Love Bad Boys,2024,129,Comedy,1.2,3038.0
tt34442799,Oru Durooha Saahacharyathil,2026,135,"Comedy,Drama,Thriller",6.1,3038.0
tt14158346,Sharp Stick,2022,92,Comedy,4.9,3039.0
tt32065103,Secrets of the Neanderthals,2024,80,Documentary,6.4,3041.0
tt17097088,Return to Dust,2022,131,Drama,7.6,3042.0
tt15977250,Under Therapy,2023,93,"Comedy,Drama",6.8,3044.0
tt31639439,Bharathanatyam,2024,121,"Comedy,Drama",6.9,3046.0
tt34966650,"It's Never Over, Jeff Buckley",2025,106,"Biography,Documentary,Music",7.6,3046.0
tt26443107,The Adults,2023,91,"Comedy,Drama",5.7,3046.0
tt11426538,Coffee Wars,2023,104,Comedy,4.5,3047.0
tt34963732,Predators,2025,96,"Crime,Documentary,Thriller",6.5,3048.0
tt13845652,Rose,2022,106,"Comedy,Drama",7.5,3049.0
tt6832210,The First Day of My Life,2023,121,"Comedy,Drama,Fantasy",6.8,3051.0
tt14394620,Crawlspace,2022,90,Thriller,4.7,3052.0
tt17595262,The Last Client,2022,95,"Crime,Drama,Mystery",6.4,3052.0
tt37232328,Karikaada,2026,140,\N,5.1,3054.0
tt26595906,The World Will Tremble,2025,109,"Biography,Drama,History",6.8,3055.0
tt14270848,Robbing Mussolini,2022,90,"Action,Comedy,Crime",5.5,3055.0
tt37403476,So Long Valley,2025,124,Crime,7.2,3058.0
tt27598854,Kirkkan,2023,121,"Crime,Drama,Thriller",5.7,3059.0
tt18184122,Redrum,2022,132,"Mystery,Thriller",8.1,3060.0
tt29173745,Cheater,2023,120,"Romance,Thriller",6.9,3061.0
tt35064785,Barabar Premistha,2026,134,Drama,8.4,3061.0
tt31852716,Apollo 13: Survival,2024,98,"Documentary,History",7.4,3061.0
tt39115096,Nirvaagam Porupalla,2025,129,\N,6.5,3062.0
tt15181360,Rez Ball,2024,111,"Drama,Sport",6.4,3067.0
tt26753672,The Activated Man,2023,115,"Horror,Thriller",6.1,3067.0
tt15552494,Dungeon,2023,65,"Crime,Drama,Horror",4.7,3068.0
tt8010064,Bunker,2022,108,"Horror,Mystery,Thriller",4.0,3070.0
tt31151548,Namo,2024,124,Comedy,7.8,3070.0
tt28656365,Kelce,2023,103,"Documentary,Sport",8.1,3071.0
tt33254177,Anaganaga,2025,136,\N,8.8,3072.0
tt32743685,Jaws @ 50: The Definitive Inside Story,2025,88,Documentary,7.6,3073.0
tt15964308,Sherdil,2022,120,"Comedy,Drama",6.5,3075.0
tt13149356,99 Moons,2022,110,Drama,4.7,3075.0
tt16227002,War Pony,2022,115,Drama,6.8,3077.0
tt21308698,Love Tactics 2,2023,98,"Comedy,Romance",5.0,3079.0
tt15732890,The Book of Solutions,2023,102,"Comedy,Drama",6.1,3079.0
tt30515931,Mission: Cross,2024,105,"Action,Comedy,Crime",6.1,3079.0
tt13635702,The Inhabitant,2022,97,"Horror,Thriller",4.4,3080.0
tt24075716,Imbam,2023,123,"Family,Romance",6.1,3080.0
tt33255286,Dog 51,2025,100,"Crime,Sci-Fi,Thriller",5.8,3081.0
tt32566980,The Birthday Boy,2024,118,"Drama,Mystery,Thriller",7.8,3081.0
tt11946138,Rebel,2022,135,"Action,Drama,Thriller",7.3,3082.0
tt24973142,All India Rank,2023,97,"Comedy,Drama",6.1,3082.0
tt13884444,American Dreamer,2022,98,Comedy,6.0,3084.0
tt15301000,Biosphere,2022,106,"Comedy,Drama,Fantasy",5.5,3085.0
tt31711525,Shivam Bhaje,2024,121,"Crime,Drama",7.2,3086.0
tt25363184,Stan Lee,2023,86,"Biography,Documentary",6.9,3088.0
tt19719904,Plan 75,2022,113,"Drama,Sci-Fi",6.6,3088.0
tt15699148,Pyali,2022,117,"Comedy,Drama,Family",6.9,3092.0
tt32982630,My Hero,2024,141,\N,8.4,3093.0
tt33093531,Saipan,2025,91,"Biography,Drama,History",6.6,3095.0
tt15173952,825 Forest Road,2025,101,Horror,5.0,3095.0
tt15665274,The Channel,2023,95,"Action,Crime,Thriller",5.7,3097.0
tt11013610,KKN di Desa Penari,2022,130,"Horror,Mystery,Thriller",5.9,3098.0
tt15559582,Bezos,2023,99,"Biography,Drama,History",4.4,3101.0
tt32649961,Blades of the Guardians,2026,126,"Action,Adventure,Drama",6.9,3102.0
tt15393652,Eismayer,2022,87,"Biography,Drama,History",7.0,3102.0
tt22494914,The Apology,2022,92,"Crime,Drama",5.2,3103.0
tt13845660,Beautiful Beings,2022,123,Drama,7.3,3103.0
tt32080090,Sarangadhariya,2024,150,Action,8.3,3103.0
tt12757372,Red,2022,91,Horror,2.8,3103.0
tt21288778,Gandhada Gudi,2022,99,"Adventure,Documentary,Family",8.9,3103.0
tt21238288,Palthu Janwar,2022,117,"Comedy,Drama",6.7,3103.0
tt27789180,The Hypnosis,2023,98,"Comedy,Drama",6.5,3104.0
tt21617996,Gatta Kusthi,2022,144,"Comedy,Drama,Romance",6.5,3104.0
tt17569526,Acid,2023,99,"Drama,Sci-Fi",5.1,3105.0
tt27146069,The Ruse,2024,100,"Horror,Mystery,Thriller",5.5,3105.0
tt29994753,"Oh, Canada",2024,91,Drama,5.6,3106.0
tt23136186,Sewu Dino,2023,121,"Horror,Thriller",6.0,3107.0
tt31914240,Trisha on the Rocks,2024,172,"Comedy,Romance",5.4,3111.0
tt31313835,Stans,2025,102,Documentary,6.8,3111.0
tt15567704,Salaam Venky,2022,137,Drama,6.7,3112.0
tt13316790,Off Track,2022,108,"Comedy,Drama,Romance",6.2,3116.0
tt18573650,The Blue Angels,2024,93,Documentary,7.3,3117.0
tt35157624,Vaaradhi,2024,125,Drama,8.8,3118.0
tt28306789,Raju Gari Ammayi Naidu Gari Abbayi,2024,158,"Action,Romance,Thriller",8.1,3119.0
tt27726727,Harom Hara,2024,154,"Action,Crime,Drama",6.5,3120.0
tt27826850,Single Salma,2025,141,"Comedy,Drama",4.7,3122.0
tt12595378,In the Heart of the Machine,2022,115,"Drama,Thriller",7.2,3122.0
tt30956852,Popeye the Slayer Man,2025,88,Horror,3.6,3122.0
tt35048826,Broke,2025,103,"Drama,Western",6.1,3125.0
tt27208639,Ek Kori Prem Katha,2024,129,Drama,6.0,3126.0
tt8814500,Cryo,2022,118,"Mystery,Sci-Fi,Thriller",4.1,3129.0
tt11535358,Family Camp,2022,111,"Comedy,Family",4.8,3132.0
tt14090476,Sarsenapati Hambirrao,2022,158,"Action,Drama,History",8.9,3132.0
tt34622232,F*ck Valentines Day,2026,95,"Comedy,Drama,Romance",5.4,3135.0
tt34000241,Mannu Kya Karegga,2025,141,"Drama,Romance",8.8,3135.0
tt21688772,To Kill a Tiger,2022,128,Documentary,7.6,3138.0
tt28743776,Parakramam,2024,131,Drama,5.8,3138.0
tt34794166,Nishaanchi,2025,176,"Action,Crime,Drama",6.7,3140.0
tt10518176,Padavettu,2022,145,"Action,Drama,Thriller",6.8,3140.0
tt21935200,Siren,2024,154,"Action,Crime,Thriller",6.4,3140.0
tt22037984,Silver and the Book of Dreams,2023,92,"Drama,Fantasy,Romance",5.5,3141.0
tt34057707,Gandhi Tatha Chettu,2025,114,Drama,8.8,3144.0
tt15560132,"Lovely, Dark, and Deep",2023,87,Horror,4.9,3145.0
tt26699529,Marguerite's Theorem,2023,113,"Comedy,Drama,Mystery",6.8,3152.0
tt15791574,Wanted Man,2024,85,"Action,Crime,Drama",4.9,3153.0
tt37671707,Not All Movies Are the Same: Dual,2025,97,"Horror,Mystery,Sci-Fi",5.7,3158.0
tt32538648,Romería,2025,114,"Biography,Drama,Romance",6.8,3158.0
tt35694565,#Single,2025,129,Romance,6.2,3158.0
tt36926733,TTT: Thalaivar Thambi Thalaimaiyil,2026,113,"Action,Comedy,Drama",6.9,3160.0
tt38589147,Chiranjeeva,2025,111,\N,4.7,3161.0
tt36575995,Kadukka,2025,120,Comedy,6.9,3161.0
tt28820189,Mad,2023,127,Comedy,7.3,3162.0
tt10483152,Unicorn Wars,2022,92,"Action,Animation,Comedy",6.9,3164.0
tt20413120,Suraapanam,2022,145,Drama,7.0,3164.0
tt8399658,Daliland,2022,97,"Biography,Drama",5.9,3164.0
tt23793170,Coup!,2023,98,"Comedy,Thriller",6.1,3167.0
tt28239363,Tyler Perry's Duplicity,2025,109,"Drama,Mystery",4.7,3167.0
tt15538570,Johnny,2022,119,"Biography,Drama",7.1,3168.0
tt29959142,Committee Kurrollu,2024,156,Drama,8.0,3168.0
tt31727267,Sarah's Oil,2025,103,"Biography,Drama,History",6.9,3171.0
tt7230422,The Occupant,2025,104,"Drama,Mystery,Sci-Fi",4.8,3172.0
tt27075304,Chantal in Fairyland,2024,118,"Comedy,Fantasy",4.6,3174.0
tt7708226,Beast,2026,114,"Action,Drama,Sport",5.8,3176.0
tt29625386,Kapkapiii,2025,138,"Comedy,Horror",5.9,3177.0
tt21154574,Year 10,2024,96,"Horror,Sci-Fi",5.4,3181.0
tt33986138,Beatles '64,2024,106,"Documentary,Music",7.2,3183.0
tt28231777,Kill the Jockey,2024,96,"Crime,Drama,Sport",6.3,3183.0
tt21042588,Ginna,2022,136,"Comedy,Drama,Thriller",4.5,3184.0
tt38745413,Thadai Athai Udai,2025,118,Drama,5.5,3184.0
tt13904644,Spider-Man: Lotus,2023,120,"Drama,Sci-Fi",3.1,3185.0
tt3437892,Malibu Crush,2022,77,Comedy,7.3,3187.0
tt23644098,Cheppalani Undhi,2022,142,"Action,Comedy,Drama",5.4,3189.0
tt28252641,Krishnam Pranaya Sakhi,2024,159,Comedy,7.2,3189.0
tt32089590,Bhale Unnade,2024,137,Comedy,8.9,3191.0
tt10241772,Dakota,2022,96,"Drama,Family",5.3,3195.0
tt35630700,Our Times,2025,90,"Drama,Sci-Fi",5.4,3196.0
tt34464177,BTS: Behind the Scenes,2024,\N,\N,5.4,3196.0
tt5613018,DarkGame,2024,100,"Horror,Thriller",4.6,3197.0
tt28351127,Swag,2024,150,"Comedy,Drama",7.3,3198.0
tt36856514,Trainwreck: Balloon Boy,2025,52,Documentary,5.5,3199.0
tt13623880,Night at the Museum: Kahmunrah Rises Again,2022,77,"Adventure,Animation,Comedy",5.0,3203.0
tt31254554,Wonderland,2024,113,"Drama,Sci-Fi",6.2,3204.0
tt10740926,Rob Peace,2024,120,"Biography,Drama",6.5,3204.0
tt20024428,Dangerous Waters,2023,101,Thriller,5.3,3205.0
tt23490586,Amigos,2023,139,"Action,Crime,Thriller",5.9,3206.0
tt21108804,Phule,2025,129,Biography,8.0,3208.0
tt20853816,The Mean One,2022,93,"Comedy,Horror",4.0,3212.0
tt29603375,Uppercut,2025,104,"Drama,Thriller",5.1,3212.0
tt11891246,Lullaby,2022,89,Horror,4.9,3216.0
tt15829724,The Locksmith,2023,92,"Action,Crime,Mystery",4.9,3219.0
tt15310188,Jetty,2022,134,"Action,Drama,Family",6.3,3222.0
tt25869142,Disquiet,2023,85,"Horror,Mystery,Thriller",3.8,3223.0
tt21296906,Achena Uttam,2022,140,"Biography,Drama",8.3,3224.0
tt22257924,Stormskerry Maja,2024,163,Drama,7.6,3225.0
tt27369902,Dagr,2024,77,"Horror,Thriller",4.2,3227.0
tt22767628,Blackwater Lane,2024,108,"Crime,Drama,Horror",4.6,3230.0
tt31308201,Tinsel Town,2025,93,Comedy,5.3,3230.0
tt16375952,Dangerous Game: The Legacy Murders,2022,96,"Horror,Mystery,Thriller",4.5,3231.0
tt32553846,Miss You,2024,128,Romance,6.0,3235.0
tt27651767,Leader: Amie Bangladesh,2023,144,"Action,Drama",7.7,3237.0
tt14827150,The Last Breath,2024,96,"Horror,Thriller",4.7,3237.0
tt34966013,Come See Me in the Good Light,2025,104,"Biography,Documentary,Family",7.5,3239.0
tt26750774,The Wailing,2024,107,"Drama,Horror",6.0,3240.0
tt11952606,Easter Sunday,2022,96,Comedy,5.3,3241.0
tt27078772,Lewis Capaldi: How I'm Feeling Now,2023,96,"Documentary,Music",7.3,3241.0
tt19869662,Irena's Vow,2023,121,"Biography,Drama,War",6.8,3245.0
tt21059394,Lover,2022,135,"Drama,Romance",6.9,3245.0
tt27687877,Marakkuma Nenjam,2024,137,Drama,5.2,3247.0
tt15768294,Banaras,2022,150,Romance,6.2,3250.0
tt19396786,Ataturk II: 1881-1919,2024,141,"Biography,Drama,History",8.8,3253.0
tt35288598,Baby Girl,2026,124,"Drama,Family,Thriller",5.7,3255.0
tt33541739,Casatoria,2024,96,Comedy,6.3,3256.0
tt29429288,Neethone Nenu,2023,123,"Drama,Mystery,Romance",5.7,3260.0
tt15395702,Yemaipothaney,2022,123,Drama,7.7,3260.0
tt27548083,Poisoned: The Dirty Truth About Your Food,2023,83,Documentary,6.8,3263.0
tt19394770,Ataturk I 1881-1919,2023,132,"Biography,Drama,History",8.7,3265.0
tt14696284,Better Nate Than Ever,2022,94,"Comedy,Drama,Family",6.4,3266.0
tt12862042,Jogira Sara Ra Ra,2023,121,"Comedy,Drama,Family",6.4,3267.0
tt35076553,Inspector Zende,2025,112,"Comedy,Crime",5.8,3270.0
tt15203944,Behind Someone,2022,103,"Crime,Thriller",7.5,3271.0
tt31032711,Squad 36,2025,124,"Crime,Drama,Thriller",5.5,3271.0
tt4225012,A Little White Lie,2023,101,Comedy,5.9,3272.0
tt39018643,Billie Eilish: Hit Me Hard and Soft,2026,114,"Documentary,Music",7.6,3278.0
tt27496775,Sons,2024,100,"Crime,Drama,Thriller",6.3,3279.0
tt15163636,Veeran,2023,155,"Action,Drama,Fantasy",7.2,3281.0
tt16453244,How I Fell in Love with a Gangster,2022,185,"Crime,Drama",6.1,3283.0
tt15022184,Royalteen,2022,107,"Drama,Romance",5.3,3283.0
tt31691389,Universal Language,2024,89,"Comedy,Drama",6.9,3285.0
tt27721079,Voy! Voy! Voy!,2023,100,"Adventure,Comedy,Drama",7.5,3285.0
tt11915042,18 Pages,2022,135,Romance,7.1,3288.0
tt32220386,Faye,2024,91,"Biography,Documentary",7.1,3289.0
tt34471850,Protector,2025,91,"Action,Crime,Drama",5.2,3290.0
tt27411270,A Part of You,2024,99,Drama,5.8,3292.0
tt30149921,Lohusa,2024,118,Comedy,5.4,3293.0
tt26657977,Adulthood,2025,97,"Comedy,Crime,Drama",5.5,3294.0
tt26674818,Tatami,2023,105,"Action,Drama,Sport",7.4,3295.0
tt36410586,Rahu Ketu,2026,140,"Comedy,Fantasy,Mystery",4.6,3298.0
tt33298502,Black,2024,115,"Horror,Mystery,Sci-Fi",7.1,3299.0
tt17660740,The Pez Outlaw,2022,85,"Comedy,Documentary,Family",6.9,3300.0
tt21391242,Confidential Informant,2023,88,"Action,Crime,Drama",3.8,3303.0
tt24132400,Prayashaha,2022,127,\N,7.0,3306.0
tt27411198,Garudan,2023,138,"Crime,Thriller",7.3,3309.0
tt34794183,Case 137,2025,116,"Crime,Drama",7.2,3309.0
tt26754354,The Well,2023,91,"Horror,Thriller",5.0,3310.0
tt23146644,Latency,2024,94,"Action,Horror,Sci-Fi",4.2,3312.0
tt6275154,11M: Terror in Madrid,2022,92,Documentary,7.0,3314.0
tt16301164,This Time Next Year,2024,116,"Comedy,Romance",5.7,3315.0
tt38792109,Bonolota Express,2026,153,Drama,8.6,3318.0
tt31039829,18×2 Beyond Youthful Days,2024,123,"Drama,Romance",7.5,3319.0
tt28070202,Queen of the Ring,2024,140,"Action,Biography,Drama",6.4,3319.0
tt28434143,Aaryan,2025,134,"Action,Crime,Thriller",6.3,3320.0
tt32060445,Sister Midnight,2024,107,"Comedy,Drama,Horror",5.7,3322.0
tt30454120,Palayam PC,2024,118,"Drama,Family",7.2,3322.0
tt10375094,Pada,2022,130,"Crime,Drama,Thriller",7.7,3323.0
tt21352380,A Difficult Year,2023,120,"Comedy,Drama",6.0,3325.0
tt30825000,Nimma Vasthugalige Neeve Javaabdaararu,2025,132,"Crime,Drama,Thriller",6.1,3332.0
tt27708700,Air Force One Down,2024,84,"Action,Thriller",4.5,3337.0
tt33996087,Deathstalker,2025,102,"Action,Adventure,Fantasy",5.8,3338.0
tt36856482,Trainwreck: The Cult of American Apparel,2025,54,Documentary,6.1,3340.0
tt15477042,Waitress: The Musical,2023,144,"Comedy,Drama,Musical",7.8,3343.0
tt35431236,The Piano Accident,2025,88,Comedy,6.4,3343.0
tt21221386,Secret Mall Apartment,2024,92,Documentary,7.0,3344.0
tt8651780,Project Dorothy,2024,80,"Horror,Sci-Fi,Thriller",3.9,3344.0
tt15816392,Monster,2022,135,"Action,Adventure,Crime",4.4,3346.0
tt18077924,Poolman,2023,100,"Comedy,Mystery",4.0,3348.0
tt31112509,Jane Austen Wrecked My Life,2024,98,"Comedy,Romance",6.2,3351.0
tt31958285,Kudumbasthan,2025,154,"Comedy,Drama",7.3,3353.0
tt29456979,Little Hearts,2024,136,"Comedy,Drama,Romance",5.9,3356.0
tt17067574,Cold Meat,2023,90,Thriller,5.3,3356.0
tt14195192,Puzhu,2022,122,"Drama,Thriller",6.2,3357.0
tt26451068,Escape,2023,93,Thriller,5.1,3361.0
tt17345904,Jackson Bazaar Youth,2023,111,"Comedy,Drama,Family",6.3,3361.0
tt13086130,Soulmate,2023,124,"Drama,Romance",7.5,3361.0
tt17069062,Craving,2023,83,"Crime,Horror,Thriller",4.3,3362.0
tt27867635,Hidimbha,2023,136,"Action,Drama",6.3,3364.0
tt15467380,That Time I Got Reincarnated as a Slime the Movie: Scarlet Bond,2022,114,"Action,Adventure,Animation",6.9,3367.0
tt1333644,In the Hand of Dante,2025,150,"Crime,Drama,Mystery",4.9,3368.0
tt15895490,Black Lotus,2023,90,"Action,Adventure,Drama",4.4,3368.0
tt37034643,Utshob,2025,113,"Comedy,Drama,Family",8.4,3368.0
tt31189901,The Truth vs. Alex Jones,2024,121,"Biography,Crime,Documentary",7.4,3368.0
tt22203026,The Angel Maker,2023,94,"Crime,Horror,Thriller",5.3,3368.0
tt28671146,Blue Lock: Episode Nagi,2024,91,"Animation,Drama,Sport",6.6,3370.0
tt11023732,Virata Parvam,2022,151,"Action,Drama,Romance",6.6,3371.0
tt20201212,Alienoid: The Return to the Future,2024,122,"Action,Fantasy,Sci-Fi",6.5,3373.0
tt12264966,Notre-Dame on Fire,2022,110,"Drama,Thriller",6.4,3374.0
tt27328206,Skanda: The Attacker,2023,167,"Action,Drama,Romance",4.2,3376.0
tt32743167,Carved,2024,95,"Comedy,Horror",4.4,3380.0
tt15019036,"Where the Devil Can't Go, He Sends a Woman",2022,106,"Comedy,Drama",4.6,3383.0
tt26931594,Man on the Run,2025,115,"Biography,Documentary,Music",7.5,3385.0
tt37538172,Bodycam,2025,75,Horror,5.0,3386.0
tt27837488,Unknown: Cosmic Time Machine,2023,64,Documentary,7.2,3388.0
tt21195548,Buba,2022,94,"Comedy,Crime,Drama",5.9,3393.0
tt27695005,River,2023,86,"Comedy,Fantasy,Sci-Fi",6.8,3394.0
tt27828550,Frewaka,2024,103,Horror,6.1,3396.0
tt15551346,The End,2024,148,"Drama,Fantasy,Musical",5.4,3399.0
tt23475032,Joe,2023,147,"Drama,Romance",7.4,3400.0
tt2256055,Witchboard,2024,112,"Drama,Horror,Mystery",5.1,3401.0
tt12971802,Lucy and Desi,2022,103,"Biography,Comedy,Documentary",7.7,3404.0
tt42664750,First Time,2026,108,"Mystery,Sci-Fi,Thriller",6.9,3407.0
tt14849038,Vendetta,2022,96,"Action,Thriller",3.8,3409.0
tt31015216,Dahomey,2024,68,Documentary,6.7,3409.0
tt31712109,Maruthi Nagar Subramanyam,2024,147,Comedy,7.6,3412.0
tt27766538,The Forbidden City,2025,139,"Action,Romance",6.7,3416.0
tt37740754,Joto Kando Kolkatatei,2025,127,"Adventure,Mystery",6.0,3416.0
tt11137920,Garuda,2022,145,Drama,7.7,3418.0
tt20420316,Gladbeck: The Hostage Crisis,2022,91,"Crime,Documentary",7.5,3419.0
tt22001304,Adagio,2023,127,"Action,Crime,Thriller",6.6,3425.0
tt35955855,Con Mum,2025,88,"Crime,Documentary",6.6,3429.0
tt5012320,Out of My Mind,2024,102,Drama,7.4,3430.0
tt14292086,Nix,2022,103,"Drama,Fantasy,Horror",3.7,3432.0
tt10555668,A Hard Place,2025,\N,"Action,Horror,Thriller",5.6,3432.0
tt13275740,Kotthu,2022,155,"Drama,Thriller",6.3,3433.0
tt15143222,My Fake Boyfriend,2022,100,"Comedy,Romance",5.3,3436.0
tt28455891,UT69,2023,117,Drama,4.5,3437.0
tt28075055,Toby,2023,155,"Crime,Drama,Thriller",7.2,3438.0
tt35918041,Pelli Kaani Prasad,2025,118,Drama,8.7,3438.0
tt23047172,Too Much Love,2023,100,Comedy,4.1,3443.0
tt29031019,Love Reset,2023,119,"Comedy,Romance",6.7,3443.0
tt29708137,River of Blood,2024,86,"Action,Adventure,Horror",4.6,3444.0
tt20247888,Emmanuelle,2024,107,"Drama,Romance",4.1,3447.0
tt15558152,The Visitor,2022,89,"Drama,Horror,Mystery",4.3,3449.0
tt28221135,Bastar: The Naxal Story,2024,124,"Action,Crime,Drama",6.4,3455.0
tt20114976,The Sacrifice Game,2023,99,"Horror,Thriller",5.4,3458.0
tt11893676,Lord of Misrule,2023,104,Horror,5.3,3460.0
tt32490110,Slanted,2025,104,"Comedy,Drama,Horror",5.7,3464.0
tt39045215,Bhabiji Ghar Par Hain: Fun on the Run,2026,135,"Comedy,Horror",3.9,3469.0
tt14989988,Devil,2023,144,"Action,Drama,Thriller",6.4,3470.0
tt28495028,Naalkane Aayama,2024,108,Horror,7.4,3471.0
tt14132588,Arena Wars,2024,96,"Action,Comedy,Sci-Fi",5.0,3472.0
tt15516546,Ela Veezha Poonchira,2022,104,"Crime,Mystery,Thriller",7.3,3473.0
tt19369162,The Puppetman,2023,96,"Horror,Thriller",5.2,3476.0
tt32378300,Summer of 69,2025,101,"Comedy,Drama",5.8,3476.0
tt20724796,Kerosene,2022,120,"Action,Crime,Drama",7.4,3479.0
tt31702438,Hello Mummy,2024,136,"Comedy,Horror",5.5,3483.0
tt28753528,Miami Bici 2,2023,102,Comedy,4.7,3483.0
tt27675583,Almost Cops,2025,95,"Action,Comedy,Crime",5.0,3487.0
tt16527824,Warhorse One,2023,126,"Action,Drama,War",5.5,3488.0
tt17081088,Spaghetti,2023,81,"Drama,Thriller",3.3,3488.0
tt31710990,Dreams,2025,98,"Drama,Romance,Thriller",5.6,3495.0
tt17221298,Unhuman,2022,91,"Comedy,Horror,Thriller",4.5,3496.0
tt34433451,Lefter: The Story of the Ordinarius,2025,126,"Biography,Drama,History",6.4,3497.0
tt36474012,Our Girls,2025,103,"Drama,Thriller",7.4,3499.0
tt13616368,Amerikatsi,2022,121,Drama,7.3,3503.0
tt14803538,The Extortion,2023,105,"Crime,Thriller",6.6,3504.0
tt10196368,Nothing Compares,2022,97,"Biography,Documentary,Music",7.6,3506.0
tt30425872,London Calling,2025,114,"Action,Comedy,Drama",5.7,3506.0
tt24852002,10 Days of a Bad Man,2023,123,"Crime,Drama,Mystery",6.1,3508.0
tt15335282,The Festival of Troubadours,2022,102,Drama,5.8,3509.0
tt18277182,Girls Will Be Girls,2024,118,"Drama,Romance",7.0,3509.0
tt10442352,Thelma the Unicorn,2024,93,"Adventure,Animation,Comedy",5.7,3509.0
tt11433906,Winner,2024,103,"Adventure,Biography,Comedy",6.5,3510.0
tt34424694,Dama Dum Mast Kalandar,2026,149,"Comedy,Drama",8.8,3510.0
tt14770620,One True Loves,2023,100,"Comedy,Drama,Romance",5.5,3511.0
tt16970976,Battleground Melbourne,2022,101,Documentary,5.8,3512.0
tt20452218,The Deep Dark,2023,103,"Adventure,Horror",5.6,3515.0
tt13660916,Code Name Emperor,2022,106,"Drama,Thriller",5.8,3516.0
tt14989778,Oke Oka Jeevitham,2022,160,"Drama,Sci-Fi,Thriller",7.8,3516.0
tt27179628,Solvent,2024,94,"Comedy,Drama,Horror",4.8,3518.0
tt14463514,Are You,2023,96,"Comedy,Romance",5.7,3521.0
tt12598606,Gunner,2024,106,"Action,Adventure,Thriller",3.2,3523.0
tt28800663,Paradise,2023,93,Drama,6.5,3526.0
tt23157384,Sew Torn,2024,100,"Comedy,Thriller",6.0,3527.0
tt28219494,Her: Chapter 1,2023,103,"Crime,Drama,Thriller",6.2,3527.0
tt31897917,The Mehta Boys,2024,116,Drama,7.1,3530.0
tt34385135,Colony,2026,122,"Action,Adventure,Crime",6.9,3535.0
tt15721088,High Heat,2022,84,"Action,Comedy,Crime",4.9,3539.0
tt27727074,Ehrengard: The Art of Seduction,2023,94,"Comedy,Drama,Romance",5.9,3540.0
tt20865078,One and Only,2023,124,"Comedy,Drama,Family",6.7,3540.0
tt28023652,Mayapetika,2023,142,"Comedy,Drama",5.8,3541.0
tt32539176,Pravinkoodu Shappu,2025,146,Thriller,6.6,3544.0
tt28306747,Head to Head,2023,95,"Comedy,Thriller",6.0,3545.0
tt39307872,One Last Adventure: The Making of Stranger Things 5,2026,122,Documentary,7.1,3546.0
tt33610673,Mension House Mallesh,2026,130,\N,6.0,3546.0
tt21151212,Cult Killer,2024,105,"Adventure,Crime,Drama",4.8,3546.0
tt8019518,Dead Shot,2023,92,"Action,Adventure,Thriller",5.6,3549.0
tt29456689,Ni Main Sass Kuttni 2,2024,125,Comedy,3.6,3550.0
tt15502162,Hindutva,2022,144,Drama,4.7,3551.0
tt36598036,Dead to Rights,2025,137,"Drama,History,War",7.7,3553.0
tt29638896,Nari Nari Naduma Murari,2026,140,"Comedy,Romance",5.9,3556.0
tt18626656,Lie with Me,2022,98,"Drama,Romance",7.5,3556.0
tt26235412,Shubh Nikah,2023,125,"Comedy,Drama,Family",6.8,3557.0
tt21741272,Prem Geet 3,2022,121,"Action,Romance",7.3,3557.0
tt9362492,Restore Point,2023,115,"Crime,Drama,Sci-Fi",6.1,3557.0
tt9271850,The Inheritance,2024,85,"Horror,Thriller",4.7,3560.0
tt15891396,Tiku Weds Sheru,2023,112,"Comedy,Drama,Romance",3.4,3563.0
tt1609497,Quasi,2023,99,"Comedy,Drama",5.3,3566.0
tt21093976,National Theatre Live: Prima Facie,2022,104,Drama,9.1,3567.0
tt27525239,Rudrangi,2023,142,"Action,Drama,Thriller",4.7,3568.0
tt12908508,John Luther,2022,135,"Crime,Mystery,Thriller",6.8,3573.0
tt35628886,Chaos: The Manson Murders,2025,95,"Crime,Documentary",5.6,3573.0
tt19319352,Mayhem!,2023,99,"Action,Thriller",6.3,3574.0
tt33014233,Gezhi Town,2025,121,"Drama,War",7.0,3575.0
tt23752132,Pune Highway,2024,121,"Drama,Thriller",7.4,3575.0
tt30467885,Goebbels and the Führer,2024,135,"Biography,Drama,History",6.7,3579.0
tt11162260,Grafted,2024,96,"Drama,Horror,Romance",5.6,3581.0
tt27491225,Things Will Be Different,2024,102,"Horror,Sci-Fi,Thriller",5.2,3581.0
tt4671326,Prisoner's Daughter,2022,100,Drama,6.4,3585.0
tt39130911,Love at Last,2026,91,"Comedy,Romance",5.0,3585.0
tt11151916,Avarice,2022,88,"Action,Thriller",4.9,3586.0
tt28989465,Ala Ninnu Cheri,2023,158,"Action,Romance",6.3,3586.0
tt18315204,Phenomena,2023,94,"Comedy,Horror",5.4,3589.0
tt25376056,Keedaa Cola,2023,120,"Action,Comedy,Crime",7.3,3591.0
tt15576578,Prince,2022,143,"Action,Drama,Romance",4.5,3597.0
tt31137117,The Carman Family Deaths,2025,90,"Crime,Documentary,Thriller",6.2,3597.0
tt30818546,Hridayapoorvam,2025,152,"Drama,Romance",6.7,3598.0
tt23173980,Darkness of Man,2024,109,"Action,Adventure,Crime",4.7,3599.0
tt36856496,Trainwreck: The Real Project X,2025,48,Documentary,5.8,3599.0
tt12132908,Chandramukhi 2,2023,172,"Action,Comedy,Drama",2.6,3601.0
tt16160622,The Goldman Case,2023,115,"Crime,Drama,History",6.9,3602.0
tt27714840,Classified,2024,105,"Action,Mystery,Thriller",3.7,3605.0
tt27219434,Mem Famous,2023,149,"Comedy,Drama,Romance",7.1,3607.0
tt36856306,Trainwreck: Mayor of Mayhem,2025,49,Documentary,6.2,3610.0
tt27561663,Garudan,2024,133,Action,7.1,3610.0
tt20414642,A Day and a Half,2023,94,"Action,Drama,Thriller",5.8,3610.0
tt37969901,Torrente for President,2026,102,Comedy,5.7,3611.0
tt28566478,Lover,2024,145,"Drama,Romance",7.1,3612.0
tt9428746,Aristotle and Dante Discover the Secrets of the Universe,2022,98,Drama,7.2,3613.0
tt26474783,Dead Mail,2024,106,"Crime,Drama,Horror",6.0,3614.0
tt31648020,The Last Dance,2024,126,"Drama,Family",7.6,3617.0
tt4682810,Stolen Girl,2025,105,"Action,Adventure,Drama",5.4,3620.0
tt31050620,Inheritance,2025,101,Thriller,5.7,3620.0
tt14666592,Milli Vanilli,2023,106,"Biography,Documentary,Music",7.5,3621.0
tt15737898,Blue Giant,2023,120,"Animation,Drama,Music",7.9,3622.0
tt23319892,French Girl,2024,106,"Comedy,Romance",5.5,3622.0
tt18550220,Junkyard Dog,2023,93,"Comedy,Drama",7.0,3624.0
tt17507018,Lost in the Stars,2022,121,"Crime,Drama,Mystery",6.6,3627.0
tt15238986,Plan A Plan B,2022,105,"Comedy,Romance",4.7,3634.0
tt27722375,Between the Temples,2024,111,"Comedy,Drama",6.2,3636.0
tt20256412,Hard Feelings,2023,102,Comedy,4.8,3636.0
tt15403712,Other People's Children,2022,103,"Comedy,Drama,Romance",6.8,3636.0
tt14988886,U Turn,2023,140,"Crime,Drama,Horror",6.2,3637.0
tt28313478,The Vourdalak,2023,90,"Drama,Fantasy,Horror",6.4,3640.0
tt21819994,Christopher,2023,150,"Action,Crime,Drama",5.9,3641.0
tt29609422,Death Whisperer,2023,120,"Horror,Thriller",5.9,3642.0
tt27191250,Mechanic Rocky,2024,156,"Action,Drama",6.3,3642.0
tt11552344,Murder at Yellowstone City,2022,127,"Crime,Drama,Mystery",5.4,3643.0
tt12532368,Chickenhare and the Hamster of Darkness,2022,91,"Adventure,Animation,Comedy",6.3,3644.0
tt33270263,The Surrender,2025,96,"Drama,Horror,Thriller",5.4,3644.0
tt7340766,Timestalker,2024,89,"Comedy,Drama,Fantasy",5.5,3645.0
tt13328800,Girl Picture,2022,100,"Drama,Romance",6.9,3646.0
tt27717667,Pedro Páramo,2024,130,"Drama,Fantasy,Horror",6.3,3646.0
tt23049206,Just the Two of Us,2023,105,"Drama,Thriller",6.5,3648.0
tt21825416,Truth & Treason,2025,121,"Drama,History,Thriller",7.1,3651.0
tt29704888,Carry on Jatta 4,2026,142,Comedy,7.4,3652.0
tt29923681,Pradhan,2023,163,Drama,5.9,3653.0
tt27510682,Antony,2023,147,"Action,Drama,Family",6.5,3653.0
tt33245951,Interrogation,2025,122,Thriller,6.9,3659.0
tt14064760,The Southern Chronicles,2024,120,"Comedy,Drama,Romance",8.5,3661.0
tt6133444,The Fire Inside,2024,109,"Biography,Drama,Sport",6.7,3662.0
tt11833408,The Minute You Wake up Dead,2022,90,"Crime,Drama,Mystery",4.5,3664.0
tt17717416,Bad Genius,2024,96,"Crime,Drama,Thriller",6.3,3665.0
tt19267924,Choose Love,2023,77,"Comedy,Romance",5.0,3667.0
tt12519802,War of the Worlds: The Attack,2023,85,"Horror,Sci-Fi,Thriller",3.2,3668.0
tt38984577,Murder in Monaco,2025,90,"Crime,Documentary",6.5,3670.0
tt16103606,Irugapatru,2023,153,Drama,8.1,3673.0
tt31049718,They Called Him Mostly Harmless,2024,89,"Crime,Documentary,Mystery",5.9,3684.0
tt18317064,Tori and Lokita,2022,88,"Crime,Drama",7.1,3684.0
tt13846402,The Passengers of the Night,2022,111,Drama,6.9,3696.0
tt13545522,Chatrapathi,2023,124,"Action,Drama",4.0,3708.0
tt17079358,I Can't Breathe (God Forgive Them),2022,65,Drama,4.3,3708.0
tt22987820,Tillu Square,2024,137,"Action,Comedy,Crime",6.6,3712.0
tt36293840,Taandob,2025,130,"Action,Thriller",7.6,3712.0
tt39049192,Even If This Love Disappears from the World Tonight,2025,105,"Drama,Romance",7.5,3713.0
tt13622204,Wildcat,2022,106,Documentary,7.7,3718.0
tt13515090,Joyride,2022,94,"Comedy,Drama",6.2,3718.0
tt34058121,The Lost Children,2024,96,Documentary,7.0,3719.0
tt32880540,Zeta,2026,133,"Action,Thriller",5.8,3721.0
tt13648270,Anbarivu,2022,165,Drama,7.2,3723.0
tt28696532,A Dog's Will 2,2024,104,"Comedy,Drama,Fantasy",6.1,3725.0
tt14077516,Shirley,2024,117,"Biography,Drama,History",6.2,3726.0
tt14935966,I Love My Dad,2022,96,"Comedy,Drama,Romance",6.3,3726.0
tt15010292,Flux Gourmet,2022,111,"Comedy,Drama,Horror",5.8,3727.0
tt28225049,Girls on Film,2023,97,"Drama,Romance",5.1,3733.0
tt13450702,American Warrior,2024,93,"Action,Drama,Sport",4.9,3733.0
tt32127524,Takintilar,2024,96,Comedy,5.4,3737.0
tt13349892,Kompromat,2022,127,"Drama,Thriller",6.4,3740.0
tt11138912,Vickida No Varghodo,2022,156,"Comedy,Drama",8.0,3742.0
tt27757690,Zebra,2024,164,"Action,Crime,Thriller",7.0,3743.0
tt10315050,Dampyr,2022,109,"Fantasy,Horror",5.3,3748.0
tt41850358,Zakhma Toh Chardikala Tak,2026,150,Drama,9.2,3749.0
tt28327244,Detective Karthik,2023,115,"Crime,Mystery,Thriller",6.6,3750.0
tt35410222,Murmur,2025,139,"Horror,Thriller",3.9,3750.0
tt26676104,Hammarskjöld: Fight for Peace,2023,114,"Biography,Drama,History",6.5,3751.0
tt14986224,Taanakkaran,2022,141,"Drama,Sport",8.1,3753.0
tt39386092,Maggi Pusthaka,2026,153,Family,7.2,3754.0
tt30810787,Dreams,2024,110,"Comedy,Drama,Romance",7.2,3755.0
tt35300972,Honeymoon Crasher,2025,93,Comedy,5.6,3759.0
tt26744208,Kaatera,2023,183,Action,7.2,3762.0
tt33299083,Madea's Destination Wedding,2025,102,"Comedy,Drama,Romance",5.1,3764.0
tt24227018,Kather Basha Endra Muthuramalingam,2023,152,"Action,Crime,Drama",4.4,3765.0
tt16826430,Night Call,2024,97,"Action,Thriller",6.7,3766.0
tt14766956,Godspeed,2022,119,"Action,Drama,War",6.5,3766.0
tt30444418,Santosh,2024,128,"Crime,Drama,Thriller",7.1,3767.0
tt15257116,Palm Trees and Power Lines,2022,110,Drama,6.5,3769.0
tt13654122,Yaanai,2022,154,"Action,Drama,Romance",6.0,3772.0
tt30580186,The Old Bachelor,2024,192,"Drama,Thriller",7.4,3774.0
tt27004148,Grave Torture,2024,117,"Drama,Horror,Thriller",6.1,3775.0
tt18556326,Awareness,2023,112,"Mystery,Sci-Fi,Thriller",5.4,3778.0
tt31828554,Je M'appelle Agneta,2026,113,Comedy,6.8,3778.0
tt35727678,Ek Deewane Ki Deewaniyat,2025,140,"Drama,Romance,Thriller",4.6,3779.0
tt32368060,Dirty Fellow,2024,119,"Action,Drama",6.7,3780.0
tt21226152,Sermon to the Fish,2022,89,"Drama,War",7.2,3781.0
tt36647890,The Mortuary Assistant,2026,91,Horror,3.8,3781.0
tt13650540,If You Were the Last,2023,92,"Comedy,Romance,Sci-Fi",6.4,3782.0
tt23897324,Lucky Lakshman,2022,131,"Comedy,Drama,Family",6.0,3783.0
tt27433995,Jumbo,2025,102,"Adventure,Animation,Comedy",7.8,3784.0
tt13484872,Stealing Raden Saleh,2022,154,"Action,Crime,Drama",7.3,3786.0
tt32606470,Humint,2026,119,"Action,Adventure,Crime",6.4,3787.0
tt30908405,The Last Rodeo,2025,116,Drama,6.3,3789.0
tt14174168,Gasoline Alley,2022,97,"Action,Thriller",3.9,3792.0
tt29425792,Home Sweet Home: Rebirth,2025,93,"Action,Horror,Mystery",4.2,3792.0
tt31316096,Hack Your Health: The Secrets of Your Gut,2024,79,Documentary,6.6,3793.0
tt15296186,Mira,2022,116,"Adventure,Drama,Sci-Fi",5.8,3795.0
tt27577888,Rathnam,2024,155,Action,5.4,3795.0
tt17202326,Matriarch,2022,85,Horror,4.6,3795.0
tt21989120,Ugram,2023,146,"Action,Drama,Romance",6.5,3797.0
tt14168394,Agent Game,2022,90,"Action,Thriller",4.1,3799.0
tt15121860,Forensic,2022,134,"Crime,Thriller",6.3,3801.0
tt16529222,Special Delivery,2022,109,"Action,Crime,Thriller",6.4,3809.0
tt39105882,D.I.S.C.O.,2026,102,"Action,Comedy",6.6,3809.0
tt39664733,Kartavya,2026,108,"Action,Crime,Drama",5.4,3811.0
tt18235146,Club Zero,2023,110,"Comedy,Drama,Thriller",5.8,3814.0
tt35303515,Feels Like Home,2025,124,"Drama,Thriller",7.8,3814.0
tt37962245,Little Hearts,2025,127,"Comedy,Romance",7.6,3818.0
tt28997111,Aanandhapuram Diaries,2024,115,Family,6.9,3819.0
tt8667404,The Chronology of Water,2025,128,"Biography,Drama,Romance",6.4,3820.0
tt32546023,Dhoom Dhaam,2024,142,Drama,6.3,3820.0
tt22889928,The Radleys,2024,115,"Comedy,Horror",5.1,3821.0
tt36351149,Oklahoma City Bombing: American Terror,2025,83,"Crime,Documentary",6.8,3821.0
tt10545696,Maigret,2022,89,"Crime,Drama,Mystery",5.9,3827.0
tt27142469,Nilakanta,2026,154,Action,2.5,3828.0
tt15764854,Fireworks,2023,134,"Drama,Romance",7.6,3830.0
tt21045742,The Last Heist,2022,86,Crime,3.8,3832.0
tt21215388,Remembering Gene Wilder,2023,92,"Biography,Documentary",7.8,3833.0
tt32387554,American Sweatshop,2025,94,"Drama,Mystery,Thriller",5.3,3843.0
tt21612768,Snow and the Bear,2022,93,Drama,6.5,3852.0
tt38651971,Gondhal,2025,120,\N,8.8,3857.0
tt2467700,Animal Farm,2025,95,"Adventure,Animation,Comedy",2.9,3858.0
tt34335405,Soothravakyam,2025,108,Drama,6.5,3858.0
tt29354040,Renaissance: A Film by Beyoncé,2023,169,"Documentary,Music",8.5,3862.0
tt15716552,Tatsama Tadbhava,2023,122,"Crime,Thriller",7.3,3863.0
tt8354218,Fireheart,2022,92,"Adventure,Animation,Comedy",6.2,3864.0
tt13456976,Old Man,2022,97,Thriller,4.9,3865.0
tt17321230,Prom Pact,2023,99,"Comedy,Family,Romance",6.4,3867.0
tt28479285,Narivetta,2025,150,"Action,Drama,Thriller",6.5,3869.0
tt27530836,Mandya,2025,133,"Action,Crime,Drama",6.0,3871.0
tt28856462,Agak Laen,2024,119,"Comedy,Horror",7.6,3872.0
tt29026239,Cheena Trophy,2023,122,Comedy,5.5,3873.0
tt30007502,Gustaakh Ishq,2025,128,\N,7.1,3876.0
tt14873054,Transfusion,2023,106,"Action,Crime,Drama",5.1,3878.0
tt22507484,Target,2023,101,"Crime,Mystery,Thriller",6.4,3882.0
tt20258974,Life,2023,193,Drama,7.0,3882.0
tt28076784,No More Bets,2023,130,"Crime,Drama",6.8,3882.0
tt8452344,Sitting in Bars with Cake,2023,120,"Comedy,Drama,Romance",6.4,3883.0
tt32592802,Bougainvillea,2024,138,"Action,Crime,Mystery",6.4,3889.0
tt27689950,A Wedding Story,2024,110,Horror,6.4,3892.0
tt19838620,Nandor Fodor and the Talking Mongoose,2023,96,"Comedy,Mystery,Thriller",5.5,3893.0
tt14404596,Backpackers,2022,96,"Comedy,Romance",5.8,3894.0
tt20567314,Oh Belinda,2023,97,"Comedy,Drama",5.3,3897.0
tt21434882,Taximetristi,2023,97,"Comedy,Drama",7.0,3897.0
tt15021154,Exodus,2023,102,Drama,6.8,3898.0
tt17538632,Hot Milk,2025,92,Drama,5.6,3898.0
tt36958376,Your Fault: London,2026,123,"Drama,Romance",6.0,3899.0
tt20840000,Ardh,2022,84,"Drama,Romance",7.4,3900.0
tt11127404,Kaduva,2022,155,"Action,Drama,Thriller",6.1,3900.0
tt8400584,The Perfect Find,2023,99,"Comedy,Drama,Romance",5.2,3901.0
tt16951452,Anna Nicole Smith: You Don't Know Me,2023,116,"Biography,Documentary",6.4,3902.0
tt15721650,The Quintessential Quintuplets Movie,2022,136,"Animation,Comedy,Drama",7.5,3903.0
tt35519455,It Ends,2025,89,"Drama,Fantasy,Horror",5.7,3904.0
tt22487338,The Nature of Love,2023,110,"Comedy,Drama,Romance",6.8,3909.0
tt12194006,Wonderfully Beautiful,2022,132,"Comedy,Drama,Romance",7.0,3910.0
tt28213147,Checkmate,2024,125,Thriller,5.5,3910.0
tt37660887,Cover-Up,2025,117,Documentary,7.5,3913.0
tt21816824,Sr.,2022,89,"Biography,Documentary",7.2,3916.0
tt11366674,Lola,2022,79,"Sci-Fi,War",6.4,3917.0
tt38077500,Trikaali,2025,120,Drama,6.8,3919.0
tt30516366,Chime,2024,45,"Horror,Thriller",6.4,3920.0
tt32129665,She Walks in Darkness,2025,108,"Drama,History,Thriller",6.6,3922.0
tt15295368,KD: The Devil,2026,140,"Action,Crime,Drama",6.3,3924.0
tt12703292,A Man of Action,2022,111,"Biography,Crime,Drama",6.4,3924.0
tt23770418,Kaguya-sama: Love Is War - The First Kiss That Never Ends,2022,96,"Animation,Comedy,Drama",8.5,3925.0
tt33245905,Kahan Shuru Kahan Khatam,2024,107,"Comedy,Romance",6.2,3926.0
tt24131660,Bring Him to Me,2023,96,"Crime,Thriller",5.3,3929.0
tt12619462,The Man in My Basement,2025,115,"Mystery,Thriller",4.7,3929.0
tt14379088,Shin Kamen Rider,2023,121,"Action,Adventure,Drama",6.1,3933.0
tt30769141,Jatt Nuu Chudail Takri,2024,155,Comedy,4.9,3935.0
tt9015168,River Road,2022,88,"Drama,Thriller",6.3,3939.0
tt29613587,Mast Mein Rehne Ka,2023,127,"Comedy,Drama",7.1,3940.0
tt28821588,The Soul Eater,2024,108,"Crime,Horror,Mystery",5.8,3943.0
tt36451817,Raakaasa,2026,130,"Comedy,Fantasy,Horror",6.7,3945.0
tt38504137,Babo: The Haftbefehl Story,2025,92,"Documentary,Music",7.1,3945.0
tt13848804,Journey to Bethlehem,2023,99,"Adventure,Family,Musical",6.5,3945.0
tt36580119,The President's Cake,2025,105,Drama,7.6,3953.0
tt27599713,The Red Virgin,2024,114,Drama,6.8,3956.0
tt13051724,L'immensità,2022,99,"Drama,Music",6.4,3958.0
tt9183978,Arctic Void,2022,85,"Drama,Horror,Mystery",4.6,3968.0
tt32875624,Haunted 3D: Echoes of the Past,2026,140,"Horror,Romance,Thriller",5.2,3969.0
tt28129054,Take Cover,2024,90,"Action,Thriller",5.1,3975.0
tt13349280,Aadavaallu Meeku Johaarlu,2022,139,"Comedy,Drama,Family",6.0,3977.0
tt11086194,Thankam,2023,145,"Crime,Drama",7.1,3977.0
tt15446834,Aseq,2022,106,"Drama,Horror",5.2,3980.0
tt27853611,Max,2024,132,Action,7.0,3986.0
tt30324320,Marching Powder,2025,96,"Action,Comedy,Crime",5.3,3986.0
tt24131288,Cash Out,2024,92,"Action,Adventure,Thriller",4.8,3989.0
tt30319854,Sugarcane,2024,107,Documentary,7.0,3989.0
tt28150132,Omni Loop,2024,112,"Drama,Sci-Fi",5.6,3991.0
tt27987407,Gold Brick,2023,95,"Comedy,Drama",6.2,3994.0
tt13531468,Rise,2022,117,"Comedy,Drama",7.0,3994.0
tt32728672,Kaalam raasina kathalu,2024,132,Drama,8.5,3995.0
tt31078761,Drawing Closer,2024,118,"Drama,Romance",7.7,3998.0
tt22505214,Brave Citizen,2023,112,"Action,Comedy,Drama",6.6,4003.0
tt34984715,Dhandoraa,2025,135,Drama,8.3,4005.0
tt33058713,Jailbreak: Love on the Run,2024,88,"Crime,Documentary",6.4,4009.0
tt39291127,Zamana,2026,130,"Crime,Drama",5.4,4010.0
tt33550069,Good News,2025,136,"Action,Comedy,Crime",6.6,4014.0
tt33365126,Carolina Caroline,2025,107,"Crime,Drama,Romance",6.6,4014.0
tt32402578,Pogumidam Vegu Thooramillai,2024,133,Mystery,7.3,4016.0
tt3917710,The Baker,2022,104,"Action,Crime,Drama",5.9,4018.0
tt28248897,Tyler Perry's Divorce in the Black,2024,122,"Drama,Thriller",4.7,4020.0
tt34442678,Bhairavam,2025,155,Action,4.5,4021.0
tt34691776,Abandoned Man,2025,91,Drama,5.9,4023.0
tt33343397,Dan Da Dan: First Encounter,2024,83,"Action,Animation,Comedy",8.2,4027.0
tt15329224,Revoir Paris,2022,105,Drama,6.9,4028.0
tt29461220,Pani,2024,143,"Action,Crime,Drama",6.9,4029.0
tt28366692,Janet Planet,2023,113,Drama,6.1,4031.0
tt40381358,Tavaszi szél - az ébredés,2026,101,Documentary,7.7,4033.0
tt27546190,The Sweet East,2023,104,"Comedy,Crime,Drama",6.4,4035.0
tt30460421,LIK: Love Insurance Kompany,2026,157,"Comedy,Romance,Sci-Fi",5.6,4039.0
tt27837387,Unknown: The Lost Pyramid,2023,83,"Documentary,History",6.6,4040.0
tt15248702,Catwoman: Hunted,2022,78,"Action,Animation,Crime",5.6,4046.0
tt23790924,Vincent Must Die,2023,108,"Drama,Fantasy,Thriller",6.4,4048.0
tt21148018,Full River Red,2023,159,"Comedy,Drama,History",6.4,4048.0
tt32175880,Kishkindhapuri,2025,125,"Horror,Mystery",6.3,4049.0
tt27611340,Bachhala Malli,2024,140,"Action,Drama,Romance",8.1,4050.0
tt11448830,Falcon Lake,2022,100,"Drama,Mystery,Romance",7.0,4050.0
tt39389929,The Investigation of Lucy Letby,2026,92,"Crime,Documentary",5.5,4051.0
tt21375602,Love Me,2024,91,"Drama,Romance,Sci-Fi",5.1,4051.0
tt33396241,100 Crores,2024,\N,Action,4.9,4054.0
tt34500787,Dear Krishna,2025,131,Drama,7.9,4058.0
tt21448540,Baby Ruby,2022,93,"Drama,Horror,Thriller",4.7,4059.0
tt13466166,Saani Kaayidham,2022,136,"Action,Crime,Drama",7.4,4059.0
tt22688572,Boudica,2023,101,"Action,Drama,History",4.3,4062.0
tt27171776,Yaathisai,2023,121,"Action,Drama,History",7.0,4072.0
tt13299052,Khiladi,2022,154,"Action,Crime,Thriller",5.2,4072.0
tt13940818,The Contestant,2023,90,"Biography,Documentary",7.2,4076.0
tt15536668,Rheingold,2022,138,"Biography,Crime,Drama",6.7,4078.0
tt12648266,Accused,2023,88,Thriller,6.3,4078.0
tt20215396,Girl Haunts Boy,2024,100,"Comedy,Family,Fantasy",6.3,4080.0
tt14264694,Worldbreaker,2025,95,"Action,Drama,Sci-Fi",4.3,4080.0
tt36201830,System,2026,123,"Drama,Thriller",6.0,4083.0
tt32639175,Dolly,2025,83,Horror,5.0,4083.0
tt27682129,Prey,2024,86,"Action,Thriller",3.7,4084.0
tt13535920,Both Sides of the Blade,2022,116,"Drama,Romance,Thriller",6.1,4085.0
tt17633634,Bosco,2024,99,"Drama,Thriller",5.4,4087.0
tt14828040,Spermageddon,2024,80,"Animation,Comedy,Musical",5.4,4087.0
tt43632572,Gurthukosthunnayi,2026,\N,"Drama,Romance",9.2,4091.0
tt17079606,Dead Talents Society,2024,111,"Comedy,Horror,Thriller",6.9,4091.0
tt32065993,Marana Mass,2025,139,Comedy,6.5,4092.0
tt10515398,Pallichattambi,2026,150,"Action,Drama,Thriller",6.9,4097.0
tt2542852,Downtown Owl,2023,91,"Comedy,Drama",5.0,4097.0
tt34498610,Toaster,2026,120,"Comedy,Drama,Thriller",4.6,4099.0
tt14452174,Soundtrack to a Coup d'Etat,2024,150,"Documentary,Music",7.8,4100.0
tt35340614,The Blue Trail,2025,85,"Drama,Sci-Fi",7.0,4101.0
tt24082488,The Eternal Memory,2023,85,Documentary,7.4,4103.0
tt32308382,Purushothamudu,2024,120,Action,5.9,4104.0
tt7130916,Dicks: The Musical,2023,86,"Comedy,Musical",5.3,4110.0
tt11040762,Alice,2022,100,"Crime,Drama,Thriller",5.7,4115.0
tt34762360,10 Dance,2025,126,"Drama,Music,Romance",7.0,4115.0
tt20424172,Alibi.com 2,2023,88,Comedy,6.5,4117.0
tt2597804,Don't Make Me Go,2022,109,Drama,6.7,4118.0
tt29768333,Last Bullet,2025,111,"Action,Crime,Drama",6.3,4118.0
tt16731908,A Brighter Tomorrow,2023,95,"Comedy,Drama",6.7,4126.0
tt13055982,Savage Salvation,2022,101,"Action,Thriller",4.8,4126.0
tt22001978,Odum Kuthira Chadum Kuthira,2025,153,"Comedy,Romance",5.2,4126.0
tt22507216,Amrum,2025,93,"Drama,History,War",7.2,4129.0
tt22022784,My Dead Friend Zoe,2024,103,"Comedy,Drama,War",6.4,4130.0
tt18092672,Gold Run,2022,117,"Drama,Thriller,War",6.6,4134.0
tt29704964,Vidhi,2023,107,Crime,6.9,4138.0
tt27791972,Outbreak,2024,88,"Horror,Mystery,Thriller",5.0,4139.0
tt11157934,Modi Ji Ki Beti,2022,104,"Comedy,Drama",6.4,4144.0
tt11887316,The Teacher Who Promised the Sea,2023,105,"Biography,Drama",7.5,4144.0
tt11269026,Mother's Love,2022,110,Comedy,5.8,4145.0
tt7720142,Assassin Club,2023,111,"Action,Thriller",4.7,4145.0
tt36352591,"You, Me & Tuscany",2026,105,"Comedy,Romance",6.0,4145.0
tt10559102,Supercell,2023,100,"Action,Adventure,Drama",4.4,4148.0
tt27655241,Heat Is On,2023,130,Thriller,7.2,4156.0
tt14247286,Four to Dinner,2022,105,"Comedy,Romance",6.3,4160.0
tt29458284,Everybody Loves Sohrab Handa,2023,101,"Drama,Mystery,Thriller",5.9,4165.0
tt32176689,My Hero Academia: You're Next,2024,110,"Action,Adventure,Animation",7.0,4168.0
tt11102262,Cadaver,2022,123,"Crime,Drama,Mystery",6.5,4170.0
tt16211122,Ayodhi,2023,121,"Action,Drama,Thriller",8.2,4170.0
tt21156390,The Starling Girl,2023,117,"Drama,Romance",6.7,4171.0
tt12810902,The Moderator,2022,82,"Action,Drama,Thriller",3.3,4172.0
tt30224274,M4M: Motive for Murder,2026,97,"Crime,Thriller",7.8,4172.0
tt7311164,CBI 5: The Brain,2022,162,"Crime,Mystery,Thriller",5.6,4175.0
tt26569323,The Mill,2023,106,"Drama,Mystery,Sci-Fi",5.4,4177.0
tt30319516,Good One,2024,89,Drama,6.7,4180.0
tt22010586,Capturing the Killer Nurse,2022,94,"Crime,Documentary",6.4,4182.0
tt36971084,"The Rise of the Red Hot Chili Peppers: Our Brother, Hillel",2026,93,"Documentary,History,Music",7.5,4185.0
tt8080418,Storm Rider: Legend of Hammerhead,2026,105,"Action,Adventure,Sci-Fi",5.9,4193.0
tt11182994,Zillion,2022,138,"Biography,Crime,Drama",7.2,4195.0
tt33381920,You Are the Apple of My Eye,2024,101,"Comedy,Drama,Romance",6.6,4195.0
tt11410312,Falimy,2023,125,"Comedy,Drama",7.3,4197.0
tt28870064,Tantiram,2023,99,"Fantasy,Horror,Mystery",6.7,4201.0
tt26315142,Totem,2023,95,Drama,7.0,4202.0
tt13702796,Pacifiction,2022,165,"Drama,Thriller",6.3,4205.0
tt17492148,Psycho Therapy: The Shallow Tale of a Writer Who Decided to Write about a Serial Killer,2024,102,"Crime,Horror,Mystery",6.2,4206.0
tt33063741,Draupathi 2,2026,159,"Drama,History",5.2,4208.0
tt14586118,Driving Madeleine,2022,91,"Comedy,Drama",7.2,4214.0
tt20672356,Semmelweis,2023,127,"Biography,Drama,History",6.8,4214.0
tt19381382,Cocorico,2024,92,Comedy,5.9,4218.0
tt21379574,Running with the Devil: The Wild World of John McAfee,2022,105,"Biography,Crime,Documentary",5.9,4219.0
tt31226981,Sankrathiki Vasthunam,2025,160,"Action,Comedy",6.1,4225.0
tt14817952,Older Gods,2023,82,"Drama,Horror",4.7,4226.0
tt21257152,Make Me Believe,2023,104,"Comedy,Romance",5.7,4228.0
tt11203022,Sex Appeal,2022,90,"Comedy,Drama,Romance",5.4,4229.0
tt26304178,O'Dessa,2025,106,"Drama,Music,Musical",5.0,4234.0
tt13491834,Sacramento,2024,89,Comedy,5.9,4247.0
tt28970408,Matti Katha,2023,90,Family,6.4,4249.0
tt9288748,My Father's Dragon,2022,99,"Adventure,Animation,Comedy",6.5,4251.0
tt33949346,Maargan,2025,132,"Crime,Thriller",6.8,4251.0
tt34379307,Is God Is,2026,100,"Drama,Mystery,Thriller",6.6,4252.0
tt27480881,Medal,2023,122,Action,7.4,4253.0
tt29142525,Tell Them You Love Me,2023,102,Documentary,6.9,4253.0
tt29959401,Mollywood Times,2026,150,"Comedy,Drama",7.3,4258.0
tt31951179,Jongli,2025,152,"Action,Drama",6.9,4261.0
tt29793197,A House on Fire,2024,105,"Comedy,Drama",7.2,4261.0
tt13245502,DJ Tillu,2022,121,"Action,Comedy,Romance",7.2,4262.0
tt31851518,The Choral,2025,113,"Drama,History,Music",6.4,4264.0
tt11027288,Beneath Us All,2023,91,"Drama,Fantasy,Horror",3.6,4264.0
tt37376089,Svadba,2026,95,Comedy,7.4,4269.0
tt33312131,Mantis,2025,113,"Action,Crime,Thriller",5.3,4269.0
tt11396226,Mudhal Nee Mudivum Nee,2022,148,"Drama,Fantasy,Romance",7.9,4270.0
tt33307516,Kis Kisko Pyaar Karoon 2,2025,144,Comedy,4.7,4272.0
tt34966562,The Christophers,2025,100,"Comedy,Drama",6.8,4272.0
tt19773302,Jonah,2023,89,"Mystery,Sci-Fi,Thriller",5.7,4282.0
tt32206571,Lorry Chapter-1,2024,183,"Action,Crime,Thriller",6.9,4288.0
tt9455468,Pamfir,2022,107,"Action,Drama,Thriller",7.4,4288.0
tt31624258,Hijack 1971,2024,100,"Action,Crime,Thriller",6.8,4290.0
tt14534796,Mascarade,2022,134,"Comedy,Crime,Drama",6.4,4294.0
tt22058628,Born to Fly,2023,128,"Action,Drama",5.8,4297.0
tt14034614,Nostalgia,2022,117,Drama,6.7,4301.0
tt20258920,Tin Soldier,2025,86,"Action,Biography,Drama",3.3,4307.0
tt23023596,Malaikottai Vaaliban,2024,156,"Action,Drama,Fantasy",5.9,4312.0
tt30400277,Kiss of the Spider Woman,2025,129,"Drama,Musical",5.7,4314.0
tt19315924,Ranveer vs. Wild with Bear Grylls,2022,70,Documentary,6.5,4315.0
tt35520290,The Baltimorons,2025,101,"Comedy,Drama,Romance",6.9,4315.0
tt33984333,How to Make a Killing,2024,109,"Comedy,Crime,Thriller",6.5,4317.0
tt20424130,Mob Land,2023,112,"Action,Crime,Thriller",5.4,4318.0
tt30317302,Bitconned,2024,93,Documentary,6.5,4322.0
tt12856788,Dangerous,2022,99,"Action,Crime,Drama",6.6,4322.0
tt13640946,Malayankunju,2022,114,"Drama,Thriller",6.9,4323.0
tt8591526,Fremont,2023,91,Drama,6.9,4324.0
tt34621709,Sukhibavaa,2026,126,Drama,6.9,4324.0
tt23476446,Daaaaaali!,2023,77,"Comedy,Drama",6.6,4324.0
tt26763310,Mangalavaaram,2023,149,"Action,Horror,Thriller",6.8,4328.0
tt32275943,Alpha,2025,128,"Drama,Horror",5.8,4336.0
tt29468874,Beast of War,2025,87,"Action,Biography,Drama",5.4,4339.0
tt13434562,A Wounded Fawn,2022,91,Horror,5.4,4345.0
tt10375396,God's Creatures,2022,100,Drama,6.0,4348.0
tt15411160,The Year I Started Masturbating,2022,98,"Comedy,Drama",5.2,4351.0
tt11122698,Dream,2023,125,"Comedy,Drama,Sport",6.5,4352.0
tt5608166,Dashing Through the Snow,2023,92,"Comedy,Family,Fantasy",5.6,4353.0
tt21813994,Fancy Dance,2023,90,Drama,6.6,4365.0
tt23988936,Saali Mohabbat,2024,108,"Drama,Thriller",7.0,4370.0
tt30766582,Screamboat,2025,102,"Comedy,Horror",4.1,4373.0
tt15485390,Operation Napoleon,2023,102,"Action,Adventure,Thriller",6.0,4374.0
tt3715152,Shooting Stars,2023,116,"Drama,Sport",6.5,4374.0
tt33538438,Maa Behen,2026,127,"Comedy,Crime,Drama",5.5,4377.0
tt31411349,Colours of Time,2025,124,"Comedy,Drama,Romance",7.2,4380.0
tt30319830,Skywalkers: A Love Story,2024,100,Documentary,7.1,4382.0
tt27539086,800,2023,158,"Biography,Sport",7.1,4382.0
tt29274198,Nunakuzhi,2024,125,"Comedy,Crime",6.8,4393.0
tt25403492,1920: Horrors of the Heart,2023,122,"Drama,Horror",2.7,4394.0
tt25808194,Project Silence,2023,101,"Action,Horror,Sci-Fi",5.4,4402.0
tt16156616,How to Date Billy Walsh,2024,98,"Comedy,Romance",5.2,4403.0
tt33014921,We Girls,2025,124,"Crime,Drama",8.0,4404.0
tt14755038,Lullaby,2022,104,Drama,7.1,4406.0
tt27590147,Only the River Flows,2023,101,"Crime,Drama,Mystery",6.6,4409.0
tt19308034,Jim Henson: Idea Man,2024,111,"Biography,Documentary",7.7,4411.0
tt35512499,7 Dogs,2026,125,"Action,Comedy,Crime",5.6,4412.0
tt30021427,Ferry 2,2024,94,"Action,Crime,Drama",5.6,4413.0
tt22497768,Alkhallat+,2022,118,"Comedy,Drama,Mystery",6.7,4413.0
tt29607491,Hardcore Never Dies,2023,108,"Crime,Drama",6.8,4415.0
tt14443888,Summoning Sylvia,2023,74,"Comedy,Horror,Thriller",5.4,4416.0
tt32245043,Inheritance,2024,94,"Comedy,Drama,Mystery",5.1,4416.0
tt15509266,Spy,2023,135,"Action,Thriller",4.7,4417.0
tt7734244,The Magic Faraway Tree,2026,110,"Adventure,Family,Fantasy",6.3,4419.0
tt34376523,Subham,2025,125,"Comedy,Horror",7.1,4422.0
tt22480126,Berlin,2023,124,"Drama,Thriller",6.8,4422.0
tt6318608,Nightwatch: Demons Are Forever,2023,118,"Horror,Mystery,Thriller",5.8,4426.0
tt33474179,Firebreak,2026,107,"Drama,Thriller",5.8,4427.0
tt21378744,World War III,2022,117,"Adventure,Crime,Drama",7.1,4429.0
tt13380324,Night Shift,2023,82,"Horror,Thriller",5.5,4430.0
tt32572716,The Truth and Tragedy of Moriah Wilson,2026,95,"Crime,Documentary",6.6,4430.0
tt27110516,One More Shot,2024,103,"Action,Thriller",5.4,4430.0
tt13439744,Son of India,2022,102,"Action,Drama,History",2.7,4433.0
tt14813150,Manodrome,2023,95,"Drama,Thriller",4.8,4434.0
tt28763074,Dancing Village: The Curse Begins,2024,122,"Horror,Mystery,Thriller",5.6,4435.0
tt26452781,Marked Men,2025,93,Romance,5.2,4436.0
tt28151876,Yolo,2024,129,"Action,Comedy,Drama",6.9,4437.0
tt35518410,Dridam,2026,128,"Crime,Drama,Thriller",7.0,4443.0
tt16424988,Your Lucky Day,2023,89,Thriller,5.9,4448.0
tt38457052,Aileen: Queen of the Serial Killers,2025,104,"Crime,Documentary",6.1,4459.0
tt14960854,Swallowed,2022,96,"Horror,Thriller",5.3,4461.0
tt30743549,The Mouse Trap,2024,80,"Comedy,Fantasy,Horror",2.4,4463.0
tt8302918,Kaathu Vaakula Rendu Kaadhal,2022,157,"Comedy,Drama,Romance",5.5,4468.0
tt13483866,Linoleum,2022,101,"Drama,Sci-Fi",6.5,4470.0
tt21572042,Aftermath,2024,78,"Drama,Mystery,Sci-Fi",5.0,4472.0
tt0498396,The Twits,2025,98,"Adventure,Animation,Comedy",4.7,4473.0
tt19113292,Missing: The Lucie Blackman Case,2023,83,"Crime,Documentary",6.4,4474.0
tt7892066,Ayalaan,2024,155,"Action,Adventure,Sci-Fi",5.9,4483.0
tt27757546,Diablo,2025,91,"Action,Thriller",5.7,4485.0
tt17677178,Who Invited Them,2022,81,"Comedy,Horror",5.5,4489.0
tt14369276,My Father's Violin,2022,112,Drama,6.5,4489.0
tt26234970,Gandeevadhari Arjuna,2023,137,"Action,Thriller",5.4,4494.0
tt24223982,Gowri,2024,130,Family,6.0,4497.0
tt13919696,Meppadiyan,2022,124,"Drama,Thriller",7.1,4499.0
tt28865980,American Symphony,2023,104,"Biography,Documentary,Music",6.8,4511.0
tt7645334,Landscape with Invisible Hand,2023,105,"Comedy,Drama,Sci-Fi",5.9,4512.0
tt14014068,Book of Love,2022,106,"Comedy,Romance",5.6,4518.0
tt16427718,All Hail,2022,118,"Comedy,Drama",5.6,4519.0
tt32411272,3BHK,2025,150,Drama,7.4,4522.0
tt8174412,Funny Pages,2022,86,Comedy,6.2,4524.0
tt27502426,Four Daughters,2023,107,Documentary,7.4,4524.0
tt26258488,Bihter,2023,113,"Drama,History",3.6,4524.0
tt12706836,Shell,2024,100,"Comedy,Horror,Thriller",4.9,4525.0
tt32214413,The Wedding Banquet,2025,103,"Comedy,Drama,Romance",6.3,4525.0
tt33057137,Prisoner of War,2025,112,"Action,Thriller,War",5.7,4526.0
tt31474455,Bahumukham,2024,90,"Drama,Thriller",8.5,4528.0
tt29482291,When Fall Is Coming,2024,104,Drama,6.9,4541.0
tt28756876,Einstein and the Bomb,2024,76,"Documentary,History",6.2,4542.0
tt17633184,War Sailor,2022,150,"Drama,War",7.3,4542.0
tt21830836,House of Spoils,2024,101,"Drama,Horror,Thriller",5.1,4545.0
tt14113634,Drishyam 3,2026,157,"Crime,Drama,Family",6.7,4548.0
tt36499994,"Two Worlds, One Wish",2025,118,"Drama,Romance",6.1,4550.0
tt15891690,Raghu Dakat,2025,152,Action,5.6,4550.0
tt14483774,Shortcomings,2023,92,"Comedy,Drama,Romance",6.4,4554.0
tt34964205,2000 Meters to Andriivka,2025,107,"Documentary,War",8.4,4557.0
tt21388556,That's Amor,2022,96,"Comedy,Romance",5.4,4558.0
tt14995258,No Limit,2022,118,"Drama,Romance,Sport",5.8,4559.0
tt39049795,Evil Influencer: The Jodi Hildebrandt Story,2025,100,"Crime,Documentary",6.2,4560.0
tt33500164,KalamKaval,2025,139,"Crime,Drama",7.2,4561.0
tt12404266,The Last Rifleman,2023,95,"Biography,Drama,War",6.8,4566.0
tt32089689,Mandakini,2024,127,Comedy,6.0,4570.0
tt21965874,Allen Sunshine,2024,90,Drama,6.7,4574.0
tt4029412,Panama,2022,95,"Action,Thriller",3.6,4575.0
tt6632018,The King Tide,2023,100,Thriller,6.5,4577.0
tt11698800,Enys Men,2022,96,"Fantasy,Horror,Mystery",5.6,4579.0
tt27487473,The Wages of Fear,2024,104,"Action,Adventure,Drama",4.6,4579.0
tt2980152,Abandoned,2022,102,"Drama,Horror,Mystery",3.8,4581.0
tt32086034,Holy Cow,2024,92,"Comedy,Drama",7.0,4585.0
tt39162904,Queen of Chess,2026,93,"Biography,Documentary",7.6,4587.0
tt31579702,Cadi,2024,134,"Drama,Horror,Thriller",6.1,4587.0
tt36722524,Guru Nanak Jahaz,2025,140,History,8.3,4592.0
tt30504474,Erdal and Ece,2024,107,Comedy,4.4,4595.0
tt15690300,Hot Seat,2022,99,"Action,Thriller",4.3,4598.0
tt14550346,Last Summer,2023,104,"Drama,Thriller",6.4,4600.0
tt14954534,Cassandro,2023,107,"Biography,Drama,Sport",6.5,4605.0
tt10092698,All Fun and Games,2023,96,"Horror,Thriller",4.3,4606.0
tt15528292,The Big 4,2022,141,"Action,Comedy,Crime",6.1,4608.0
tt30227076,Black Box Diaries,2024,102,"Crime,Documentary",7.5,4609.0
tt21988182,T.I.M.,2023,101,"Horror,Sci-Fi,Thriller",5.5,4613.0
tt26445355,Vadakkupatti Ramasamy,2024,146,"Comedy,Drama",8.0,4613.0
tt27446495,Your Christmas or Mine 2,2023,101,Comedy,5.8,4624.0
tt12981538,The Goat and Her Three Kids,2022,83,"Drama,Horror,Thriller",7.2,4626.0
tt22892896,Ghislaine Maxwell: Filthy Rich,2022,101,"Crime,Documentary",6.1,4627.0
tt32308418,How to Rob a Bank,2024,88,"Action,Crime,Documentary",6.6,4628.0
tt15560314,The Monk and the Gun,2023,107,"Comedy,Drama",7.1,4628.0
tt26743414,Monsieur Aznavour,2024,133,"Biography,Drama,Music",7.2,4633.0
tt13978520,Spy Kids: Armageddon,2023,97,"Action,Adventure,Comedy",4.3,4633.0
tt29343289,The Bayou,2025,87,"Action,Horror,Thriller",4.1,4633.0
tt27816768,Tarla,2023,127,"Biography,Comedy,Drama",6.8,4635.0
tt16227044,Martha,2024,115,Documentary,7.2,4638.0
tt29608104,Turbo,2024,155,"Action,Comedy",5.9,4642.0
tt15309632,The Ghost,2022,138,"Action,Crime,Thriller",5.1,4652.0
tt15614274,Double XL,2022,128,"Comedy,Drama",4.6,4660.0
tt12655436,Honk for Jesus. Save Your Soul.,2022,106,Comedy,5.3,4665.0
tt14189076,Declaration,2022,107,Drama,6.4,4671.0
tt14549270,The Palace,2023,100,"Comedy,Drama",5.5,4677.0
tt24076146,The Persian Version,2023,107,"Comedy,Drama,Romance",6.2,4680.0
tt20414228,"Manta, Manta: Legacy",2023,127,"Action,Comedy",3.5,4685.0
tt32245158,Justice,2024,113,"Crime,Drama",6.3,4691.0
tt8130518,Dark Cloud,2022,81,"Horror,Sci-Fi,Thriller",3.8,4692.0
tt25289836,Good Burger 2,2023,90,"Comedy,Family",5.3,4699.0
tt6195756,Wonderwell,2023,96,"Drama,Family,Fantasy",5.8,4703.0
tt29491918,David Holmes: The Boy Who Lived,2023,90,Documentary,7.7,4704.0
tt21927594,Girl You Know It's True,2023,124,"Biography,Drama,Music",7.1,4706.0
tt17595094,In the Fire,2023,87,"Drama,Horror,Thriller",3.0,4707.0
tt31392065,Federer: Twelve Final Days,2024,88,"Biography,Documentary,Sport",7.3,4709.0
tt22099068,Code Name: Tiranga,2022,137,"Action,Thriller",3.5,4719.0
tt15782570,You Can Live Forever,2022,96,"Drama,Romance",6.8,4725.0
tt35627915,Being Eddie,2025,103,"Biography,Documentary",6.9,4727.0
tt20365920,Guardians of the Formula,2023,120,"Biography,Drama,History",7.9,4731.0
tt5335774,The Yellow Tie,2025,145,"Adventure,Drama,Music",8.5,4739.0
tt32990818,Dehset Bey,2025,139,"Action,Drama,Romance",7.2,4740.0
tt4959750,1992,2022,97,"Action,Drama,Thriller",5.7,4749.0
tt37846979,Merah Putih: One for All,2025,70,"Adventure,Animation,Family",1.0,4752.0
tt35715953,Urchin,2025,100,Drama,6.8,4752.0
tt32627545,Watchmen: Chapter II,2024,90,"Action,Animation,Drama",7.1,4754.0
tt14898794,In Good Hands,2022,104,"Comedy,Drama,Romance",5.8,4754.0
tt35529436,Vash Level 2,2025,103,"Horror,Thriller",7.2,4756.0
tt5264838,Crater,2023,105,"Adventure,Drama,Sci-Fi",5.4,4757.0
tt14137416,Kidnapped: The Abduction of Edgardo Mortara,2023,134,"Drama,History",7.0,4759.0
tt27721490,Tornado,2025,90,"Action,Drama,Thriller",5.5,4761.0
tt15832148,Afwaah,2023,126,"Drama,Thriller",5.7,4763.0
tt26237514,Bonhoeffer: Pastor. Spy. Assassin.,2024,133,"Biography,Drama,History",6.2,4764.0
tt21929356,A Trip to Infinity,2022,79,Documentary,7.0,4768.0
tt18394428,Titanic 666,2022,91,"Horror,Thriller",3.3,4773.0
tt38466379,"My Father, the BTK Killer",2025,93,"Crime,Documentary",6.2,4773.0
tt23063732,Saving Bikini Bottom: The Sandy Cheeks Movie,2024,82,"Adventure,Animation,Comedy",3.6,4777.0
tt22042346,2073,2024,85,"Documentary,Sci-Fi,Thriller",5.1,4800.0
tt33081325,Manyam Dheerudu,2024,114,Biography,6.0,4802.0
tt26745321,Armand,2024,118,Drama,6.1,4807.0
tt21275544,Marmalade,2024,99,"Comedy,Crime,Drama",6.3,4811.0
tt30024043,The Prosecutor,2024,117,"Action,Drama,Thriller",6.5,4815.0
tt30177031,Curry & Cyanide: The Jolly Joseph Case,2023,98,"Crime,Documentary",6.7,4819.0
tt29002950,Resurrection,2025,160,"Drama,Sci-Fi",7.3,4827.0
tt32560777,Plankton: The Movie,2025,87,"Adventure,Animation,Comedy",5.3,4827.0
tt15481952,My Son Hunter,2022,95,"Biography,Comedy,Drama",4.4,4831.0
tt21113962,"20,000 Species of Bees",2023,128,Drama,7.0,4832.0
tt28658276,The 4:30 Movie,2024,87,Comedy,6.0,4833.0
tt19841734,The Innocent,2022,99,"Comedy,Crime,Romance",6.6,4843.0
tt27995587,Sakshi,2023,140,Drama,6.4,4844.0
tt25151410,Demonte Colony 2,2024,144,"Horror,Thriller",6.5,4846.0
tt9688874,Tiger Nageswara Rao,2023,172,"Action,Crime,Drama",6.0,4854.0
tt30225680,Hell Camp: Teen Nightmare,2023,90,"Crime,Documentary",6.1,4856.0
tt22818604,Kaathal - The Core,2023,114,Drama,7.4,4859.0
tt15352516,Merry Little Batman,2023,96,"Animation,Comedy,Family",6.4,4861.0
tt10334530,Gharga,2026,118,Thriller,5.3,4866.0
tt27907811,Thandel,2025,152,"Action,Adventure,Romance",6.4,4867.0
tt18563148,Silverton Siege,2022,100,"Action,Crime,Drama",6.3,4868.0
tt35513027,Sundays,2025,115,"Drama,Thriller",7.4,4872.0
tt36472392,Chatha Pacha,2026,134,"Action,Comedy,Drama",6.3,4887.0
tt34852931,Am Ah,2025,115,Drama,6.0,4889.0
tt15387182,Akhanda 2 - Thaandavam,2025,164,"Action,Drama,Fantasy",5.4,4889.0
tt31456973,Alarum,2025,95,"Action,Crime,Thriller",3.3,4894.0
tt21825858,Call Me Chihiro,2023,131,Drama,7.0,4895.0
tt8005118,House Party,2023,100,Comedy,4.4,4896.0
tt23037488,One Ranger,2023,95,"Action,Thriller",4.9,4902.0
tt15441472,The Price We Pay,2022,86,"Action,Horror,Thriller",4.9,4903.0
tt36544524,A Poet,2025,123,"Comedy,Drama",7.9,4903.0
tt32085997,Misericordia,2024,104,"Comedy,Crime,Drama",6.7,4904.0
tt13781128,Paachuvum Albhuthavilakkum,2023,171,"Comedy,Drama",7.3,4905.0
tt15911108,120 Bahadur,2025,137,"Action,Drama,History",7.0,4906.0
tt26547790,Home for Rent,2023,124,"Horror,Mystery,Thriller",6.6,4906.0
tt33600145,Money Electric: The Bitcoin Mystery,2024,100,Documentary,6.8,4907.0
tt22302170,This Is Christmas,2022,111,"Comedy,Drama,Romance",7.1,4908.0
tt11468258,FIR,2022,156,Thriller,6.9,4909.0
tt18558306,The Delinquents,2023,189,"Comedy,Crime,Drama",6.7,4911.0
tt34977130,Don't Die: The Man Who Wants to Live Forever,2025,88,Documentary,6.1,4912.0
tt21440188,Office Invasion,2022,112,"Action,Comedy,Horror",4.4,4923.0
tt30784256,The Second Act,2024,80,Comedy,6.4,4924.0
tt26787296,Burning Betrayal,2023,98,"Drama,Mystery,Romance",4.2,4935.0
tt15128358,Prison 77,2022,125,"Drama,History,Thriller",6.9,4939.0
tt33335602,Maintenance Required,2025,102,"Comedy,Romance",5.3,4941.0
tt35600079,A Very Jonas Christmas Movie,2025,80,"Comedy,Drama,Family",5.7,4943.0
tt10354106,Stars at Noon,2022,135,"Drama,Romance,Thriller",5.5,4947.0
tt5656994,Project 'Gemini',2022,98,"Adventure,Sci-Fi,Thriller",3.5,4947.0
tt21268790,New Year's Eve,2022,142,Comedy,5.8,4949.0
tt15116506,Samara,2023,118,"Action,Adventure,Sci-Fi",4.5,4953.0
tt21284358,Close Your Eyes,2023,169,Drama,7.2,4959.0
tt13857556,Candy Land,2022,93,"Horror,Thriller",5.3,4959.0
tt11818818,God's Country,2022,102,Thriller,5.6,4960.0
tt32065777,Nagabandham - The Secret Treasure,2026,185,"Action,Adventure,Drama",8.5,4962.0
tt22964884,Upon Entry,2022,77,Drama,7.0,4969.0
tt21908676,Neeyat,2023,134,"Crime,Mystery,Thriller",5.3,4970.0
tt28793125,The Swedish Connection,2026,102,"Biography,Drama,History",6.9,4972.0
tt23722792,I Believe in Santa,2022,89,"Comedy,Romance",4.6,4973.0
tt27032708,Survive,2024,90,"Action,Adventure,Horror",4.6,4973.0
tt14636214,Sweethearts,2024,98,Comedy,5.5,4974.0
tt26672512,My Name Is Loh Kiwan,2024,131,"Drama,Romance",6.7,4974.0
tt22543124,Kuch Khattaa Ho Jaay,2024,125,Comedy,5.0,4975.0
tt21326658,Noise,2023,89,"Drama,Mystery,Thriller",3.5,4980.0
tt35520315,The Age of Disclosure,2025,109,Documentary,6.9,4981.0
tt14307536,A Jazzman's Blues,2022,127,"Drama,Mystery,Romance",6.8,4982.0
tt15891388,Miss Shetty Mr Polishetty,2023,149,"Comedy,Drama,Romance",6.9,4984.0
tt15451150,You Can't Run Forever,2024,102,"Drama,Horror,Thriller",4.5,4986.0
tt9569096,Sharp Corner,2024,110,"Drama,Thriller",5.9,4991.0
tt20358284,The Lesson,2023,103,Thriller,6.1,4991.0
tt35669009,Ziam,2025,95,"Action,Horror,Sci-Fi",4.9,4995.0
tt10643926,The Storied Life of A.J. Fikry,2022,105,"Comedy,Drama",6.7,4997.0
tt16300138,I Used to Be Funny,2023,105,"Comedy,Drama,Mystery",6.4,4998.0
tt10737918,Shin Ultraman,2022,112,"Action,Adventure,Drama",6.3,4998.0
tt12390572,The Twin,2022,109,"Drama,Horror,Mystery",5.1,4999.0
tt12965390,Perfect Addiction,2023,107,"Action,Drama,Romance",5.5,5002.0
tt21434318,The Underdoggs,2024,96,"Comedy,Sport",5.6,5003.0
tt37443891,Raat Akeli Hai: The Bansal Murders,2025,136,Drama,6.6,5004.0
tt32828123,Cloud,2024,124,"Action,Crime,Drama",6.4,5012.0
tt24146896,Rotting in the Sun,2023,109,"Comedy,Mystery,Thriller",6.8,5014.0
tt15275256,The Infernal Machine,2022,111,"Mystery,Thriller",5.5,5016.0
tt21477618,Mortal Kombat Legends: Snow Blind,2022,82,"Action,Adventure,Animation",6.7,5016.0
tt21955520,Peter Pan's Neverland Nightmare,2025,89,"Horror,Mystery,Thriller",4.8,5020.0
tt27953589,Hedda,2025,107,"Drama,Romance",5.8,5029.0
tt28810493,The Devil on Trial,2023,81,"Crime,Documentary,Horror",5.6,5030.0
tt28153480,Vedaa,2024,145,"Action,Drama,Thriller",6.0,5031.0
tt15654800,Still Time,2022,109,"Comedy,Drama,Fantasy",6.6,5037.0
tt35882698,The Twister: Caught in the Storm,2025,89,Documentary,6.8,5041.0
tt17202164,Appendage,2023,94,"Drama,Horror",5.3,5042.0
tt14993352,Consecration,2023,91,"Horror,Thriller",5.2,5056.0
tt39392533,Assi,2026,134,"Crime,Drama,Thriller",6.7,5064.0
tt36329718,916 Kunjuttan,2025,116,\N,4.8,5069.0
tt21071620,Pookkaalam,2023,137,"Comedy,Drama,Family",7.3,5070.0
tt22507524,12.12: The Day,2023,141,"Action,Drama,History",7.5,5070.0
tt35948720,Another You,2025,111,"Comedy,Romance",7.0,5074.0
tt14682800,Tuesday,2023,110,"Drama,Fantasy",6.3,5077.0
tt32237111,Maa Inti Bangaram,2026,154,"Action,Drama,Family",8.5,5083.0
tt27139868,Yo Yo Honey Singh: Famous,2024,80,"Documentary,Drama",6.8,5083.0
tt29856129,Mayanagari,2023,137,\N,3.8,5085.0
tt13918550,Black Site,2022,93,"Action,Thriller",4.5,5092.0
tt35684868,Sirai,2025,124,Thriller,7.8,5099.0
tt26629652,Loveable,2024,101,"Drama,Romance",7.5,5102.0
tt14656632,Paradise City,2022,92,"Action,Thriller",3.7,5110.0
tt28182053,The Constable,2025,130,Action,4.7,5111.0
tt34996428,Homo Argentum,2025,98,Comedy,5.8,5116.0
tt17521612,Starve Acre,2023,98,"Drama,Horror",5.5,5121.0
tt36464353,My Mom Jayne,2025,105,"Biography,Documentary,Family",8.3,5121.0
tt32259219,Bloody Beggar,2024,134,"Action,Comedy,Drama",6.2,5121.0
tt33184067,Thala,2025,122,Mystery,4.1,5122.0
tt14986012,12th Man,2022,163,"Crime,Drama,Mystery",6.8,5125.0
tt20202324,Magpie,2024,90,Thriller,6.3,5126.0
tt13829262,Rubikon,2022,110,"Drama,Sci-Fi,Thriller",5.0,5136.0
tt31188121,Rifle Club,2024,113,Action,7.0,5152.0
tt28074691,Eagle,2024,159,"Action,Thriller",5.9,5153.0
tt19864832,La Cocina,2024,139,"Comedy,Drama,Romance",7.0,5158.0
tt10935560,Dark Glasses,2022,86,"Horror,Mystery,Thriller",5.2,5159.0
tt18353064,Chokehold,2023,112,"Drama,Thriller",5.7,5162.0
tt4181158,"Hello, Goodbye and Everything in Between",2022,82,"Comedy,Drama,Romance",5.2,5163.0
tt32292009,Laggam,2024,130,Family,8.2,5165.0
tt15260176,Despatch,2024,153,"Action,Drama,Thriller",4.4,5166.0
tt27550504,Plainclothes,2025,95,"Drama,Romance,Thriller",7.0,5170.0
tt30110854,The Firing Squad,2024,93,"Adventure,Biography,Drama",5.0,5172.0
tt28073548,Love Is in the Air,2023,88,"Comedy,Drama,Romance",5.6,5175.0
tt3463938,Haunting of the Queen Mary,2023,114,"Drama,Horror,Mystery",4.1,5177.0
tt15210256,Stephen Curry: Underrated,2023,110,"Biography,Documentary,Sport",7.3,5179.0
tt19637278,The Tutor,2023,92,"Mystery,Thriller",4.8,5188.0
tt27655979,O.Baby,2023,126,"Action,Drama,Thriller",6.7,5188.0
tt25470468,Beyond Utopia,2023,115,"Biography,Documentary,History",7.9,5188.0
tt30073158,Dhakshina,2024,107,"Crime,Drama",5.1,5191.0
tt32386654,The Wizard of the Kremlin,2025,137,"Biography,Crime,Drama",6.0,5196.0
tt14466284,Gone Running,2024,105,"Comedy,Romance",7.0,5206.0
tt9691290,Sharmajee Ki Beti,2024,116,"Comedy,Drama",5.9,5214.0
tt13878694,Maarrich,2022,126,"Crime,Mystery,Thriller",6.2,5222.0
tt30292390,The Calendar Killer,2024,97,"Crime,Thriller",5.5,5223.0
tt17632818,Kooman,2022,153,"Drama,Mystery,Thriller",7.3,5237.0
tt9663168,The Devil Conspiracy,2022,111,"Horror,Sci-Fi,Thriller",4.6,5238.0
tt32887317,Dominic and the Ladies' Purse,2025,151,"Comedy,Thriller",6.6,5238.0
tt33337007,Fussclass Dabhade,2025,156,Drama,7.1,5248.0
tt23558084,Bad Influence,2025,106,"Romance,Thriller",4.2,5252.0
tt20198716,"Love, Divided",2024,98,"Comedy,Romance",6.0,5254.0
tt19783714,"Luxembourg, Luxembourg",2022,110,"Comedy,Drama",7.8,5263.0
tt38121182,Jujutsu Kaisen: Execution,2025,87,"Action,Animation,Fantasy",6.6,5277.0
tt11001074,Rust,2024,139,"Drama,Western",5.8,5280.0
tt27751957,The 47,2024,110,"Biography,Drama",7.2,5286.0
tt19838566,Kraken,2026,100,"Action,Drama,Fantasy",5.1,5287.0
tt35524793,The Moment,2026,103,"Comedy,Drama,Thriller",6.1,5288.0
tt27724113,The Arctic Convoy,2023,108,"Action,Drama,History",6.5,5291.0
tt31281659,Merv,2025,105,"Comedy,Romance",5.5,5293.0
tt24070754,All Your Faces,2023,118,Drama,7.5,5298.0
tt21250176,Re/Member,2022,102,"Drama,Horror,Mystery",5.2,5298.0
tt14034294,Vanished Into the Night,2024,92,"Drama,Thriller",5.3,5299.0
tt2943178,Mad Heidi,2022,92,"Action,Adventure,Comedy",5.5,5309.0
tt39316472,Jackass: Best and Last,2026,92,"Comedy,Documentary",6.7,5314.0
tt26533869,The Jester,2023,90,"Horror,Mystery,Thriller",3.9,5318.0
tt20256556,The Greatest Lie Ever Sold: George Floyd and the Rise of BLM,2022,79,Documentary,7.0,5320.0
tt16915972,Satan's Slaves 2: Communion,2022,119,"Drama,Horror,Mystery",6.7,5323.0
tt34159694,Shambhala,2025,143,Action,6.5,5323.0
tt33479805,Killer Whale,2026,89,"Action,Horror,Thriller",3.9,5331.0
tt36277018,Ginny Wedss Sunny 2,2026,134,"Comedy,Drama,Family",4.6,5336.0
tt26545708,Aftermath,2024,97,"Action,Thriller",5.2,5341.0
tt12663250,Yaksha: Ruthless Operations,2022,125,"Action,Crime,Thriller",6.3,5350.0
tt29884526,Alappuzha Gymkhana,2025,139,"Action,Comedy,Drama",6.7,5352.0
tt2118648,Handling the Undead,2024,97,"Drama,Horror,Mystery",5.3,5352.0
tt33549683,Love Untangled,2025,118,"Comedy,Drama,Romance",7.1,5356.0
tt26546123,Beautiful Wedding,2024,100,"Comedy,Romance",4.1,5360.0
tt14687418,The Tank,2023,100,"Horror,Mystery,Thriller",4.6,5363.0
tt14967472,Of an Age,2022,100,"Drama,Romance",7.1,5371.0
tt27957740,Daaku Maharaaj,2025,150,"Action,Crime,Drama",5.9,5372.0
tt13899570,Kannagi,2023,158,"Drama,Romance",6.5,5377.0
tt10833378,Beyond the Neon,2022,87,"Crime,Mystery,Thriller",6.1,5378.0
tt31179712,Osiris,2025,108,"Action,Horror,Sci-Fi",4.8,5381.0
tt14013772,Elevator Game,2023,94,"Horror,Thriller",4.2,5383.0
tt15676664,Venus,2022,100,"Action,Horror,Thriller",5.5,5384.0
tt15488088,Moving On,2022,85,Comedy,6.0,5391.0
tt36240772,K.O.,2025,86,"Action,Adventure,Drama",5.8,5398.0
tt8907974,Looop Lapeta,2022,131,"Action,Comedy,Crime",5.2,5398.0
tt16118722,Tony Hawk: Until the Wheels Fall Off,2022,135,"Biography,Documentary,Sport",8.0,5410.0
tt27816710,Abraham Ozler,2024,143,"Crime,Drama,Mystery",6.6,5411.0
tt14913282,I Like Movies,2022,99,"Comedy,Drama",6.8,5413.0
tt18973958,New Life,2023,85,"Horror,Thriller",5.6,5413.0
tt4896168,Bed Rest,2022,90,"Drama,Horror,Mystery",5.1,5417.0
tt8785038,Fixed,2025,87,"Adventure,Animation,Comedy",5.2,5422.0
tt24225846,Sabari,2024,129,"Action,Drama,Family",6.2,5425.0
tt13365876,Pinball: The Man Who Saved the Game,2022,95,"Biography,Comedy,Drama",7.0,5440.0
tt8363392,Blackout,2022,81,"Action,Crime,Thriller",3.9,5441.0
tt14301252,Zombies 3,2022,88,"Drama,Family,Horror",5.4,5442.0
tt37161355,Daadi Ki Shaadi,2026,155,"Comedy,Drama,Family",6.0,5446.0
tt39143902,Leviticus,2026,88,"Horror,Romance,Sci-Fi",6.8,5455.0
tt33529930,Bandaa Singh Chaudhary,2024,113,"Action,Comedy,Drama",5.9,5457.0
tt36331860,"Love Me, Love Me",2026,99,"Drama,Romance",4.2,5468.0
tt16377862,All That Breathes,2022,97,Documentary,7.0,5469.0
tt21419928,Let's Meet,2025,103,Romance,6.1,5474.0
tt20205236,No Bears,2022,106,"Drama,Romance",7.2,5479.0
tt32267691,Power Ballad,2026,98,"Comedy,Drama,Music",6.8,5480.0
tt8746404,Marmaduke,2022,88,"Adventure,Animation,Comedy",3.3,5480.0
tt3864060,Unstoppable,2024,116,"Drama,Sport",6.8,5483.0
tt28282872,Mr. Bachchan,2024,150,"Action,Crime,Drama",3.6,5486.0
tt19853698,Música,2024,91,"Comedy,Music,Romance",6.4,5489.0
tt13259610,The Outwaters,2022,110,"Horror,Sci-Fi,Thriller",3.8,5493.0
tt11265320,Escape the Field,2022,89,"Horror,Thriller",4.5,5495.0
tt32389619,Outside,2024,142,"Horror,Thriller",5.1,5500.0
tt35518081,Ask Sadece Bir An,2025,112,Romance,3.8,5501.0
tt12676006,Borrego,2022,102,Thriller,5.3,5505.0
tt3468380,Which Brings Me to You,2023,98,"Comedy,Drama,Romance",5.6,5514.0
tt29224742,Razakar: The Silent Genocide of Hyderabad,2024,166,"Action,Drama,History",7.1,5514.0
tt34548722,Sore: A Wife from the Future,2025,119,"Drama,Fantasy,Romance",7.5,5517.0
tt33022710,Ocean with David Attenborough,2025,95,Documentary,8.4,5521.0
tt17491040,The Pirates: The Last Royal Treasure,2022,126,"Action,Adventure,Comedy",6.1,5522.0
tt3234122,Widow Clicquot,2023,90,"Biography,Drama",6.3,5523.0
tt20452454,Binny and Family,2024,140,Drama,7.4,5525.0
tt29137778,Homestead,2024,112,"Action,Adventure,Drama",5.2,5528.0
tt11563070,Acharya,2022,152,"Action,Drama",3.8,5531.0
tt13899250,Bloodline Killer,2024,105,"Crime,Horror,Mystery",4.0,5532.0
tt14179942,Good Night Oppy,2022,105,Documentary,7.7,5536.0
tt23782248,Custody,2023,148,"Action,Drama,Thriller",5.7,5542.0
tt21810110,Bhagavanth Kesari,2023,164,"Action,Drama,Thriller",5.7,5544.0
tt27302079,Aattam,2023,139,"Drama,Mystery,Thriller",8.1,5550.0
tt17663876,Muzzle,2023,100,"Action,Crime,Drama",5.6,5553.0
tt11773426,Kingdom,2025,158,"Action,Crime,Drama",5.5,5557.0
tt28630806,Udaipur Files: Kanhaiya Lal Tailor Murder,2025,125,"Crime,Drama,Thriller",6.3,5562.0
tt23804378,Three of Us,2022,99,"Drama,Romance",7.5,5581.0
tt17348060,Diabolic,2025,95,Horror,5.5,5584.0
tt33291804,Meesha,2025,131,\N,6.4,5586.0
tt28364355,Varshangalkku Shesham,2024,166,"Comedy,Drama,Musical",6.6,5596.0
tt14686544,White Elephant,2022,92,"Action,Thriller",4.5,5599.0
tt28526239,Spark: L.I.F.E.,2023,170,"Action,Romance,Thriller",6.7,5599.0
tt20198774,Play Dead,2022,106,"Horror,Thriller",5.2,5599.0
tt28076316,Detective Sherdil,2025,106,"Comedy,Mystery",5.1,5600.0
tt15964372,Aparajito,2022,138,"Biography,Drama,Family",8.7,5610.0
tt15341106,Writer Padmabhushan,2023,123,"Comedy,Drama",7.5,5616.0
tt32648798,Revelations,2025,122,"Crime,Drama,Mystery",6.0,5617.0
tt1764551,Psycho Killer,2026,91,"Crime,Drama,Horror",4.8,5617.0
tt14412366,A Day to Die,2022,105,"Action,Crime,Drama",3.5,5619.0
tt19034522,White Hot: The Rise & Fall of Abercrombie & Fitch,2022,88,Documentary,5.8,5624.0
tt9636732,Israelism,2023,84,"Documentary,War",7.6,5634.0
tt15685876,Dhamaka,2022,144,"Action,Comedy,Thriller",6.1,5634.0
tt11953194,Hey Sinamika,2022,150,"Drama,Romance",6.3,5635.0
tt34621892,Madly,2025,98,"Comedy,Romance",6.9,5644.0
tt23782140,Vaazhai,2024,134,Drama,7.7,5655.0
tt21301418,Chief of Station,2024,97,"Action,Thriller",4.7,5658.0
tt22075376,Milk & Serial,2024,62,"Horror,Thriller",6.6,5664.0
tt37458112,Kara,2026,159,"Action,Crime,Drama",6.8,5666.0
tt28766949,Uranus 2324,2024,130,"Drama,Romance,Sci-Fi",6.3,5669.0
tt28635681,Gorre Puranam,2024,103,Drama,5.4,5679.0
tt21200850,Dance with the Jackals 6,2022,116,"Action,Comedy",5.1,5683.0
tt15789492,Infiesto,2023,96,"Action,Adventure,Crime",5.6,5701.0
tt15507512,The Piano Lesson,2024,127,"Drama,Music",6.2,5707.0
tt32106176,Kesari Veer,2025,161,"Action,Drama,History",4.6,5708.0
tt10935956,Kira & El Gin,2022,175,"Action,Drama,History",7.8,5712.0
tt30691214,Forbidden Fruits,2026,103,"Comedy,Horror",5.2,5715.0
tt14317880,Final Cut,2022,112,"Comedy,Horror",6.3,5718.0
tt15422224,Slotherhouse,2023,93,"Comedy,Horror,Thriller",4.5,5725.0
tt27930156,I Love You,2023,93,"Drama,Romance,Thriller",5.4,5745.0
tt13623916,Toolsidas Junior,2022,132,"Drama,Family,Sport",7.4,5748.0
tt29538571,Sixty Minutes,2024,88,"Action,Adventure,Drama",5.7,5748.0
tt35231039,Kokuho,2025,175,Drama,7.5,5749.0
tt4624366,Monstrous,2022,88,"Horror,Mystery,Thriller",4.7,5758.0
tt26739529,Money Shot: The Pornhub Story,2023,94,Documentary,5.4,5764.0
tt29313285,Little Amélie or the Character of Rain,2025,77,"Animation,Drama,Family",7.6,5764.0
tt11112784,Perfect Strangers,2022,99,"Comedy,Drama,Romance",5.8,5766.0
tt20854842,Ved,2022,148,"Drama,Romance",7.2,5766.0
tt22769820,Legion of Super-Heroes,2023,83,"Action,Animation,Sci-Fi",5.9,5767.0
tt32135732,The Devil,2025,167,Drama,8.8,5769.0
tt15477504,Nanpakal Nerathu Mayakkam,2022,105,"Comedy,Drama",7.4,5772.0
tt15391770,Corrective Measures,2022,106,"Action,Adventure,Crime",4.3,5775.0
tt15189534,The Wrath of God,2022,97,"Drama,Thriller",5.8,5776.0
tt32916093,Mr. Crocket,2024,88,Horror,5.4,5782.0
tt41635245,The Amazing Digital Circus: The Last Act,2026,95,"Adventure,Animation,Comedy",7.6,5782.0
tt15464390,Mastaney,2023,150,"Action,Drama,History",7.5,5785.0
tt31249107,Salvable,2025,101,"Action,Adventure,Crime",6.0,5785.0
tt36793656,Bakasura Restaurant,2025,158,Comedy,7.7,5786.0
tt36741457,The Big Fake,2025,116,"Drama,History",6.6,5787.0
tt35022209,Mission C1000,2026,128,Action,9.3,5788.0
tt29252358,Armor,2024,89,"Action,Crime,Drama",3.6,5794.0
tt38350059,Buen Camino,2025,90,Comedy,6.2,5795.0
tt14633464,Desperation Road,2023,112,"Action,Crime,Drama",5.9,5798.0
tt13145534,Incredible But True,2022,74,"Comedy,Drama,Fantasy",6.4,5802.0
tt31226272,Do Deewane Seher Mein,2026,138,"Drama,Romance",6.1,5803.0
tt11092020,Shadow Force,2025,104,"Action,Drama,Thriller",4.7,5811.0
tt14960612,See You on Venus,2023,94,"Drama,Romance",6.1,5815.0
tt18184012,Love Mocktail 2,2022,140,"Drama,Romance",8.1,5819.0
tt27802912,Ace,2025,157,"Action,Comedy,Crime",6.5,5824.0
tt12550376,Shark Bait,2022,87,"Horror,Thriller",4.5,5826.0
tt29702934,Sila Nodigalil,2023,94,"Drama,Mystery,Thriller",5.1,5827.0
tt12476270,Brut Force,2022,93,Thriller,4.2,5838.0
tt28857146,Sapta Sagaradaache Ello: Side B,2023,148,"Action,Drama,Romance",8.0,5839.0
tt33852162,A Private Life,2025,107,"Crime,Drama,Mystery",5.9,5841.0
tt15554886,Tales of Babylon,2023,126,"Action,Comedy,Crime",6.6,5847.0
tt15509506,The 100,2025,135,Action,6.9,5850.0
tt28551273,Bha. Bha. Ba.,2025,153,"Action,Comedy,Thriller",4.6,5853.0
tt15837458,Wrong Place,2022,96,"Action,Crime,Thriller",3.5,5864.0
tt18082758,The Takeover,2022,87,"Action,Crime,Thriller",5.3,5866.0
tt30150917,Justice League: Crisis on Infinite Earths - Part Three,2024,98,"Action,Adventure,Animation",6.1,5866.0
tt20315818,Ezra,2023,101,"Comedy,Drama",6.5,5869.0
tt22188452,Haddi,2023,134,"Crime,Drama",5.5,5871.0
tt27330732,Luv Ki Arrange Marriage,2024,135,"Comedy,Family",4.4,5872.0
tt26655359,Malayalee from India,2024,160,"Action,Comedy,Drama",5.6,5874.0
tt36856278,Trainwreck: The Astroworld Tragedy,2025,80,Documentary,6.7,5876.0
tt19783734,U Are the Universe,2024,90,"Comedy,Drama,Romance",7.7,5878.0
tt12844586,Sanctioning Evil,2022,110,Action,6.2,5887.0
tt36302733,Dies Irae,2025,116,"Horror,Thriller",6.9,5894.0
tt27050277,The Courier,2024,101,"Action,Adventure,Crime",6.1,5897.0
tt23642744,Night of the Hunted,2023,95,"Crime,Drama,Horror",5.3,5900.0
tt28131427,Black Dog,2024,116,"Drama,Thriller",7.1,5905.0
tt13845438,Naane Varuvean,2022,122,Thriller,6.1,5906.0
tt15560626,Bhoothakaalam,2022,105,"Drama,Horror,Mystery",7.4,5935.0
tt22528200,F*** Marry Kill,2024,97,"Comedy,Mystery,Romance",5.3,5942.0
tt31989784,Simarik,2024,111,"Comedy,Drama",5.2,5951.0
tt32543884,Fall for Me,2025,103,Thriller,4.9,5961.0
tt37737315,29,2026,150,"Comedy,Drama,Romance",7.8,5969.0
tt15380500,Vasco Da Gama,2024,125,"Comedy,Thriller",5.4,5976.0
tt36243564,The Stranger,2025,122,"Crime,Drama",7.1,5978.0
tt19890316,What Happens Later,2023,103,"Comedy,Romance",4.9,5979.0
tt20672490,American Carnage,2022,101,"Action,Comedy,Horror",5.0,5985.0
tt27419466,Moana,2026,115,"Action,Adventure,Comedy",5.7,5985.0
tt35003538,Epic: Elvis Presley in Concert,2025,96,"Biography,Documentary,Music",8.1,5986.0
tt12024308,Wildflower,2022,105,"Comedy,Drama",6.8,5992.0
tt18951176,Gulmohar,2023,131,"Drama,Family",7.6,5993.0
tt23642740,Night Courier,2023,110,"Comedy,Crime,Drama",7.3,5993.0
tt21097192,Die Alone,2024,90,"Drama,Horror,Mystery",5.8,5997.0
tt35509393,Landlord,2026,156,"Action,Drama,Family",4.5,5999.0
tt9319826,Jungle Cry,2022,117,"Drama,Sport",7.2,6013.0
tt14813966,Tyler Perry's A Madea Homecoming,2022,105,"Comedy,Drama,Romance",5.7,6016.0
tt36833584,Influencers,2025,110,"Horror,Thriller",5.9,6017.0
tt27687527,Justice League: Warworld,2023,89,"Action,Adventure,Animation",5.3,6022.0
tt34379050,Night of the Reaper,2025,93,Horror,5.8,6023.0
tt4058618,The Thicket,2024,105,"Crime,Drama,Western",5.9,6025.0
tt33294533,Ronth,2025,122,Drama,7.1,6025.0
tt23875550,UI,2024,135,"Action,Sci-Fi",6.5,6025.0
tt26691319,Good Night,2023,142,"Comedy,Drama,Romance",7.6,6036.0
tt19637852,Halftime,2022,95,"Biography,Documentary,Music",6.6,6042.0
tt19713090,The Killer,2022,95,"Action,Comedy,Crime",6.7,6042.0
tt18260564,Killer Book Club,2023,89,"Horror,Thriller",4.6,6046.0
tt39140662,Kidnapped: Elizabeth Smart,2026,91,"Crime,Documentary",6.7,6046.0
tt32273171,The Death of Robin Hood,2026,122,"Action,Adventure,Drama",6.2,6048.0
tt15494038,Drifting Home,2022,119,"Adventure,Animation,Drama",6.4,6050.0
tt19848268,Fear the Night,2023,92,"Action,Adventure,Horror",4.9,6051.0
tt33888131,Aap Jaisa Koi,2025,114,"Drama,Romance",5.8,6052.0
tt28690468,Sound of Falling,2025,155,"Drama,War",7.0,6052.0
tt15048614,Blurr,2022,127,"Drama,Horror,Mystery",5.8,6066.0
tt14857730,The Enforcer,2022,90,"Action,Crime,Drama",5.4,6068.0
tt18224610,House of Darkness,2022,88,"Comedy,Horror,Mystery",4.7,6074.0
tt30972054,Manitou's Canoe,2025,88,"Comedy,Western",5.9,6093.0
tt21187592,The Threesome,2025,112,"Comedy,Drama,Romance",6.2,6093.0
tt31853193,Gundi: Legend of Love,2024,166,"Biography,Sport",8.8,6098.0
tt22863968,Something in the Water,2024,86,"Adventure,Drama,Horror",4.1,6102.0
tt35301431,Latin Blood: The Ballad of Ney Matogrosso,2025,129,"Biography,Drama,Music",7.8,6104.0
tt13825336,Good Luck Jerry,2022,148,"Comedy,Crime,Drama",5.5,6104.0
tt23638614,Unsung Hero,2024,113,"Biography,Drama,Family",7.0,6106.0
tt32094375,Die Hart 2: Die Harter,2024,92,"Action,Comedy",4.3,6122.0
tt14465894,Restless,2022,95,"Action,Crime,Thriller",5.9,6124.0
tt27868101,Vadakkan,2024,112,"Fantasy,Horror,Thriller",6.0,6129.0
tt19712072,Chengiz,2023,150,"Action,Crime,Thriller",7.6,6129.0
tt13280054,Blood,2022,108,"Drama,Horror,Thriller",5.5,6145.0
tt27843798,Jewel Thief: The Heist Begins,2025,116,"Action,Adventure,Thriller",4.2,6145.0
tt36934451,MST - Terra Prometida,2025,92,Documentary,8.5,6147.0
tt20112600,Race for Glory: Audi vs. Lancia,2024,109,"Biography,Drama,Sport",5.8,6153.0
tt23865712,Kadak Singh,2023,128,"Drama,Thriller",6.2,6154.0
tt22037066,Malikappuram,2022,121,"Action,Adventure,Drama",7.4,6156.0
tt33295741,Redux Redux,2025,109,"Action,Adventure,Crime",6.2,6164.0
tt23664710,Kutch Express,2023,134,"Drama,Family",7.0,6165.0
tt33054635,Santhana Prapthirasthu,2025,139,"Comedy,Drama",5.5,6173.0
tt13495458,The Inspection,2022,95,Drama,6.7,6175.0
tt23648788,Counterstrike,2025,84,"Action,Thriller",6.0,6180.0
tt18555320,Return to Space,2022,128,Documentary,7.3,6180.0
tt26439870,Azaad,2025,147,"Adventure,Drama",4.8,6181.0
tt28301898,Blame the Game,2024,92,"Comedy,Romance,Thriller",5.4,6183.0
tt19034332,The Mystery of Marilyn Monroe: The Unheard Tapes,2022,101,"Biography,Crime,Documentary",6.2,6184.0
tt26655108,The Family Star,2024,159,"Action,Drama,Romance",5.4,6186.0
tt28664733,Lost in Starlight,2025,96,"Animation,Comedy,Drama",7.0,6187.0
tt13391708,The Five Devils,2022,103,"Drama,Fantasy,Romance",6.7,6201.0
tt27032419,Mrs,2023,111,Comedy,6.7,6207.0
tt23846874,Sajini Shinde Ka Viral Video,2023,116,"Crime,Mystery,Thriller",6.2,6208.0
tt30454602,The Last Journey,2024,95,Documentary,7.8,6210.0
tt24515124,Winter Spring Summer or Fall,2024,97,"Comedy,Drama,Romance",6.1,6211.0
tt26420234,Music by John Williams,2024,105,"Biography,Documentary,Music",8.2,6219.0
tt27940347,Riwaj,2025,130,Drama,5.0,6239.0
tt24478470,City Hunter,2024,102,"Action,Comedy,Crime",6.3,6239.0
tt33477418,Like Aani Subscribe,2024,140,Mystery,7.1,6240.0
tt5316648,Blind,2023,124,"Crime,Drama,Thriller",4.1,6243.0
tt18815884,Kaal Trighori,2025,159,"Horror,Thriller",6.6,6245.0
tt28223926,Skincare,2024,96,"Comedy,Mystery,Thriller",5.7,6246.0
tt20192230,Green Lantern: Beware My Power,2022,88,"Action,Adventure,Animation",6.2,6272.0
tt24517458,RDX: Robert Dony Xavier,2023,151,"Action,Adventure",7.0,6273.0
tt14407884,Mujib: The Making of Nation,2023,176,"Biography,Drama,History",4.3,6277.0
tt11773308,Ranga Maarthaanda,2023,153,Drama,8.0,6282.0
tt21958136,The Wasp,2024,96,Thriller,6.1,6282.0
tt27678883,Controll,2025,116,"Action,Thriller",6.7,6283.0
tt26690825,Balagam,2023,131,"Drama,Family",7.9,6296.0
tt24249946,The Caine Mutiny Court-Martial,2023,108,"Drama,War",6.7,6297.0
tt14967618,Margaux,2022,104,"Horror,Sci-Fi,Thriller",4.5,6298.0
tt23621682,Bambi: The Reckoning,2025,80,"Horror,Thriller",4.9,6301.0
tt11724920,Dead Sea,2024,88,"Crime,Thriller",5.2,6305.0
tt22892546,Akelli,2023,127,"Action,Drama,Thriller",6.0,6313.0
tt30180830,Sasquatch Sunset,2024,88,"Adventure,Comedy,Drama",5.4,6319.0
tt26731216,The Forge,2024,124,"Drama,Family",6.8,6320.0
tt15048606,Lost,2022,124,"Drama,Thriller",5.7,6323.0
tt29270150,Undercover,2024,118,"Biography,Crime,Drama",7.1,6333.0
tt34498111,Chand Mera Dil,2026,135,"Drama,Music,Romance",7.0,6335.0
tt8347960,Breath,2022,106,"Drama,Thriller",4.8,6346.0
tt15193162,The Conversion,2022,134,Drama,8.1,6347.0
tt37333137,Main Vaapas Aaunga,2026,167,"Comedy,Drama,History",8.2,6353.0
tt18162096,Do Not Expect Too Much from the End of the World,2023,163,"Comedy,Drama",7.3,6356.0
tt15978956,Wifelike,2022,105,"Crime,Mystery,Sci-Fi",4.9,6368.0
tt29028515,Wasteman,2025,90,"Crime,Drama,Thriller",7.2,6378.0
tt35307139,The Alabama Solution,2025,117,Documentary,7.8,6388.0
tt20242416,Maamannan,2023,157,"Action,Drama,Thriller",6.7,6394.0
tt11286210,Master,2022,98,"Drama,Horror,Mystery",5.3,6401.0
tt38123566,With Love,2026,141,"Comedy,Drama,Romance",7.6,6401.0
tt30841606,Rumours,2024,104,"Comedy,Drama,Horror",4.8,6401.0
tt25400540,Guruvayoor Ambalanadayil,2024,132,Comedy,6.6,6401.0
tt23334464,10 Days of a Good Man,2023,124,"Crime,Drama,Mystery",6.5,6403.0
tt14186876,Bring Them Down,2024,106,"Drama,Thriller",6.4,6404.0
tt15376894,Saint Omer,2022,122,Drama,6.7,6405.0
tt20222202,You're Killing Me,2023,94,"Action,Horror,Mystery",4.9,6414.0
tt10993078,Boneyard,2024,96,"Action,Crime,Drama",4.2,6419.0
tt32047217,Delicious,2025,102,"Crime,Drama,Thriller",4.4,6420.0
tt27655393,Love You Ram,2023,118,"Drama,Romance",4.6,6438.0
tt26238710,Sketch,2024,93,"Adventure,Comedy,Family",6.6,6441.0
tt26442053,Old Guy,2024,94,"Action,Comedy,Crime",5.3,6448.0
tt13566172,The Dive,2023,91,"Adventure,Drama,Thriller",5.6,6449.0
tt31122323,Megamind vs. The Doom Syndicate,2024,83,"Action,Adventure,Animation",2.4,6457.0
tt12735282,The Reef: Stalked,2022,93,"Adventure,Horror,Thriller",4.2,6469.0
tt25134642,Main Atal Hoon,2024,139,"Biography,Drama",6.9,6488.0
tt12121582,When You Finish Saving the World,2022,88,"Comedy,Drama",5.7,6489.0
tt14539318,The Beast Within,2024,97,Horror,4.3,6490.0
tt13929998,On a Wing and a Prayer,2023,102,Drama,5.5,6495.0
tt32244679,The Roast of Tom Brady,2024,179,"Comedy,Documentary",7.2,6507.0
tt28026215,Guns Up,2025,92,"Action,Comedy",5.5,6509.0
tt14472156,Paint,2023,96,"Comedy,Drama",5.0,6516.0
tt23052532,Mark Antony,2023,150,"Action,Comedy,Crime",6.6,6523.0
tt14188930,"Nna, Thaan Case Kodu",2022,138,"Comedy,Crime,Drama",7.9,6529.0
tt19705884,Good Boy,2022,76,"Horror,Thriller",5.6,6530.0
tt15181064,Kakuda,2024,116,"Comedy,Horror",5.3,6533.0
tt27458291,Annapoorani,2023,146,Drama,3.9,6539.0
tt22751230,Slum Dog Husband,2023,122,"Comedy,Drama",6.6,6543.0
tt15471560,Smoking Causes Coughing,2022,77,"Comedy,Horror,Sci-Fi",6.4,6554.0
tt20465746,Last Night of Amore,2023,124,"Drama,Thriller",7.1,6554.0
tt19406606,The Shift,2023,115,"Action,Romance,Sci-Fi",5.6,6556.0
tt14097180,Somewhere in Queens,2022,106,"Comedy,Drama,Sport",6.8,6559.0
tt15479902,Trust No One: The Hunt for the Crypto King,2022,90,"Crime,Documentary",6.3,6560.0
tt14895716,Something in the Dirt,2022,116,"Comedy,Horror,Mystery",5.8,6572.0
tt22010428,BTS: Permission to Dance on Stage - LA,2022,130,"Documentary,Music",8.5,6576.0
tt30150907,Justice League: Crisis on Infinite Earths - Part Two,2024,95,"Action,Adventure,Animation",5.6,6587.0
tt19704542,Sidelined: The QB and Me,2024,99,"Drama,Romance",5.8,6588.0
tt35111035,Demon City,2025,106,"Action,Adventure,Crime",5.4,6593.0
tt13651462,Lurker,2025,100,"Crime,Drama,Music",6.8,6598.0
tt13457790,The Critic,2023,101,"Crime,Drama,Mystery",6.0,6600.0
tt12917050,The List,2023,97,"Comedy,Romance",5.2,6601.0
tt16302202,The Estate,2022,96,Comedy,5.3,6605.0
tt33484071,Sweet Bobby: My Catfish Nightmare,2024,82,Documentary,6.2,6634.0
tt21398196,Siya,2022,117,"Crime,Drama",7.5,6634.0
tt6979756,Creation of the Gods I: Kingdom of Storms,2023,148,"Action,Adventure,Drama",6.6,6638.0
tt22869490,Crakk: Jeetega... Toh Jiyegaa,2024,154,"Action,Sport,Thriller",4.7,6641.0
tt15837338,PAW Patrol: The Mighty Movie,2023,88,"Action,Adventure,Animation",5.9,6647.0
tt33030375,The New Year That Never Came,2024,138,"Drama,History",8.1,6650.0
tt22227936,Gorgeous,2022,151,Drama,7.1,6654.0
tt15251536,Kaapa,2022,136,"Action,Crime,Thriller",5.8,6659.0
tt12292206,Those Who Walk Away,2022,94,"Drama,Horror,Thriller",4.2,6683.0
tt20258220,Angels Fallen: Warriors of Peace,2024,103,"Action,Adventure,Fantasy",3.7,6693.0
tt21317634,Bride Hard,2025,105,"Action,Comedy",4.4,6695.0
tt29471733,Picture This,2025,101,"Comedy,Romance",5.3,6696.0
tt21836538,The Figo Affair: The Transfer that Changed Football,2022,105,"Biography,Documentary,Sport",7.1,6702.0
tt10473036,The Amazing Maurice,2022,93,"Adventure,Animation,Comedy",6.2,6719.0
tt33245761,Vaazha II: Biopic of a Billion Bros,2026,160,"Comedy,Drama",8.0,6723.0
tt27534328,The Childe,2023,118,"Action,Drama,Thriller",6.9,6724.0
tt12143990,The Re-Education of Molly Singer,2023,120,Comedy,5.5,6727.0
tt15042300,On Swift Horses,2024,119,"Drama,Romance",6.0,6733.0
tt15387190,Veera Simha Reddy,2023,170,"Action,Drama",4.8,6739.0
tt24679190,Sattar,2022,106,"Action,Comedy",6.9,6742.0
tt29214162,The Dutchman,2025,88,"Drama,Thriller",5.3,6744.0
tt30096221,Ella McCay,2025,115,"Comedy,Drama",5.2,6749.0
tt23790418,Christmas as Usual,2023,88,"Comedy,Drama,Romance",5.5,6751.0
tt15678738,David,2025,109,"Adventure,Animation,Drama",6.8,6756.0
tt16425284,Mixed by Erry,2023,110,"Comedy,History,Music",7.1,6759.0
tt13978658,Salute,2022,145,"Action,Crime,Drama",7.0,6771.0
tt21094994,R.I.P.D. 2: Rise of the Damned,2022,102,"Action,Adventure,Comedy",4.6,6774.0
tt26682012,Daddy's Head,2024,92,"Horror,Thriller",5.6,6815.0
tt21819250,Selena Gomez: My Mind & Me,2022,95,"Biography,Documentary,Music",7.3,6824.0
tt13273800,Sun and Concrete,2023,119,"Adventure,Crime,Drama",7.3,6826.0
tt20113412,The Convert,2023,119,"Action,Drama,History",6.4,6827.0
tt30795948,A Little Something Extra,2024,99,Comedy,6.9,6833.0
tt18550182,R.M.N.,2022,125,Drama,7.2,6843.0
tt2560092,The Magician's Elephant,2023,99,"Adventure,Animation,Comedy",6.6,6847.0
tt27417166,Crossing,2024,106,Drama,7.4,6853.0
tt12585076,Moonshot,2022,104,"Comedy,Romance,Sci-Fi",5.6,6859.0
tt15000156,Firebrand,2023,121,"Drama,History",6.3,6865.0
tt18747542,Faraway,2023,109,"Comedy,Drama,Romance",6.7,6871.0
tt32643830,The Elixir,2025,116,"Horror,Thriller",5.3,6881.0
tt23398540,Thug Life,2025,165,"Action,Crime,Drama",4.2,6882.0
tt30827810,I Love Boosters,2026,113,"Adventure,Comedy,Crime",6.7,6884.0
tt31529147,Odela 2,2025,150,"Crime,Drama,Horror",4.6,6885.0
tt25602750,The Girl Who Escaped: The Kara Robinson Story,2023,88,"Crime,Drama,Thriller",6.3,6890.0
tt14596320,Spin Me Round,2022,104,"Comedy,Romance",5.2,6896.0
tt32304349,The Carpenter's Son,2025,94,Horror,4.5,6907.0
tt10015244,Ash and Bone,2022,97,"Horror,Mystery,Thriller",4.0,6911.0
tt8649344,Blue Jean,2022,97,"Drama,History",6.9,6913.0
tt23950956,This Place Rules,2022,82,"Crime,Documentary,History",7.2,6915.0
tt21291992,River Wild,2023,91,"Action,Adventure,Thriller",5.4,6924.0
tt32792934,The Plague,2025,98,"Drama,Thriller",6.4,6927.0
tt32360696,French Lover,2025,122,"Comedy,Romance",6.2,6931.0
tt30327451,The Marching Band,2024,102,"Comedy,Drama,Music",7.4,6938.0
tt9669176,Accident Man: Hitman's Holiday,2022,96,"Action,Comedy,Crime",5.9,6942.0
tt10370812,The Settlers,2023,97,"Crime,Drama,History",6.9,6945.0
tt13468602,The Lair,2022,97,"Action,Horror,Sci-Fi",4.6,6958.0
tt13926298,Nanban Oruvan Vantha Piragu,2024,134,Drama,6.2,6959.0
tt32741341,Leader,2026,136,"Action,Crime,Drama",7.6,6964.0
tt12545566,Mr. Malcolm's List,2022,117,"Comedy,Drama,Romance",6.0,6974.0
tt33029024,Idly Kadai,2025,148,"Comedy,Drama,Sport",6.5,6975.0
tt23219684,Mighty Morphin Power Rangers: Once & Always,2023,55,"Action,Adventure,Drama",5.7,6979.0
tt9883398,Long Distance,2024,86,"Comedy,Drama,Sci-Fi",5.7,6982.0
tt27200708,Mother Mary,2026,111,"Drama,Music,Thriller",5.5,6984.0
tt12736014,CTRL,2024,99,"Drama,Thriller",6.2,6989.0
tt36187149,Masthishka Maranam,2026,147,"Comedy,Sci-Fi,Thriller",6.4,6999.0
tt27047448,Til Death Do Us Part,2023,111,"Action,Comedy,Horror",3.8,7005.0
tt37836776,Kadiköy Bogasi,2025,83,Comedy,1.0,7014.0
tt19244260,Red Right Hand,2024,111,"Action,Thriller",5.5,7019.0
tt29301456,Farrey,2023,130,"Crime,Drama,Thriller",6.2,7025.0
tt6341826,In the Blink of an Eye,2026,94,"Drama,Sci-Fi",6.1,7025.0
tt27811040,The Roundup: Punishment,2024,109,"Action,Crime,Thriller",6.6,7028.0
tt27881338,Regina,2023,118,"Crime,Thriller",5.7,7044.0
tt14536120,The Master and Margarita,2024,156,"Drama,Fantasy,Horror",7.1,7059.0
tt32654179,Gelin Takimi,2024,109,"Comedy,Romance",4.0,7068.0
tt33400719,Strange Harvest,2024,94,Horror,6.3,7084.0
tt6300910,The Unholy Trinity,2024,95,"Action,Adventure,Crime",5.5,7091.0
tt27510257,Thalavan,2024,131,"Crime,Mystery,Thriller",7.2,7095.0
tt23872640,Dirty Angels,2024,104,"Action,Drama,Thriller",4.6,7097.0
tt36628923,Sambhavam Adhyayam Onnu,2026,129,Thriller,7.3,7106.0
tt28377588,Ground Zero,2025,134,"Action,Drama,History",6.6,7125.0
tt28105944,Through My Window: Looking at You,2024,105,"Comedy,Drama,Romance",5.5,7132.0
tt15229674,My Name Is Vendetta,2022,90,"Action,Crime,Drama",5.6,7134.0
tt21905744,The Front Room,2024,94,"Horror,Thriller",4.6,7147.0
tt36118360,Tu Yaa Main,2026,143,"Action,Drama,Romance",6.1,7156.0
tt27116016,Die Hart,2023,84,"Action,Comedy",5.2,7172.0
tt18561736,The Great Indian Family,2023,112,Family,5.6,7173.0
tt34508974,"Silent Night, Deadly Night",2025,96,Horror,6.1,7177.0
tt33294237,Mura,2024,129,"Action,Drama",7.2,7181.0
tt6931658,Hunt,2022,131,"Action,Drama,Mystery",6.7,7187.0
tt28452681,Blood Star,2024,97,"Action,Crime,Horror",6.0,7207.0
tt14486678,Love Tactics,2022,97,"Comedy,Romance",5.4,7217.0
tt15334430,Dog Gone,2023,95,"Biography,Drama,Family",6.1,7227.0
tt23018924,Thangalaan,2024,156,"Action,Adventure,Drama",6.5,7244.0
tt24249072,Last Straw,2023,83,"Horror,Thriller",5.5,7244.0
tt14465706,Lost Bullet 2: Back for More,2022,98,"Action,Crime,Thriller",6.3,7251.0
tt33054858,Pati Patni Aur Woh Do,2026,117,"Comedy,Drama,Romance",6.2,7251.0
tt28618488,Vermiglio,2024,119,"Drama,History",6.9,7254.0
tt27125266,Ghost,2023,132,"Action,Thriller",6.3,7262.0
tt28142896,Weekend in Taipei,2024,100,"Action,Thriller",5.7,7263.0
tt39310158,The Kerala Story 2 Goes Beyond,2026,131,"Drama,Thriller",5.7,7266.0
tt29536228,EXmas,2023,93,Comedy,5.7,7276.0
tt2328678,The King's Daughter,2022,98,"Action,Adventure,Family",5.2,7280.0
tt12578564,Bergen,2022,145,"Biography,Drama,Music",6.9,7288.0
tt22042742,Christmas Bloody Christmas,2022,86,"Comedy,Horror",5.1,7291.0
tt28131433,Legends of the Condor Heroes: The Gallants,2025,146,"Action,Adventure,Drama",6.3,7297.0
tt27766440,The Salt Path,2024,115,Drama,6.6,7304.0
tt24059780,Virupaksha,2023,145,"Action,Horror,Mystery",7.2,7325.0
tt29634843,40 Acres,2024,113,"Action,Drama,Fantasy",6.4,7327.0
tt6685538,Mavka: The Forest Song,2023,99,"Adventure,Animation,Comedy",6.6,7328.0
tt28682323,The Strangers: Chapter 3,2026,91,Horror,4.2,7330.0
tt17219484,Clock,2023,91,"Drama,Horror,Thriller",5.0,7334.0
tt27987046,Uprising,2024,126,"Action,Drama,History",6.6,7345.0
tt13130024,Simulant,2023,95,"Action,Crime,Drama",5.3,7355.0
tt18298588,Monolith,2022,94,"Drama,Horror,Mystery",5.8,7358.0
tt32104007,Young Washington,2026,121,"Action,Adventure,Biography",7.5,7362.0
tt29271622,Palestine 36,2025,119,"Drama,History,War",7.5,7366.0
tt37023881,Love Marriage,2025,126,Romance,6.3,7368.0
tt13849558,Corner Office,2022,101,"Comedy,Drama,Mystery",6.1,7370.0
tt15566126,S5,2022,110,"Horror,Thriller",6.8,7370.0
tt14729020,Double Blind,2023,90,"Horror,Thriller",5.6,7382.0
tt11950888,Cellar Door,2024,97,"Drama,Horror,Mystery",5.2,7385.0
tt32086046,Souleymane's Story,2024,93,Drama,7.6,7385.0
tt7461272,Call Jane,2022,121,"Drama,History",6.5,7397.0
tt31796256,In Her Place,2024,96,"Crime,Drama,History",6.3,7403.0
tt32965688,Shaunki Sardar,2025,130,Action,7.8,7414.0
tt30268321,Eleanor the Great,2025,98,Drama,6.7,7427.0
tt6705162,Cheaper by the Dozen,2022,107,"Comedy,Family",4.6,7432.0
tt29470244,Vaazha: Biopic of a Billion Boys,2024,125,"Comedy,Drama",7.3,7441.0
tt30176955,Vadh 2,2025,131,"Crime,Thriller",6.8,7442.0
tt15338966,Reunion,2024,90,"Comedy,Mystery",5.6,7456.0
tt32194932,The Ritual,2025,98,"Drama,Horror,Thriller",4.5,7461.0
tt21276958,Babes,2024,104,Comedy,6.3,7461.0
tt23865918,Peddi,2026,182,"Action,Drama,Romance",5.5,7472.0
tt15521050,Love & Gelato,2022,110,"Comedy,Drama,Romance",5.2,7472.0
tt30215084,This Is Me... Now,2024,65,"Comedy,Drama,Fantasy",4.1,7475.0
tt13698942,The Immaculate Room,2022,92,"Drama,Thriller",5.1,7476.0
tt13923216,Showing Up,2022,107,"Comedy,Drama",6.3,7481.0
tt15823728,Brats,2024,92,Documentary,6.5,7490.0
tt18394610,Nuovo Olimpo,2023,113,"Drama,Romance",7.2,7490.0
tt20330434,The Crime Is Mine,2023,102,"Comedy,Crime,Mystery",6.5,7493.0
tt28654369,Bhaiyya Ji,2024,150,"Action,Drama",4.7,7496.0
tt27410895,Let Go,2024,110,Drama,7.0,7507.0
tt33334267,Bharat Bhhagya Viddhaata,2026,125,"Drama,Thriller",7.5,7509.0
tt15768848,The Pod Generation,2023,110,"Comedy,Romance,Sci-Fi",5.6,7510.0
tt10928202,Hawa,2022,131,"Drama,Mystery",7.6,7518.0
tt26225118,Phir Aayi Hasseen Dillruba,2024,132,"Crime,Drama,Mystery",5.8,7522.0
tt17382524,"The Tunnel to Summer, the Exit of Goodbyes",2022,85,"Animation,Drama,Fantasy",7.2,7536.0
tt37970307,Ek Chatur Naar,2025,134,Comedy,6.0,7570.0
tt8609660,My Penguin Friend,2024,97,"Adventure,Drama,Family",6.8,7571.0
tt21848358,Jogi,2022,116,"Drama,Thriller",7.1,7573.0
tt18069420,Smurfs,2025,89,"Adventure,Animation,Comedy",4.3,7582.0
tt15546822,Mukundan Unni Associates,2022,128,"Comedy,Crime,Drama",7.9,7595.0
tt29272469,Golam,2024,120,"Crime,Mystery",7.2,7598.0
tt21335908,The Kids Are Alright 2,2022,84,Comedy,4.8,7604.0
tt29516222,Deep Water,2026,106,"Action,Drama,Horror",5.5,7611.0
tt23468836,Touch,2024,121,"Drama,Romance",7.4,7614.0
tt4428398,Paws of Fury: The Legend of Hank,2022,98,"Action,Adventure,Animation",5.8,7616.0
tt26861992,Mea Culpa,2024,120,"Crime,Drama,Thriller",4.2,7616.0
tt9471678,Ultraman: Rising,2024,117,"Action,Adventure,Animation",6.9,7645.0
tt27936770,Bhakshak,2024,134,"Crime,Drama",7.2,7652.0
tt17679584,The Blue Caftan,2022,122,"Drama,Romance",7.5,7669.0
tt23060796,There's Something in the Barn,2023,100,"Comedy,Fantasy,Horror",5.5,7669.0
tt1462759,Butcher's Crossing,2022,105,"Adventure,Drama,Western",5.6,7677.0
tt11718516,Huesera: The Bone Woman,2022,97,"Drama,Horror,Mystery",6.0,7690.0
tt9472334,Malum,2023,92,"Drama,Horror,Mystery",5.0,7692.0
tt22027654,Jaya Jaya Jaya Jaya Hey,2022,145,"Comedy,Drama,Family",7.7,7695.0
tt13874422,The Eternal Daughter,2022,96,"Drama,Mystery,Thriller",5.9,7699.0
tt18108824,The Friend,2024,119,"Comedy,Drama",6.4,7708.0
tt32903026,Jung Kook: I Am Still,2024,90,"Documentary,Music",8.2,7708.0
tt26067432,Wil,2023,110,"Drama,History,War",6.8,7717.0
tt7830806,My Best Friend's Exorcism,2022,97,"Comedy,Horror,Thriller",5.3,7739.0
tt20168564,Alienoid,2022,142,"Action,Adventure,Fantasy",6.3,7752.0
tt19886242,Rorschach,2022,150,"Action,Mystery,Thriller",6.9,7752.0
tt9013340,Fool's Paradise,2023,98,Comedy,4.7,7755.0
tt15430628,Ride On,2023,126,"Action,Comedy,Drama",6.3,7760.0
tt13652142,Magazine Dreams,2023,123,Drama,7.0,7762.0
tt16491560,A Sacrifice,2024,94,"Drama,Horror,Mystery",5.0,7791.0
tt14875116,Bro Daddy,2022,159,"Comedy,Drama,Romance",7.0,7794.0
tt28230296,It Feeds,2025,102,Horror,5.6,7794.0
tt6805938,The Ledge,2022,86,"Action,Adventure,Thriller",5.2,7795.0
tt15426294,Gone in the Night,2022,90,"Mystery,Thriller",4.9,7800.0
tt22742964,Marry My Dead Body,2022,130,"Action,Comedy,Crime",7.0,7801.0
tt14570440,Radical,2023,125,Drama,7.8,7808.0
tt15097358,Bison: Kaalamaadan,2025,150,"Action,Biography,Drama",7.6,7837.0
tt15309708,Uunchai,2022,173,"Adventure,Comedy,Drama",7.0,7855.0
tt11905536,Gumraah,2023,130,"Action,Crime,Drama",6.5,7855.0
tt27722543,Green Border,2023,152,Drama,6.4,7857.0
tt26258634,7:11 PM,2023,142,"Action,Sci-Fi,Thriller",5.5,7865.0
tt3954936,Monster Summer,2024,98,"Adventure,Fantasy,Horror",5.7,7871.0
tt31797432,The Last Redemption,2024,121,"Action,Adventure,Fantasy",6.5,7871.0
tt21385728,Illegal Lives,2023,105,Comedy,6.2,7873.0
tt16085592,Tall Girl 2,2022,97,"Comedy,Drama,Family",4.8,7880.0
tt15361028,Jalsa,2022,126,"Drama,Thriller",6.6,7885.0
tt14895206,Dead for a Dollar,2022,107,"Action,Drama,Western",5.4,7889.0
tt21340412,Inside the Mind of a Cat,2022,67,Documentary,6.9,7894.0
tt22478818,William Tell,2024,134,"Action,Biography,Drama",5.7,7901.0
tt37629310,Su from So,2025,137,"Comedy,Horror",7.6,7903.0
tt14097206,The Unlikely Pilgrimage of Harold Fry,2023,108,Drama,6.9,7914.0
tt36592065,A Deadly American Marriage,2025,102,"Crime,Documentary",6.6,7917.0
tt32537226,Hunting Season,2025,100,"Action,Crime,Drama",5.8,7919.0
tt33549447,Anemone,2025,125,Drama,5.6,7940.0
tt31064841,Piece by Piece,2024,93,"Animation,Biography,Comedy",6.9,7955.0
tt14923008,Shattered,2022,92,"Crime,Drama,Horror",5.0,7974.0
tt9784708,Rise of the Teenage Mutant Ninja Turtles: The Movie,2022,82,"Action,Adventure,Animation",6.2,7975.0
tt20119468,Faithfully Yours,2022,95,"Crime,Mystery,Thriller",5.8,7976.0
tt25405130,Dada,2023,133,"Drama,Family,Romance",8.1,7999.0
tt30217143,Trouble,2024,98,"Action,Comedy,Crime",6.2,8003.0
tt31499750,Lowlifes,2024,90,Horror,6.2,8021.0
tt14043966,Terror on the Prairie,2022,107,"Drama,Thriller,Western",5.2,8037.0
tt32600395,100 Meters,2025,106,"Animation,Drama,Sport",7.6,8038.0
tt8209702,Sleep,2023,95,"Horror,Mystery,Thriller",6.5,8044.0
tt17677434,Rich Flu,2024,106,"Sci-Fi,Thriller",4.9,8062.0
tt28613536,Bob Trevino Likes It,2024,101,"Comedy,Drama",7.4,8069.0
tt8637498,The Monkey King,2023,97,"Action,Adventure,Animation",5.8,8072.0
tt7469828,Paradise Highway,2022,115,"Crime,Drama,Thriller",5.7,8074.0
tt29606499,Veera Dheera Sooran: Part 2,2025,162,"Action,Crime,Thriller",6.9,8084.0
tt18559904,Mr. Pregnant,2023,135,"Action,Comedy,Drama",6.3,8091.0
tt16431966,Sometimes I Think About Dying,2023,94,"Comedy,Drama,Romance",6.6,8111.0
tt32919734,Padakkalam,2025,124,Comedy,7.2,8122.0
tt20420628,Freud's Last Session,2023,110,Drama,6.1,8148.0
tt21933110,Old People,2022,101,Horror,5.1,8154.0
tt14158554,Fistful of Vengeance,2022,96,"Action,Crime,Drama",4.5,8159.0
tt14883538,Arco,2025,88,"Adventure,Animation,Fantasy",7.3,8171.0
tt28023902,Jab Khuli Kitaab,2024,115,"Comedy,Drama,Family",6.6,8177.0
tt15553956,Love and Leashes,2022,117,"Comedy,Romance",6.3,8182.0
tt10171472,Goodrich,2024,110,"Comedy,Drama",6.4,8185.0
tt13130308,Godfather,2022,157,"Action,Crime,Drama",5.1,8188.0
tt11075264,Thallumaala,2022,148,"Action,Comedy,Drama",7.0,8198.0
tt14923260,Chupa,2023,95,"Action,Adventure,Drama",5.6,8204.0
tt15419420,Teambuilding,2022,91,Comedy,6.5,8207.0
tt27604215,In Your Dreams,2025,90,"Adventure,Animation,Comedy",6.5,8220.0
tt12758486,Chevalier,2022,108,"Biography,Drama,History",6.5,8226.0
tt21201300,Bagman,2024,93,Horror,4.7,8228.0
tt19223248,Lord Curzon Ki Haveli,2023,108,"Comedy,Thriller",6.0,8229.0
tt20102596,"LaRoy, Texas",2023,112,"Comedy,Crime,Thriller",6.5,8230.0
tt13304286,Eflatun,2022,103,"Drama,Romance",6.5,8236.0
tt28282716,Trial Period,2023,105,"Comedy,Drama",7.0,8255.0
tt4471908,Prizefighter: The Life of Jem Belcher,2022,107,"Biography,Drama,History",5.5,8264.0
tt14542254,November,2022,106,"Crime,Drama,Thriller",6.7,8264.0
tt13534808,Janhit Mein Jaari,2022,146,"Comedy,Drama,Romance",6.8,8295.0
tt30476486,Haikyu!! The Dumpster Battle,2024,85,"Animation,Comedy,Drama",7.8,8311.0
tt15799524,The History of Sound,2025,128,"Drama,History,Music",6.9,8315.0
tt22866358,The Book of Clarence,2023,129,"Adventure,Comedy,Drama",5.7,8323.0
tt34350086,Buy Now! The Shopping Conspiracy,2024,84,Documentary,6.7,8324.0
tt15281402,Waltair Veerayya,2023,155,"Action,Drama",6.2,8325.0
tt35019998,Parasakthi,2026,161,"Action,Drama,History",6.4,8329.0
tt32189846,Niram Marum Ulagil,2025,146,Drama,4.9,8330.0
tt11423818,Pawankhind,2022,153,"Action,Drama,History",8.3,8338.0
tt29141112,The Devil's Bath,2024,121,"Drama,History,Horror",6.6,8342.0
tt16127696,There's Something Wrong with the Children,2023,92,"Horror,Mystery",5.0,8342.0
tt30321095,Ghostlight,2024,115,"Comedy,Drama",7.5,8343.0
tt10364034,"Miraculous: Ladybug & Cat Noir, the Movie",2023,105,"Action,Adventure,Animation",6.1,8359.0
tt20672534,Zom 100: Bucket List of the Dead,2023,128,"Action,Comedy,Fantasy",5.5,8364.0
tt13321244,Origin,2023,141,"Drama,History",7.2,8365.0
tt14915198,Bimbisara,2022,146,"Action,Drama,Fantasy",6.8,8365.0
tt12447796,Unwelcome,2022,104,"Comedy,Horror",5.4,8370.0
tt10799690,Trap House,2025,101,"Action,Crime",5.5,8370.0
tt14479746,Thar,2022,108,"Action,Crime,Drama",6.1,8374.0
tt20854856,Ishq Vishk Rebound,2024,106,"Comedy,Drama",5.1,8383.0
tt7527682,Out of Darkness,2022,88,"Horror,Mystery,Thriller",5.4,8394.0
tt7375466,Warriors of Future,2022,112,"Action,Adventure,Sci-Fi",5.6,8409.0
tt16431330,A Nice Indian Boy,2024,96,"Comedy,Drama,Romance",7.3,8420.0
tt19465630,Sniper. The White Raven,2022,111,"Drama,War",6.4,8426.0
tt32313870,Blue Cave,2024,88,Drama,5.3,8434.0
tt28620587,I Am: Celine Dion,2024,103,"Biography,Documentary,Music",7.7,8443.0
tt21261388,Gargi,2022,140,"Drama,Thriller",8.1,8445.0
tt19289040,Jahaan Chaar Yaar,2022,126,"Comedy,Drama",3.0,8446.0
tt31434046,Don't Open the Door,2024,87,Horror,6.5,8450.0
tt14619456,Faces of Death,2026,97,Horror,5.8,8456.0
tt21638298,Wingwomen,2023,116,"Action,Comedy,Crime",5.7,8457.0
tt1210027,Afterburn,2025,105,"Action,Comedy,Sci-Fi",4.6,8464.0
tt11348232,The Requin,2022,89,"Horror,Thriller",2.6,8469.0
tt38693888,Youth,2026,140,"Comedy,Family,Romance",7.0,8472.0
tt28236368,Yannick,2023,67,"Comedy,Drama",7.0,8479.0
tt13650742,Suncoast,2024,109,Drama,6.7,8487.0
tt31450182,Amber Alert,2024,90,Thriller,6.1,8500.0
tt6265050,Shabaash Mithu,2022,156,"Biography,Drama,Sport",5.6,8503.0
tt14647404,Cat Person,2023,118,"Comedy,Drama,Mystery",6.0,8506.0
tt7967302,The King of Kings,2025,103,"Animation,Biography,Family",6.8,8511.0
tt20202136,Descendants: The Rise of Red,2024,95,"Action,Adventure,Family",4.7,8514.0
tt14412446,Moloch,2022,99,"Horror,Mystery",6.0,8519.0
tt15427934,O2,2024,105,"Romance,Thriller",6.6,8522.0
tt32138523,Avicii - I'm Tim,2024,95,"Biography,Documentary,Music",7.7,8528.0
tt20115096,A Tourist's Guide to Love,2023,94,"Adventure,Comedy,Romance",5.8,8528.0
tt19719976,Joyland,2022,126,"Comedy,Crime,Drama",7.6,8528.0
tt13801462,Gandhi Godse Ek Yudh,2023,110,"Drama,History",6.6,8545.0
tt7738330,The Long Game,2023,112,"Drama,History,Sport",6.7,8546.0
tt11773810,Invitation to a Murder,2023,92,"Crime,Mystery,Thriller",5.2,8548.0
tt11540468,Breathe,2024,93,"Action,Sci-Fi,Thriller",4.3,8551.0
tt32627540,Watchmen: Chapter I,2024,83,"Action,Animation,Drama",7.1,8557.0
tt7147158,MK Ultra,2022,98,Thriller,5.0,8566.0
tt2347285,The Best Christmas Pageant Ever,2024,99,"Adventure,Comedy,Drama",6.8,8570.0
tt14807348,Watch the Skies,2022,115,"Action,Adventure,Mystery",6.4,8577.0
tt25406500,Iratta,2023,112,"Crime,Drama,Thriller",7.7,8582.0
tt32331377,The Luckiest Man in America,2024,91,"Biography,Comedy",6.2,8585.0
tt22741760,Your Monster,2024,103,"Comedy,Horror,Romance",6.4,8587.0
tt26843513,Sovereign,2025,100,"Crime,Drama,Thriller",6.5,8587.0
tt8649252,Scrapper,2023,84,"Comedy,Drama",6.9,8602.0
tt14182646,Vendhu Thanindhathu Kaadu,2022,177,"Action,Crime,Drama",7.3,8617.0
tt15220066,Marshmallow,2025,93,"Horror,Sci-Fi",5.7,8618.0
tt32237537,Wall to Wall,2025,118,"Drama,Thriller",5.9,8623.0
tt10351180,Bad Boy,2023,122,"Comedy,Drama,Romance",6.4,8627.0
tt16565742,Hidden Blade,2023,128,"Drama,History,Thriller",6.3,8629.0
tt14428598,Qala,2022,119,"Drama,Music,Thriller",7.2,8632.0
tt19246408,The Nightingale of Bursa,2023,120,"Comedy,Drama,Music",6.8,8634.0
tt2691804,Hari Hara Veera Mallu,2025,150,"Action,Adventure,Thriller",5.3,8641.0
tt34896026,Legally Veer,2024,142,"Drama,Thriller",6.2,8642.0
tt29319990,"The Pig, the Snake and the Pigeon",2023,134,"Action,Crime,Drama",7.3,8645.0
tt37540875,Roommates,2026,107,Comedy,5.7,8655.0
tt15824322,Christmas with You,2022,89,"Comedy,Family,Romance",5.6,8673.0
tt21364552,The Roundup: No Way Out,2023,105,"Action,Crime,Thriller",6.6,8690.0
tt17676734,Americana,2023,107,"Comedy,Crime,Drama",6.0,8703.0
tt15380608,Bagheera,2024,158,"Action,Crime,Thriller",6.7,8714.0
tt14526318,Sardar,2022,166,"Action,Drama,Thriller",7.4,8785.0
tt12724306,Glorious,2022,79,"Horror,Mystery,Thriller",5.6,8790.0
tt20782072,Feed,2022,104,Horror,4.8,8793.0
tt27007466,Lubber Pandhu,2024,146,"Comedy,Drama,Sport",8.1,8801.0
tt35705898,Jai Mata Ji: Let's Rock,2025,118,Drama,6.9,8810.0
tt15380630,Kushi,2023,163,"Comedy,Drama,Romance",5.4,8828.0
tt33022037,Sardaar Ji 3,2025,155,Musical,5.2,8839.0
tt27191600,Atharva,2023,116,"Crime,Drama,Thriller",6.5,8843.0
tt28007064,Superboys of Malegaon,2024,127,"Comedy,Drama",7.7,8857.0
tt10233718,Vadh,2022,110,"Crime,Drama,Thriller",7.2,8857.0
tt12579470,Robots,2023,93,"Comedy,Romance,Sci-Fi",5.6,8857.0
tt19759204,Recep Ivedik 7,2022,133,Comedy,4.9,8861.0
tt27490099,Beating Hearts,2024,161,"Comedy,Crime,Drama",7.0,8863.0
tt31852038,Cheekatilo,2026,126,"Crime,Drama,Thriller",5.5,8866.0
tt21194868,Dhoom Dhaam,2025,108,"Action,Comedy,Romance",6.4,8875.0
tt20114686,Femme,2023,99,"Drama,Thriller",7.3,8877.0
tt9663896,Asphalt City,2023,125,"Drama,Thriller",6.1,8893.0
tt11068094,White Bird,2023,121,"Biography,Drama,Family",7.4,8900.0
tt5153956,Last Sentinel,2023,117,"Drama,Horror,Mystery",4.9,8944.0
tt15433600,Khufiya,2023,157,"Action,Biography,Crime",6.1,8949.0
tt14001894,Secret Headquarters,2022,104,"Action,Adventure,Comedy",5.3,8950.0
tt16118524,Baby,2023,175,"Drama,Romance",7.0,8961.0
tt13103732,The Offering,2022,93,Horror,5.3,8965.0
tt12712604,The Miracle Club,2023,90,"Comedy,Drama",6.4,8983.0
tt31909270,Swiped,2025,110,"Biography,Drama,History",6.5,8992.0
tt23572848,The SpongeBob Movie: Search for SquarePants,2025,88,"Adventure,Animation,Comedy",5.7,9018.0
tt21397580,Suitable Flesh,2023,100,"Drama,Horror,Thriller",5.3,9044.0
tt13051810,Viking Wolf,2022,97,"Horror,Thriller",5.2,9044.0
tt0800175,Red Sonja,2025,110,"Action,Adventure,Drama",4.6,9047.0
tt17196124,Grimcutty,2022,101,"Drama,Horror,Mystery",4.3,9053.0
tt32549601,Caramelo,2025,101,"Comedy,Drama,Family",7.1,9106.0
tt7737224,Turtles All the Way Down,2024,111,"Drama,Mystery,Romance",6.6,9115.0
tt4460800,The Kitchen,2023,107,"Action,Adventure,Drama",4.8,9120.0
tt15352542,The Day the Earth Blew Up: A Looney Tunes Movie,2024,91,"Adventure,Animation,Comedy",6.7,9125.0
tt11212572,Nocebo,2022,96,"Horror,Thriller",5.8,9133.0
tt2015349,The Greatest Hits,2024,94,"Comedy,Drama,Music",6.3,9145.0
tt5113010,The Beautiful Game,2024,125,"Drama,Sport",6.3,9148.0
tt27775403,Riff Raff,2024,103,"Action,Comedy,Crime",5.7,9157.0
tt30415138,Toofan,2024,145,"Action,Crime",7.2,9171.0
tt13482828,One Fine Morning,2022,112,"Drama,Romance",6.9,9172.0
tt10931784,Nanny,2022,99,"Drama,Horror",5.3,9179.0
tt28754073,Heer Express,2025,142,\N,5.3,9184.0
tt15683734,It Lives Inside,2023,99,"Drama,Horror,Thriller",5.2,9198.0
tt15717242,Kanjoos Makhichoos,2023,116,"Comedy,Drama,Family",6.6,9198.0
tt7215232,Spellbound,2024,109,"Adventure,Animation,Comedy",5.5,9206.0
tt32495339,The Taj Story,2025,165,Drama,5.2,9207.0
tt33474172,A Widow's Game,2025,122,"Crime,Drama,Mystery",6.2,9210.0
tt15245268,Young Hearts,2024,99,"Drama,Family,Romance",7.9,9214.0
tt35522483,Nirvanna the Band the Show the Movie,2025,100,"Adventure,Comedy,Sci-Fi",7.8,9216.0
tt14270702,God Is a Bullet,2023,156,"Action,Crime,Horror",5.8,9225.0
tt27440937,Weapon,2024,120,"Action,Sci-Fi,Thriller",5.6,9238.0
tt11242162,Rise,2022,113,"Biography,Drama,Sport",7.0,9245.0
tt10365912,Becoming Led Zeppelin,2025,122,"Biography,Documentary,History",7.5,9250.0
tt33311244,Culpa Nuestra,2025,112,"Drama,Romance",5.4,9251.0
tt20917338,Scrooge: A Christmas Carol,2022,96,"Adventure,Animation,Comedy",6.2,9271.0
tt14041896,The Parenting,2025,94,"Comedy,Horror",5.7,9273.0
tt21267296,Hell of a Summer,2023,88,"Comedy,Horror,Mystery",5.3,9296.0
tt7947604,In from the Side,2022,134,"Drama,Romance,Sport",6.7,9302.0
tt32084246,Mary,2024,112,Drama,5.3,9305.0
tt13141250,The Ritual Killer,2023,92,"Crime,Mystery,Thriller",4.3,9308.0
tt15134398,King of Kotha,2023,174,"Action,Crime,Drama",6.1,9317.0
tt11379988,James,2022,149,"Action,Comedy,Drama",7.3,9318.0
tt12427158,A Thousand and One,2023,117,"Crime,Drama",6.9,9334.0
tt13086266,Concrete Utopia,2023,130,"Action,Adventure,Drama",6.6,9335.0
tt11891850,Hard Truths,2024,97,"Comedy,Drama",7.1,9345.0
tt30818815,Mastiii 4,2025,144,Comedy,2.3,9351.0
tt27722618,Left-Handed Girl,2025,108,Drama,7.3,9353.0
tt21374850,All the Beauty and the Bloodshed,2022,113,"Biography,Documentary,History",7.5,9357.0
tt10651230,The Peasants,2023,114,"Animation,Drama,History",7.5,9370.0
tt16139258,Yodha,2024,130,"Action,Drama,Thriller",5.7,9384.0
tt19838608,Babli Bouncer,2022,118,"Comedy,Drama",6.5,9390.0
tt14550642,The Cellar,2022,94,"Horror,Mystery",5.3,9394.0
tt18266472,Sukhee,2023,139,"Comedy,Drama",6.0,9402.0
tt20212786,The Shrouds,2024,120,"Drama,Horror,Sci-Fi",5.7,9414.0
tt33452974,Bullet Train Explosion,2025,134,"Action,Crime,Drama",6.2,9429.0
tt15010692,The Damned,2024,89,"Drama,Horror,Mystery",5.7,9438.0
tt21810682,The End We Start From,2023,102,"Drama,Thriller",5.8,9461.0
tt27906902,Chakravyuham: The Trap,2023,111,"Crime,Mystery,Thriller",7.1,9468.0
tt23846482,Kuberaa,2025,181,"Action,Crime,Drama",6.4,9471.0
tt27304026,Damaged,2024,97,"Action,Crime,Drama",4.7,9474.0
tt16496386,97 Minutes,2023,93,"Action,Thriller",3.8,9479.0
tt7354440,Tin & Tina,2023,119,"Horror,Mystery,Thriller",4.7,9488.0
tt22023218,You'll Never Find Me,2023,100,"Drama,Horror,Thriller",5.8,9490.0
tt6203702,Baaghi 4,2025,157,"Action,Drama,Thriller",2.5,9499.0
tt15575470,Project Wolf Hunting,2022,122,"Action,Crime,Horror",6.1,9525.0
tt14147224,Mindcage,2022,96,"Crime,Drama,Horror",4.6,9530.0
tt27540185,Chithha,2023,140,"Drama,Thriller",8.2,9542.0
tt11930126,Alcarràs,2022,120,Drama,7.0,9545.0
tt20502488,Meet Me Next Christmas,2024,100,"Comedy,Romance",5.7,9572.0
tt15282148,A Beautiful Life,2023,98,"Drama,Music,Romance",6.4,9575.0
tt16280912,Humane,2024,93,"Horror,Thriller",5.5,9597.0
tt20222166,Spinal Tap II: The End Continues,2025,83,"Comedy,Music",6.4,9616.0
tt28494851,Stolen,2023,92,"Drama,Thriller",7.5,9621.0
tt7775720,Spoiler Alert,2022,112,"Biography,Comedy,Drama",7.4,9631.0
tt15452062,Cairo Conspiracy,2022,126,"Drama,Thriller",6.9,9633.0
tt11727866,Catherine Called Birdy,2022,108,Adventure,6.6,9640.0
tt22457506,Mere Husband Ki Biwi,2025,142,"Comedy,Romance",4.2,9659.0
tt38938222,Rajini Gaang,2025,126,"Comedy,Horror",4.0,9671.0
tt26684398,Spy x Family Code: White,2023,110,"Action,Animation,Comedy",7.3,9682.0
tt30413898,Dacoit: A Love Story,2026,149,"Action,Drama,Romance",7.4,9697.0
tt32880190,Kalinga,2024,116,Horror,6.3,9702.0
tt30089457,Ponman,2025,125,"Comedy,Drama",7.4,9707.0
tt34819091,The Testament of Ann Lee,2025,136,"Biography,Drama,History",6.5,9710.0
tt13822738,The Takedown,2022,119,"Action,Comedy,Crime",5.8,9723.0
tt13721828,The Witch: Part 2 - The Other One,2022,137,"Action,Mystery,Thriller",6.3,9728.0
tt28325940,Yatra 2,2024,132,"Biography,Drama,History",6.2,9728.0
tt21439528,The Volcano: Rescue from Whakaari,2022,98,Documentary,7.4,9772.0
tt19623228,Godland,2022,143,Drama,7.1,9782.0
tt42863533,Maternal Instinct,2026,94,"Crime,Documentary",7.2,9792.0
tt8051894,The Hill,2023,126,"Biography,Drama,Sport",6.7,9833.0
tt13528564,Ante Sundharaniki,2022,173,"Comedy,Romance",7.6,9834.0
tt9602472,Sissy,2022,102,"Comedy,Drama,Horror",6.1,9843.0
tt29383191,Maareesan,2025,150,"Comedy,Drama,Thriller",7.4,9850.0
tt36856455,Trainwreck: Poop Cruise,2025,55,Documentary,6.0,9857.0
tt13655328,End of the Road,2022,89,"Action,Crime,Drama",4.8,9867.0
tt15078804,Problemista,2023,104,Comedy,6.7,9880.0
tt27619382,It's a Wonderful Knife,2023,87,"Comedy,Horror,Mystery",5.2,9888.0
tt26243612,O Saathiya,2023,136,"Comedy,Musical,Romance",6.2,9908.0
tt16360006,Bubble,2022,100,"Action,Adventure,Animation",6.4,9922.0
tt28508934,Kaantha,2025,150,"Crime,Drama,Horror",7.2,9931.0
tt35219851,My Secret Santa,2025,90,"Comedy,Romance",5.7,9941.0
tt18561380,Müjde,2022,48,Drama,1.2,9947.0
tt10950320,Rumble Through the Dark,2023,116,"Action,Drama,Thriller",5.5,9958.0
tt29195117,Justice League: Crisis on Infinite Earths - Part One,2024,93,"Action,Adventure,Animation",6.2,9966.0
tt15333984,Somebody I Used to Know,2023,106,"Comedy,Romance",5.7,9973.0
tt15176374,Unpaarvayil,2025,117,Thriller,9.6,9986.0
tt36388163,Dude,2025,140,"Action,Comedy,Drama",6.2,9989.0
tt20256448,Force of Nature,2024,120,"Crime,Mystery,Thriller",5.9,9998.0
tt30852384,All of You,2024,98,Drama,6.3,10013.0
tt22868844,Black Clover: Sword of the Wizard King,2023,110,"Action,Adventure,Animation",7.4,10040.0
tt32226697,Screams Before Silence,2024,57,Documentary,5.9,10049.0
tt8866456,The Legend of Ochi,2025,95,"Adventure,Family,Fantasy",5.8,10055.0
tt14339846,Mrs Undercover,2023,107,"Action,Comedy,Thriller",5.6,10058.0
tt6689014,She Came to Me,2023,102,"Comedy,Drama,Music",6.0,10063.0
tt11992424,Saptha Sagaradaache Ello - Side A,2023,142,"Drama,Romance",8.2,10108.0
tt33714084,Reminders of Him,2026,114,"Drama,Romance",6.3,10115.0
tt11908172,The Kill Room,2023,98,"Comedy,Thriller",5.5,10118.0
tt19724142,Hellhole,2022,91,"Horror,Mystery",5.8,10118.0
tt21245882,Through My Window: Across the Sea,2023,109,"Comedy,Drama,Romance",5.2,10119.0
tt12573480,Hold Your Breath,2024,94,"Drama,Horror,Mystery",5.3,10127.0
tt34886821,La Grazia,2025,132,Drama,7.4,10157.0
tt15041836,Werewolves,2024,93,"Action,Horror,Sci-Fi",4.4,10158.0
tt14351082,Cabrini,2024,142,"Biography,Drama,History",7.3,10158.0
tt9048804,Birth/Rebirth,2023,98,"Drama,Horror,Thriller",6.2,10166.0
tt20768712,Book Club: The Next Chapter,2023,107,"Comedy,Romance",5.6,10167.0
tt27726927,Wham!,2023,92,"Biography,Documentary,Music",7.5,10178.0
tt29606526,The Girlfriend,2025,138,"Drama,Romance",6.4,10185.0
tt15334032,Raymond & Ray,2022,105,"Comedy,Drama",6.2,10188.0
tt11531182,A.R.M,2024,150,"Action,Adventure,Comedy",7.0,10196.0
tt9466814,Cobra,2022,183,"Action,Crime,Thriller",6.0,10208.0
tt27866781,Kaalidhar Laapata,2025,109,"Comedy,Drama",7.6,10224.0
tt37209937,Pizza Movie,2026,97,Comedy,5.9,10226.0
tt29242846,The Children's Train,2024,106,"Drama,History",7.4,10232.0
tt27688034,The Moon,2023,129,"Action,Adventure,Drama",5.8,10289.0
tt37676033,V/H/S/Halloween,2025,115,Horror,5.7,10292.0
tt34888871,Little Brother,2026,102,Comedy,5.5,10320.0
tt13650814,Borderline,2025,94,"Comedy,Horror,Thriller",5.5,10330.0
tt33292655,"Oh, Hi!",2025,95,Comedy,6.1,10342.0
tt11732164,Pathu Thala,2023,151,"Action,Crime,Drama",6.7,10342.0
tt33988385,Karuppu,2026,150,"Action,Comedy,Drama",6.2,10345.0
tt38525492,Bhagwat Chapter One: Raakshas,2025,127,"Crime,Thriller",6.8,10354.0
tt13270424,Brian and Charles,2022,90,"Comedy,Drama,Sci-Fi",6.7,10387.0
tt12374656,Emily,2022,130,"Biography,Drama,History",6.8,10389.0
tt13885320,India Lockdown,2022,117,Drama,7.1,10390.0
tt31015278,My Favourite Cake,2024,97,"Comedy,Drama,Romance",7.4,10437.0
tt17023012,The Home,2025,95,"Horror,Mystery,Thriller",5.5,10443.0
tt5636228,Lumina,2024,113,"Adventure,Horror,Sci-Fi",2.7,10461.0
tt23177868,Mummies,2023,88,"Adventure,Animation,Comedy",5.9,10462.0
tt14124080,The Great Escaper,2023,96,"Biography,Comedy,Drama",7.0,10468.0
tt35766629,Goodbye June,2025,114,Drama,6.7,10474.0
tt18312380,Primitive War,2025,133,"Action,Adventure,Horror",5.3,10481.0
tt22874848,The Silent Hour,2024,99,"Action,Crime,Thriller",6.1,10482.0
tt27578157,Colors of Evil: Red,2024,111,"Crime,Drama,Mystery",6.4,10495.0
tt22773644,The Dead Don't Hurt,2023,129,"Drama,Western",6.4,10501.0
tt30144381,Nutcrackers,2024,104,"Comedy,Drama",5.5,10522.0
tt9204328,Dark Harvest,2023,96,"Fantasy,Horror",5.5,10560.0
tt32204858,Late Shift,2025,92,"Drama,Thriller",7.7,10565.0
tt28252563,Madharaasi,2025,160,"Action,Drama,Romance",6.7,10572.0
tt13468976,Aaraattu,2022,167,"Action,Comedy",3.7,10605.0
tt19864828,Memory,2023,103,Drama,6.7,10613.0
tt36616410,Eko,2025,125,"Adventure,Mystery",7.7,10623.0
tt1609486,Harold and the Purple Crayon,2024,90,"Adventure,Animation,Comedy",5.7,10664.0
tt18924506,2000 Mules,2022,89,Documentary,5.0,10671.0
tt12311620,Breaking,2022,103,"Crime,Drama,Thriller",6.3,10692.0
tt13968674,Fingernails,2023,113,"Drama,Romance,Sci-Fi",5.8,10701.0
tt30858568,Mirai,2025,169,"Action,Adventure,Fantasy",6.8,10703.0
tt23334616,Last Call for Istanbul,2023,91,"Drama,Romance",5.3,10721.0
tt13421498,The Lost King,2022,108,"Biography,Drama",6.7,10724.0
tt18413766,Kathal: A Jackfruit Mystery,2023,115,"Comedy,Crime,Drama",6.7,10724.0
tt17007120,The Beanie Bubble,2023,110,"Comedy,Drama",6.3,10738.0
tt37529347,Yan Yana,2025,148,"Comedy,Drama",7.5,10745.0
tt19719836,Return to Seoul,2022,119,Drama,6.9,10754.0
tt15373868,Kranti,2023,163,"Action,Drama",5.0,10767.0
tt35628853,Titan: The OceanGate Disaster,2025,111,Documentary,6.7,10770.0
tt14209560,Bheemla Nayak,2022,130,"Action,Drama,Thriller",6.2,10771.0
tt28494829,Officer Black Belt,2024,108,"Action,Comedy,Crime",6.9,10778.0
tt13334578,Ganapath,2023,133,"Action,Drama,Sci-Fi",2.6,10795.0
tt38063392,Mission Muh Dikhayi,2025,53,"Comedy,Drama,Family",8.6,10799.0
tt13650600,Emergency,2022,105,"Comedy,Drama,Thriller",6.2,10838.0
tt34992378,A Merry Little Ex-Mas,2025,91,Comedy,5.3,10857.0
tt31189814,Fuze,2025,98,"Action,Crime,Thriller",6.2,10862.0
tt32832266,Maalik,2025,149,"Action,Crime,Drama",5.6,10887.0
tt21237030,Carter,2022,132,"Action,Thriller",5.1,10896.0
tt14181816,Maggie Moore(s),2023,99,"Comedy,Crime,Mystery",6.2,10903.0
tt26655658,Kaushaljis vs Kaushal,2025,131,Drama,6.1,10923.0
tt27673536,Mardaani 3,2026,129,"Action,Crime,Drama",6.1,10932.0
tt30395619,Demon Slayer: Kimetsu No Yaiba - To the Hashira Training,2024,104,"Action,Adventure,Animation",7.3,11011.0
tt21469794,Space Cadet,2024,110,Comedy,5.0,11017.0
tt8964540,Stream,2024,123,Horror,5.7,11018.0
tt34604827,Fire,2025,132,Crime,5.1,11027.0
tt26675491,Bro,2023,134,"Comedy,Drama,Family",6.0,11028.0
tt33502160,The Hand That Rocks the Cradle,2025,105,"Horror,Thriller",5.3,11047.0
tt35217961,Baida,2025,109,"Adventure,Sci-Fi,Thriller",4.5,11048.0
tt14263856,Last the Night,2022,88,"Horror,Thriller",4.7,11067.0
tt14173636,The Invite,2026,107,"Comedy,Drama,Romance",7.9,11067.0
tt15351980,Vacation Friends 2,2023,106,"Action,Adventure,Comedy",5.4,11069.0
tt19175696,Sister Death,2023,91,"Horror,Mystery",5.8,11084.0
tt8337290,Absolution,2024,112,"Action,Crime,Drama",5.2,11090.0
tt13964560,The Astronaut,2025,90,"Horror,Sci-Fi,Thriller",4.8,11121.0
tt10449276,Get Away,2024,86,"Comedy,Horror",5.3,11138.0
tt29548562,Pindam,2023,158,Horror,6.6,11148.0
tt1714918,Neighborhood Watch,2025,92,"Crime,Thriller",6.2,11152.0
tt16077702,Govinda Naam Mera,2022,131,"Comedy,Crime,Drama",6.5,11185.0
tt21998526,Zwigato,2022,105,Drama,6.6,11232.0
tt9023964,Silent Zone,2025,119,"Action,Horror,Sci-Fi",5.9,11233.0
tt23724682,Outcome,2026,83,"Comedy,Crime,Drama",4.5,11245.0
tt31511689,Vicious,2025,103,Horror,4.9,11260.0
tt15516226,Chhatriwali,2023,116,"Comedy,Drama",6.6,11264.0
tt34936199,Daagi,2025,142,"Action,Romance",6.1,11265.0
tt15245240,The Buckingham Murders,2023,107,"Crime,Drama,Mystery",5.9,11269.0
tt14295590,Mrs. Chatterjee vs. Norway,2023,144,"Biography,Drama",7.3,11285.0
tt28358950,Neru,2023,150,"Drama,Thriller",7.5,11289.0
tt28349451,The Shadow Strays,2024,144,"Action,Crime,Thriller",6.5,11310.0
tt12531856,The American,2023,110,"Biography,Drama",7.1,11311.0
tt12740760,Phone Bhoot,2022,136,"Comedy,Horror",5.2,11355.0
tt27436132,Identity,2025,157,"Action,Crime,Thriller",7.0,11373.0
tt6874690,The Rule of Jenny Pen,2024,104,"Horror,Mystery,Thriller",6.1,11391.0
tt26440619,Afire,2023,102,"Comedy,Drama,Romance",7.0,11394.0
tt14827638,The Retirement Plan,2023,103,"Action,Adventure,Comedy",5.1,11400.0
tt10279472,The Black Demon,2023,100,"Action,Drama,Horror",3.7,11409.0
tt22640398,V/H/S/85,2023,110,"Horror,Thriller",5.6,11421.0
tt32138452,Ad Vitam,2025,98,"Action,Crime,Drama",5.9,11424.0
tt28631109,Dharmaveer 2,2024,130,"Biography,Documentary,Drama",5.5,11426.0
tt29195603,Family Pack,2024,94,"Adventure,Comedy,Fantasy",5.5,11450.0
tt15495150,The Witcher: Sirens of the Deep,2025,91,"Action,Adventure,Animation",6.1,11451.0
tt31688586,Nouvelle Vague,2025,106,"Biography,Comedy,Drama",7.3,11462.0
tt22016156,The Abyss,2023,103,"Action,Drama,Thriller",5.3,11469.0
tt14852624,Stopmotion,2023,93,"Animation,Horror,Thriller",5.6,11492.0
tt15281704,Kuttey,2023,109,"Action,Comedy,Crime",5.4,11509.0
tt31556612,We Will Dance Again,2024,90,Documentary,7.6,11515.0
tt32368345,The Merry Gentlemen,2024,87,"Comedy,Music,Romance",4.9,11516.0
tt11541872,Big Bug,2022,111,"Comedy,Sci-Fi",5.5,11524.0
tt33481094,The Menendez Brothers,2024,119,"Crime,Documentary",7.0,11549.0
tt27940442,Blackout,2024,122,"Comedy,Thriller",6.1,11566.0
tt21651560,V/H/S/99,2022,109,Horror,5.2,11573.0
tt8593824,The Old Way,2023,95,"Action,Drama,Western",5.6,11619.0
tt13364468,Love Hostel,2022,100,"Crime,Romance,Thriller",5.6,11622.0
tt11992694,Corsage,2022,114,"Biography,Drama,History",6.5,11628.0
tt20249418,Romancham,2023,130,"Comedy,Horror",7.5,11671.0
tt26674627,Resident Evil: Death Island,2023,91,"Action,Animation,Horror",5.7,11694.0
tt4139928,The Legend of Maula Jatt,2022,153,"Action,Drama,Fantasy",8.4,11716.0
tt13235822,Umma,2022,83,"Drama,Horror,Mystery",4.7,11717.0
tt22543326,Maaveeran,2023,163,"Action,Comedy,Drama",7.4,11721.0
tt27902121,Super/Man: The Christopher Reeve Story,2024,104,"Biography,Documentary",8.0,11739.0
tt21994906,Your Christmas or Mine?,2022,95,"Comedy,Romance",6.4,11747.0
tt15181326,Dead Man's Wire,2025,104,"Biography,Crime,Drama",6.4,11766.0
tt15257644,Mili,2022,127,"Drama,Thriller",6.7,11776.0
tt18568902,Kaun Pravin Tambe?,2022,134,"Biography,Drama,Sport",8.3,11777.0
tt30447822,Hai Jawani Toh Ishq Hona Hai,2026,136,"Comedy,Drama,Romance",4.9,11799.0
tt23790696,The Raja Saab,2026,190,"Action,Comedy,Fantasy",3.1,11845.0
tt11720440,Carry on Jatta 3,2023,136,"Comedy,Drama,Romance",5.8,11847.0
tt13276352,Toscana,2022,90,"Drama,Romance",5.7,11852.0
tt20879602,Maybe I Do,2023,95,"Comedy,Romance",5.0,11856.0
tt22796890,Hell House LLC Origins: The Carmichael Manor,2023,98,"Horror,Mystery,Thriller",6.2,11856.0
tt40792117,The Crash,2026,92,"Crime,Documentary",6.5,11862.0
tt14506528,Along for the Ride,2022,106,"Drama,Romance",6.2,11876.0
tt27933364,Mortal World 2,2023,117,Comedy,6.8,11879.0
tt24870072,Locked In,2023,96,"Drama,Mystery,Thriller",5.1,11882.0
tt33763941,Passenger,2026,97,"Horror,Thriller",5.5,11888.0
tt6436620,White Men Can't Jump,2023,101,"Comedy,Drama,Sport",5.2,11894.0
tt10131024,Shut In,2022,89,"Drama,Thriller",5.7,11911.0
tt12422308,Sarkaru Vaari Paata,2022,162,"Action,Drama",5.6,11914.0
tt27542448,Take Care of Maya,2023,103,Documentary,7.7,11916.0
tt24060892,They Call Him OG,2025,155,"Action,Crime,Drama",6.0,11917.0
tt13570066,Desert Warrior,2025,127,"Action,Adventure,Drama",4.3,11941.0
tt10243672,Joy,2024,115,"Biography,Drama,History",7.1,11941.0
tt31598703,Tanvi: The Great,2025,150,Drama,6.8,11950.0
tt14416430,Paradox Effect,2024,87,Action,5.9,11952.0
tt14279982,HIT: The 2nd Case,2022,150,"Crime,Drama,Mystery",7.2,11966.0
tt24226474,Jigarthanda Double X,2023,172,"Action,Comedy,Drama",8.0,11967.0
tt34965515,Mr. Nobody Against Putin,2025,90,Documentary,7.4,11984.0
tt23049270,Do Not Disturb,2023,114,"Comedy,Drama",6.3,11998.0
tt27162102,The Bhootnii,2025,130,"Action,Comedy,Horror",3.7,12003.0
tt1777606,Rosaline,2022,95,"Comedy,Romance",6.5,12005.0
tt23220552,Badass Ravikumar,2025,141,"Action,Comedy,Crime",6.4,12015.0
tt15073166,IB 71,2023,117,"Action,Thriller",7.1,12020.0
tt15427980,Vaathi,2023,139,"Action,Drama",7.3,12026.0
tt15140278,Coup de Chance,2023,93,"Comedy,Crime,Drama",6.4,12060.0
tt21279420,Emergency,2025,146,"Biography,Drama,History",5.2,12074.0
tt11396310,Viduthalai: Part 1,2023,150,"Action,Crime,Drama",8.1,12076.0
tt22352848,Jung_E,2023,98,"Action,Adventure,Drama",5.5,12091.0
tt26677014,The Penguin Lessons,2024,111,Drama,7.1,12092.0
tt15096128,Crush,2022,93,"Comedy,Romance",6.3,12111.0
tt34388152,Officer on Duty,2025,134,"Action,Crime,Thriller",7.5,12137.0
tt16606592,The Animal Kingdom,2023,128,"Adventure,Drama,Fantasy",6.7,12154.0
tt29330913,Vicky Vidya Ka Woh Wala Video,2024,152,Comedy,5.2,12162.0
tt32362695,Sarvam Maya,2025,146,"Comedy,Fantasy,Horror",7.7,12180.0
tt16491324,Honor Society,2022,98,"Comedy,Romance",6.5,12183.0
tt32890033,Minions & Monsters,2026,90,"Adventure,Animation,Comedy",6.5,12189.0
tt32880932,V/H/S/Beyond,2024,114,"Horror,Sci-Fi,Thriller",5.8,12203.0
tt7038762,Best. Christmas. Ever!,2023,82,"Comedy,Romance",4.5,12246.0
tt21335356,Please Don't Destroy: The Treasure of Foggy Mountain,2023,92,"Action,Adventure,Comedy",6.0,12273.0
tt10598156,Dhaakad,2022,135,"Action,Thriller",3.8,12297.0
tt13793230,Jaadugar,2022,167,"Comedy,Drama,Fantasy",6.8,12301.0
tt33307144,Court - State Vs. A Nobody,2025,155,Drama,7.9,12317.0
tt24216998,Humanist Vampire Seeking Consenting Suicidal Person,2023,90,"Comedy,Drama,Fantasy",7.0,12327.0
tt15416342,The Bengal Files,2025,200,"Drama,History,Thriller",7.0,12332.0
tt32306991,Solo Mio,2026,96,"Comedy,Romance",6.7,12366.0
tt8851148,The In Between,2022,115,"Drama,Fantasy,Romance",6.0,12367.0
tt15281656,The Holy Trinity,2023,80,Horror,1.6,12372.0
tt26683420,John Candy: I Like Me,2025,113,"Biography,Comedy,Documentary",8.0,12374.0
tt14407336,The Beast,2023,146,"Drama,Romance,Sci-Fi",6.4,12389.0
tt31170389,Evil Dead Burn,2026,110,"Fantasy,Horror,Mystery",6.8,12392.0
tt15576290,Do Aur Do Pyaar,2024,140,"Comedy,Drama,Romance",6.4,12400.0
tt12616480,Slingshot,2024,108,"Mystery,Sci-Fi,Thriller",5.7,12404.0
tt15334488,After Everything,2023,93,"Drama,Romance",4.8,12412.0
tt21837726,The Redeem Team,2022,97,"Documentary,History,Sport",7.4,12426.0
tt15440322,Dasara,2023,156,"Action,Adventure,Drama",6.6,12440.0
tt2353868,True Spirit,2023,109,"Adventure,Biography,Drama",6.8,12445.0
tt31116092,14 Days: Girlfriend Intlo,2025,90,"Comedy,Romance",5.9,12459.0
tt28821371,MadS,2024,88,"Horror,Thriller",6.3,12461.0
tt11426572,Wedding Season,2022,98,"Comedy,Romance",6.4,12465.0
tt25274786,Kannur Squad,2023,161,"Action,Crime,Drama",7.6,12488.0
tt15710136,Yashoda,2022,135,"Action,Crime,Sci-Fi",6.5,12490.0
tt20316748,Twilight of the Warriors: Walled In,2024,126,"Action,Crime,Thriller",6.9,12526.0
tt28679253,Eleven,2025,135,"Crime,Mystery,Thriller",7.4,12530.0
tt13885428,Anweshippin Kandethum,2024,142,"Crime,Drama,Mystery",7.4,12553.0
tt21440780,How to Blow Up a Pipeline,2022,104,"Action,Crime,Drama",6.8,12576.0
tt13430858,What's Love Got to Do with It?,2022,108,"Comedy,Drama,Romance",6.3,12585.0
tt30254719,Omniscient Reader: The Prophecy,2025,116,"Action,Adventure,Drama",5.9,12605.0
tt12683756,The Chalk Line,2022,106,"Horror,Mystery,Thriller",6.2,12631.0
tt29247040,Baramulla,2025,120,"Crime,Horror,Mystery",7.0,12645.0
tt9071456,The People We Hate at the Wedding,2022,99,Comedy,5.8,12656.0
tt34381258,Heel,2025,110,"Crime,Drama,Horror",6.8,12657.0
tt14438964,Goodbye,2022,130,"Comedy,Drama,Family",6.8,12664.0
tt26927452,Hurry Up Tomorrow,2025,105,Thriller,4.2,12673.0
tt15807910,I Used to Be Famous,2022,104,"Comedy,Drama,Music",6.6,12690.0
tt10644708,Dhokha,2022,122,"Crime,Drama,Thriller",6.2,12711.0
tt36376123,Ajey: The Untold Story of a Yogi,2025,150,"Biography,Drama",5.5,12722.0
tt16253418,No Way Up,2024,90,"Action,Adventure,Drama",4.6,12723.0
tt12930350,My Spy: The Eternal City,2024,112,"Action,Comedy",5.7,12793.0
tt12672620,The Three Musketeers: Milady,2023,115,"Action,Adventure,Drama",6.4,12808.0
tt11820950,The Portable Door,2023,116,"Adventure,Comedy,Fantasy",6.2,12808.0
tt15680228,Bheed,2023,124,"Drama,History",6.5,12826.0
tt14813212,The Munsters,2022,109,"Comedy,Family,Fantasy",4.5,12826.0
tt13989030,The Royal Treatment,2022,96,"Comedy,Family,Romance",5.3,12834.0
tt12226632,Big George Foreman,2023,129,"Biography,Drama,Sport",6.7,12856.0
tt15944428,Ghoomer,2023,135,"Drama,Sport",7.5,12862.0
tt14060232,Infinite Storm,2022,97,"Drama,Thriller",5.3,12866.0
tt41110859,Aakhri Sawal,2026,150,"Drama,History,Thriller",6.2,12899.0
tt30216176,Lady Ballers,2023,112,"Comedy,Sport",5.6,12947.0
tt31519456,La Dolce Villa,2025,99,"Comedy,Romance",6.0,12972.0
tt21272942,I Was a Stranger,2024,103,Drama,8.1,12980.0
tt10709484,Don,2022,165,"Comedy,Romance",6.8,12994.0
tt28277817,Bird,2024,119,Drama,7.0,12994.0
tt31800329,The Wonderful Story of Henry Sugar and Three More,2024,88,"Comedy,Drama,Fantasy",7.1,13010.0
tt22743064,Yaariyan 2,2023,148,"Comedy,Drama,Musical",4.9,13073.0
tt34610311,The Shadow's Edge,2025,141,"Action,Crime,Drama",7.0,13095.0
tt28254460,Sly,2023,95,"Biography,Documentary",7.0,13098.0
tt19887550,Good Grief,2023,100,"Comedy,Drama,Romance",6.4,13100.0
tt13795296,Thank God,2022,121,Comedy,5.6,13103.0
tt18257464,Polite Society,2023,104,"Action,Comedy",6.6,13109.0
tt15242330,The First Slam Dunk,2022,124,"Animation,Comedy,Drama",8.0,13118.0
tt27542289,Por Thozhil,2023,147,"Action,Crime,Thriller",8.0,13139.0
tt32495687,Sookshma Darshini,2024,142,"Comedy,Mystery,Thriller",7.8,13154.0
tt24429218,Genie,2023,93,"Comedy,Fantasy",5.9,13185.0
tt31747163,What Jennifer Did,2024,87,"Crime,Documentary",6.1,13191.0
tt14833464,Players,2024,105,"Comedy,Romance",5.7,13217.0
tt30007864,The American Society of Magical Negroes,2024,104,"Comedy,Fantasy",3.9,13218.0
tt1723808,Reagan,2024,141,"Biography,Drama,History",6.2,13235.0
tt15364972,Sanctuary,2022,96,"Drama,Romance,Thriller",6.2,13236.0
tt13638858,What You Wish For,2023,101,"Horror,Thriller",6.7,13335.0
tt20859464,The Artifice Girl,2022,93,"Mystery,Sci-Fi,Thriller",6.6,13339.0
tt22086334,Dream Girl 2,2023,134,"Comedy,Drama,Romance",5.2,13373.0
tt21103300,My Big Fat Greek Wedding 3,2023,92,"Comedy,Drama,Romance",5.2,13383.0
tt16953666,The Night of the 12th,2022,115,"Crime,Drama,Mystery",7.0,13405.0
tt23330554,Winnie-the-Pooh: Blood and Honey 2,2024,93,"Horror,Mystery,Thriller",4.6,13417.0
tt15514498,Eenie Meanie,2025,106,"Action,Comedy,Drama",5.9,13429.0
tt32223398,Jaat,2025,158,"Action,Crime,Drama",6.0,13431.0
tt21106646,The Next 365 Days,2022,112,"Drama,Romance",2.9,13460.0
tt20194882,Lonely Planet,2024,94,"Drama,Romance",5.7,13491.0
tt28490044,Evil Does Not Exist,2023,106,Drama,7.0,13499.0
tt21979910,The Passenger,2023,94,"Drama,Thriller",6.4,13501.0
tt16437278,The Strays,2023,100,"Drama,Mystery,Thriller",4.9,13542.0
tt27540217,Good Bad Ugly,2025,139,"Action,Crime,Drama",5.3,13544.0
tt15342244,Master Gardener,2022,111,"Drama,Mystery,Thriller",6.1,13545.0
tt33088887,Hotspot 2 Much,2026,120,Comedy,5.1,13565.0
tt7978758,Apollo 10½: A Space Age Childhood,2022,97,"Adventure,Animation,Drama",7.2,13583.0
tt28671344,The Strangers: Chapter 2,2025,98,"Horror,Mystery",4.7,13590.0
tt31181421,iHostage,2025,100,"Crime,Drama,Thriller",5.7,13601.0
tt8258502,Foe,2023,110,"Drama,Romance,Sci-Fi",5.4,13614.0
tt33053440,Champagne Problems,2025,99,"Comedy,Romance",6.0,13615.0
tt27145269,Mr. Monk's Last Case: A Monk Movie,2023,97,"Comedy,Crime,Drama",6.7,13651.0
tt33455099,The Mastermind,2025,110,Crime,6.2,13684.0
tt26903104,Saripodhaa Sanivaaram,2024,166,"Action,Crime,Drama",7.1,13688.0
tt19403516,Hallow Road,2025,80,"Drama,Horror,Thriller",6.0,13689.0
tt16233952,Something from Tiffany's,2022,87,"Comedy,Family,Romance",6.3,13706.0
tt29232158,Troll 2,2025,105,"Action,Adventure,Drama",5.3,13720.0
tt14557188,Soft & Quiet,2022,92,"Horror,Thriller",6.2,13726.0
tt28182736,Puppy Love,2023,106,"Comedy,Romance",6.3,13730.0
tt12547822,Run Rabbit Run,2023,100,"Drama,Horror,Mystery",5.0,13745.0
tt11240348,The Exorcism,2024,95,"Horror,Thriller",4.2,13759.0
tt11210390,Asterix & Obelix: The Middle Kingdom,2023,112,"Adventure,Comedy,Family",5.1,13767.0
tt31852278,Subedaar,2026,145,"Action,Drama",6.0,13773.0
tt9098938,Sharmaji Namkeen,2022,119,"Comedy,Drama,Family",7.4,13824.0
tt31189315,Father Mother Sister Brother,2025,110,"Comedy,Drama",6.5,13828.0
tt29722855,Badland Hunters,2024,107,"Action,Adventure,Crime",6.0,13871.0
tt7991508,Finestkind,2023,126,"Crime,Drama,Thriller",6.1,13877.0
tt32765621,Sipahi,2024,62,Drama,7.1,13878.0
tt14502344,They/Them,2022,104,"Drama,Horror,Mystery",4.0,13889.0
tt30321133,Will & Harper,2024,114,Documentary,7.4,13898.0
tt26233598,Raayan,2024,145,"Action,Crime,Drama",6.5,13905.0
tt28802657,De De Pyaar De 2,2025,146,"Comedy,Romance",6.1,13931.0
tt11540726,Resurrection,2022,103,"Crime,Drama,Horror",5.9,13941.0
tt14056466,Yudhra,2024,142,"Action,Drama,Thriller",4.9,13941.0
tt28184712,Parking,2023,127,"Drama,Thriller",7.8,13964.0
tt8296030,You Won't Be Alone,2022,108,"Drama,Fantasy,Horror",6.4,13984.0
tt27056066,Sky Force,2025,125,"Action,Drama,Thriller",6.8,13985.0
tt11278476,Rescued by Ruby,2022,90,"Biography,Drama,Family",7.2,13989.0
tt19862722,Find Me Falling,2024,93,"Comedy,Music,Romance",6.3,14007.0
tt26733325,Homebound,2025,119,Drama,7.9,14015.0
tt18079362,80 for Brady,2023,98,"Comedy,Drama,Sport",5.9,14080.0
tt26596953,Forgotten Love,2023,140,"Drama,Romance",7.5,14083.0
tt32086077,All We Imagine as Light,2024,118,"Drama,Romance",7.0,14092.0
tt15289240,The Curse of Bridge Hollow,2022,89,"Adventure,Comedy,Family",5.6,14139.0
tt26735622,Balls Up,2026,104,"Action,Comedy,Crime",4.7,14152.0
tt23475174,Sarfira,2024,155,Drama,6.9,14164.0
tt18083578,57 Seconds,2023,99,"Adventure,Sci-Fi,Thriller",5.4,14165.0
tt30783769,Kaam Chalu Hai,2024,82,Drama,7.0,14167.0
tt14145436,Pet Sematary: Bloodlines,2023,87,"Fantasy,Horror",4.6,14177.0
tt10340562,Etharkkum Thunindhavan,2022,151,"Action,Crime,Drama",6.4,14180.0
tt20048582,Canary Black,2024,101,"Action,Drama,Thriller",5.4,14237.0
tt12583926,Anniversary,2025,111,Thriller,6.7,14239.0
tt10505918,L2: Empuraan,2025,179,"Action,Crime,Thriller",6.1,14243.0
tt13923456,Mafia Mamma,2023,101,"Action,Comedy,Crime",5.5,14244.0
tt32547691,Pressure,2026,100,"Drama,History,Thriller",7.3,14257.0
tt17592606,Daman,2022,121,"Adventure,Drama",8.5,14272.0
tt29008225,Fackham Hall,2025,97,Comedy,6.4,14289.0
tt33311069,The Furious,2025,113,"Action,Crime,Thriller",7.5,14297.0
tt10954718,Dog Man,2025,89,"Action,Adventure,Animation",6.3,14313.0
tt23804696,HIT: The 3rd Case,2025,154,"Action,Crime,Thriller",6.9,14325.0
tt22170036,Captain Miller,2024,157,"Action,Adventure,Drama",7.1,14330.0
tt21991654,Sympathy for the Devil,2023,90,"Action,Thriller",5.5,14351.0
tt11951276,The Other Zoey,2023,91,"Comedy,Drama,Romance",5.9,14351.0
tt27986457,She Rides Shotgun,2025,120,"Action,Drama,Thriller",6.5,14353.0
tt18376122,Pamela: A Love Story,2023,112,"Biography,Documentary",7.2,14370.0
tt6020800,Gold,2022,97,"Action,Adventure,Drama",5.4,14377.0
tt29929565,Opus,2025,104,"Drama,Music,Thriller",5.7,14381.0
tt26160190,Unlocked,2023,117,"Crime,Drama,Mystery",6.5,14382.0
tt19858164,Little Bone Lodge,2023,93,"Crime,Mystery,Thriller",6.0,14416.0
tt21983758,The Teacher,2022,121,"Crime,Drama,Thriller",6.2,14422.0
tt23036080,Thank You for Coming,2023,119,Comedy,4.1,14477.0
tt2016303,The Bricklayer,2023,110,"Action,Thriller",5.2,14524.0
tt24852126,Jingle Bell Heist,2025,96,"Comedy,Crime,Romance",5.8,14530.0
tt27155038,Ruby Gillman: Teenage Kraken,2023,91,"Action,Adventure,Animation",5.7,14567.0
tt33549478,The Map That Leads to You,2025,96,"Drama,Romance",6.2,14592.0
tt21874760,The Coffee Table,2022,89,"Comedy,Drama,Horror",6.7,14597.0
tt26678938,Pretty Lethal,2026,88,"Action,Horror,Thriller",5.8,14605.0
tt23790740,Srikanth,2024,134,"Biography,Drama",7.4,14686.0
tt39122441,Jockey,2026,147,"Action,Adventure,Drama",8.0,14722.0
tt11893274,Downfall: The Case Against Boeing,2022,89,Documentary,7.4,14789.0
tt9005184,Dual,2022,94,"Comedy,Drama,Sci-Fi",5.8,14803.0
tt14160834,Rustin,2023,106,"Biography,Drama,History",6.5,14818.0
tt16252698,Passages,2023,91,"Drama,Romance",6.6,14821.0
tt14145426,Beavis and Butt-Head Do the Universe,2022,87,"Animation,Comedy,Sci-Fi",7.0,14832.0
tt27051027,Love Li,2024,168,"Drama,Romance",6.5,14849.0
tt13978306,Brazen,2022,94,"Crime,Drama,Mystery",4.2,14854.0
tt19883634,The Old Oak,2023,113,Drama,7.1,14885.0
tt33039440,The Wrong Paris,2025,105,"Comedy,Drama,Romance",6.1,14892.0
tt14859416,Burning Days,2022,129,"Drama,Thriller",7.4,14901.0
tt26783625,Bone Lake,2024,94,"Horror,Thriller",5.6,14914.0
tt15516726,Selfiee,2023,148,"Action,Comedy,Drama",5.7,14922.0
tt22173666,Azrael,2024,86,"Action,Horror",5.3,14930.0
tt11687104,"Alice, Darling",2022,89,"Drama,Mystery,Romance",5.6,14937.0
tt6722802,Marlowe,2022,109,"Crime,Drama,Mystery",5.4,14939.0
tt30852970,Lover Stalker Killer,2024,90,"Crime,Documentary",7.0,14983.0
tt28717622,Bomb,2025,139,"Comedy,Drama",6.1,15019.0
tt24509990,The Hatchet Wielding Hitchhiker,2023,85,"Crime,Documentary",6.2,15020.0
tt27197387,AKA,2023,122,"Action,Crime,Thriller",6.6,15021.0
tt31998881,Oh. What. Fun.,2025,106,Comedy,5.3,15028.0
tt5181830,Wendell & Wild,2022,105,"Adventure,Animation,Comedy",6.4,15030.0
tt8883486,Medieval,2022,125,"Action,Drama,History",5.9,15057.0
tt13249596,Father of the Bride,2022,117,"Comedy,Drama,Romance",5.9,15071.0
tt19861162,The Return,2024,116,"Adventure,Drama,History",6.3,15076.0
tt14900738,Meet Cute,2022,89,"Comedy,Drama,Fantasy",5.7,15098.0
tt27817389,The Last Viking,2025,116,"Comedy,Crime,Drama",7.2,15155.0
tt19811010,The Remarkable Life of Ibelin,2024,103,"Animation,Biography,Documentary",8.1,15173.0
tt14999684,Shelby Oaks,2024,91,"Horror,Mystery,Thriller",5.3,15219.0
tt29114029,The Tearsmith,2024,103,"Drama,Fantasy,Romance",5.2,15259.0
tt11225626,Am I OK?,2022,86,"Comedy,Drama,Romance",6.1,15267.0
tt31969600,Thudarum,2025,163,"Action,Drama",7.5,15269.0
tt13655120,I.S.S.,2023,95,"Sci-Fi,Thriller",5.3,15285.0
tt26915336,Mars Express,2023,88,"Action,Animation,Mystery",7.5,15296.0
tt31322753,Twinless,2025,100,"Comedy,Drama",7.3,15324.0
tt26744289,Infested,2023,106,Horror,6.2,15326.0
tt37971394,Blast,2026,142,"Action,Drama",7.3,15374.0
tt15463032,Love in the Villa,2022,114,"Comedy,Romance",5.5,15405.0
tt33296751,Tuner,2025,107,"Crime,Drama,Music",7.2,15419.0
tt13022984,Khuda Haafiz: Chapter 2 - Agni Pariksha,2022,144,"Action,Crime,Drama",7.4,15434.0
tt27930683,Agni,2024,122,"Action,Drama",7.1,15448.0
tt14454876,Golda,2023,100,"Biography,Drama,History",6.0,15462.0
tt20201748,Greedy People,2024,112,"Comedy,Crime,Thriller",6.2,15475.0
tt11281220,Intoxicated by Love,2024,118,"Drama,History,Romance",6.8,15509.0
tt14456350,About Fate,2022,103,"Comedy,Romance",6.4,15543.0
tt9860566,Brothers,2024,89,"Action,Comedy,Crime",5.4,15627.0
tt13070038,After Ever Happy,2022,95,"Drama,Romance",4.8,15642.0
tt11364772,Kabzaa,2023,134,"Action,Crime,Thriller",4.6,15663.0
tt15838850,The Roundup,2022,106,"Action,Crime,Thriller",7.0,15668.0
tt14002046,Bheeshma Parvam,2022,144,"Action,Crime,Drama",7.5,15722.0
tt5301942,Jersey,2022,170,"Drama,Sport",7.3,15744.0
tt15218000,Fire Island,2022,105,"Comedy,Romance",6.7,15819.0
tt8002382,The Marsh King's Daughter,2023,109,"Crime,Drama,Mystery",5.9,15823.0
tt21279138,Maid in Malacañang,2022,114,"Biography,Drama",3.8,15835.0
tt14030816,Baghead,2023,94,"Horror,Mystery,Thriller",5.4,15836.0
tt27419292,Killer Heat,2024,95,"Crime,Drama,Mystery",5.6,15850.0
tt19704638,Our Father,2022,97,"Crime,Documentary",6.6,15860.0
tt22036406,Kanguva,2024,152,"Action,Adventure,Fantasy",4.5,15869.0
tt29550683,Whistle,2025,100,Horror,5.2,15883.0
tt15340724,20th Century Girl,2022,119,"Drama,Romance",7.4,15890.0
tt4501268,Maharaj,2024,131,"Biography,Crime,Drama",6.5,15958.0
tt34915705,Tourist Family,2025,127,"Comedy,Drama",8.2,15962.0
tt3562110,Kesari Chapter 2: The Untold Story of Jallianwala Bagh,2025,133,"Drama,History",8.0,16059.0
tt31495504,The Tank,2025,116,"Action,Drama,Thriller",6.5,16070.0
tt30422937,Nadaaniyan,2025,119,"Drama,Romance",3.0,16094.0
tt31567422,Night Always Comes,2025,108,"Crime,Drama,Thriller",5.9,16183.0
tt14865406,Deep Fear,2023,84,"Action,Horror,Thriller",3.9,16234.0
tt14714980,Poker Face,2022,94,"Action,Crime,Thriller",5.2,16237.0
tt10399608,Piggy,2022,99,"Drama,Horror,Thriller",6.2,16237.0
tt7461686,Daddio,2023,100,Drama,6.7,16289.0
tt16227342,Mr. & Mrs. Mahi,2024,139,"Drama,Sport",5.9,16309.0
tt15893750,Rye Lane,2023,82,"Comedy,Drama,Romance",7.2,16321.0
tt30319503,Dìdi,2024,93,"Comedy,Drama",7.3,16355.0
tt14592948,Loving Adults,2022,104,"Crime,Drama,Thriller",6.5,16365.0
tt32359447,Hot Frosty,2024,92,"Comedy,Fantasy,Romance",5.3,16431.0
tt26547864,The Conference,2023,100,"Comedy,Horror,Mystery",5.7,16508.0
tt21113540,El Conde,2023,110,"Comedy,Fantasy,History",6.3,16509.0
tt9883832,Moonage Daydream,2022,135,"Biography,Documentary,Music",7.6,16530.0
tt13539646,The Wandering Earth II,2023,173,"Action,Adventure,Drama",6.7,16552.0
tt36642456,Haq,2025,134,Drama,7.8,16568.0
tt14176542,Bardo: False Chronicle of a Handful of Truths,2022,159,"Comedy,Drama",6.7,16577.0
tt16900880,Kill Boksoon,2023,137,"Action,Thriller",6.6,16605.0
tt30796448,The Greatest Night in Pop,2024,96,"Documentary,Music",7.9,16707.0
tt17277414,Jeanne du Barry,2023,117,"Biography,Drama,History",6.7,16730.0
tt10098448,Jesus Revolution,2023,120,"Biography,Drama,History",7.1,16747.0
tt16227014,Fire of Love,2022,98,"Biography,Documentary",7.6,16785.0
tt14349032,The Good Neighbor,2022,106,"Crime,Mystery,Thriller",6.0,16793.0
tt27812086,Cleaner,2025,97,"Action,Drama,Thriller",5.2,16802.0
tt9731386,Rogue Agent,2022,115,"Action,Adventure,Drama",6.5,16822.0
tt25471950,Flora and Son,2023,97,"Comedy,Music,Romance",7.0,16841.0
tt9006564,2018,2023,150,"Action,Drama,Thriller",8.3,16884.0
tt15748830,Jaane Jaan,2023,139,"Crime,Drama,Mystery",7.0,16927.0
tt18363072,The Royal Hotel,2023,91,"Drama,Thriller",5.7,16951.0
tt26229612,The Diplomat,2025,130,"Drama,Thriller",7.0,16960.0
tt15576460,Zara Hatke Zara Bachke,2023,132,"Comedy,Drama,Family",5.9,16971.0
tt21284218,Incoming,2024,91,Comedy,5.8,17039.0
tt8066940,Indian 2,2024,165,"Action,Drama,Musical",3.8,17064.0
tt31945132,Retro,2025,168,"Action,Crime,Drama",6.4,17082.0
tt15374070,Studio 666,2022,106,"Comedy,Horror,Music",5.6,17084.0
tt39792948,Louis Theroux: Inside the Manosphere,2026,91,Documentary,6.9,17091.0
tt29713093,We Bury the Dead,2024,95,"Horror,Thriller",5.6,17125.0
tt15980138,Kishkindha Kaandam,2024,133,"Drama,Mystery,Thriller",8.0,17129.0
tt14308636,Bank of Dave,2023,107,"Biography,Comedy,Drama",7.1,17138.0
tt33247023,Splitsville,2025,104,Comedy,6.4,17168.0
tt19652910,EO,2022,88,Drama,6.7,17181.0
tt11947158,Ek Villain Returns,2022,129,"Action,Crime,Drama",4.4,17184.0
tt13406136,The Princess,2022,94,"Action,Drama,Fantasy",5.7,17234.0
tt17489650,Ash,2025,95,"Action,Adventure,Horror",4.6,17249.0
tt12818328,Hundreds of Beavers,2022,108,"Action,Adventure,Comedy",7.6,17334.0
tt14764464,Code 8: Part II,2024,100,"Action,Crime,Drama",5.8,17369.0
tt24132732,The Deepest Breath,2023,108,"Adventure,Documentary,Sport",7.7,17421.0
tt7529298,Attack,2022,121,"Action,Sci-Fi,Thriller",6.8,17427.0
tt19857862,Now or Never!,2024,135,"Adventure,Biography,Drama",2.3,17441.0
tt33428606,Solo Leveling: ReAwakening,2024,121,"Action,Adventure,Animation",8.7,17442.0
tt15486810,Teen Wolf: The Movie,2023,141,"Action,Comedy,Crime",5.6,17485.0
tt34276058,The Family Plan 2,2025,106,"Action,Comedy,Family",5.6,17499.0
tt14121726,Jeepers Creepers: Reborn,2022,88,"Horror,Mystery,Thriller",2.6,17507.0
tt18687124,BTS Permission to Dance on Stage - Seoul: Live Viewing,2022,195,"Documentary,Music",7.9,17604.0
tt19755170,Bawaal,2023,137,"Action,Comedy,Drama",6.6,17661.0
tt4419684,In the Lost Lands,2025,101,"Action,Adventure,Fantasy",4.7,17662.0
tt15771916,You Hurt My Feelings,2023,93,"Comedy,Drama,Romance",6.5,17667.0
tt26537229,Demon Slayer: Kimetsu No Yaiba - To the Swordsmith Village,2023,110,"Action,Adventure,Animation",7.7,17678.0
tt32434379,My Fault: London,2025,120,"Drama,Romance",6.2,17718.0
tt31514262,Wild Wild Punjab,2024,109,"Comedy,Romance",6.2,17753.0
tt26658272,Amar Singh Chamkila,2024,145,"Biography,Drama,Music",7.8,17759.0
tt28083456,Is This Thing On?,2025,121,"Comedy,Drama",6.7,17777.0
tt5533370,Lamborghini: The Legend,2022,97,"Biography,Drama,Sport",5.5,17790.0
tt33034103,Am I Racist?,2024,100,"Comedy,Documentary",6.6,17880.0
tt32323252,Christy,2025,135,"Biography,Drama,History",6.6,17885.0
tt4960748,Till,2022,130,"Biography,Crime,Drama",7.2,17952.0
tt22004344,Snack Shack,2024,112,"Comedy,Drama",7.0,17954.0
tt31190632,October 8,2025,100,Documentary,4.4,17976.0
tt31195136,Normal,2025,91,"Action,Crime,Thriller",6.3,17979.0
tt32284154,Rekhachithram,2025,147,"Drama,Mystery,Thriller",7.8,17986.0
tt14225838,Io Capitano,2023,121,"Adventure,Drama",7.6,18034.0
tt30798612,Crazxy,2025,93,"Drama,Thriller",6.6,18049.0
tt10343028,Armageddon Time,2022,114,Drama,6.4,18087.0
tt2316548,Beautiful Disaster,2023,96,"Comedy,Drama,Romance",5.3,18105.0
tt19853258,Still: A Michael J. Fox Movie,2023,95,"Biography,Documentary",8.1,18121.0
tt26757462,Hellboy: The Crooked Man,2024,99,"Action,Adventure,Fantasy",4.5,18123.0
tt27431598,Bramayugam,2024,139,"Drama,Horror,Thriller",7.7,18130.0
tt12519030,Hatching,2022,91,"Drama,Fantasy,Horror",6.2,18140.0
tt9853500,Bandit,2022,126,"Biography,Crime,Drama",6.5,18175.0
tt11040844,The Machine,2023,112,"Action,Comedy",5.7,18192.0
tt24577462,Afraid,2024,84,"Horror,Mystery,Sci-Fi",5.2,18215.0
tt14668630,"Lyle, Lyle, Crocodile",2022,106,"Adventure,Comedy,Family",6.1,18232.0
tt14753612,Swatantrya Veer Savarkar,2024,176,"Biography,Drama",7.7,18259.0
tt32278481,Enola Holmes 3,2026,105,"Action,Adventure,Comedy",5.8,18318.0
tt25434834,Viduthalai Part 2,2024,170,"Action,Crime,Drama",7.5,18328.0
tt26926267,Mother of the Bride,2024,88,"Comedy,Drama,Romance",4.9,18336.0
tt27621210,Ice Road: Vengeance,2025,112,"Action,Adventure,Thriller",4.9,18347.0
tt33305312,Borbaad,2025,139,"Action,Romance,Thriller",6.9,18347.0
tt6528290,Knights of the Zodiac,2023,112,"Action,Adventure,Drama",4.4,18465.0
tt1121948,The Killer,2024,126,"Action,Crime,Drama",5.7,18496.0
tt21942598,Freaky Tales,2024,107,"Action,Adventure,Comedy",6.2,18499.0
tt21800162,There's Still Tomorrow,2023,118,"Comedy,Drama,History",7.7,18521.0
tt30253036,Kinda Pregnant,2025,97,"Comedy,Drama",4.9,18546.0
tt30445556,The Pickup,2025,94,"Action,Comedy,Crime",5.5,18554.0
tt22488728,Love Today,2022,154,"Comedy,Drama,Romance",8.0,18566.0
tt13130760,Hit: The First Case,2022,132,"Crime,Drama,Mystery",6.8,18596.0
tt3045628,Holland,2025,110,"Crime,Drama,Mystery",5.0,18614.0
tt14181714,The Bluff,2026,103,"Action,Adventure,Drama",5.8,18665.0
tt30788842,Love Hurts,2025,83,"Action,Comedy,Romance",5.3,18677.0
tt30876483,Exterritorial,2025,109,"Action,Mystery,Thriller",5.8,18716.0
tt14824590,On the Line,2022,104,Thriller,5.5,18752.0
tt1633359,The Toxic Avenger,2023,102,"Action,Comedy,Horror",5.8,18831.0
tt9104736,Housefull 5,2025,163,"Comedy,Mystery,Thriller",3.3,18876.0
tt4081630,The Valet,2022,124,"Comedy,Drama,Romance",6.7,18925.0
tt15939198,Blitz,2024,120,"Action,Drama,History",6.2,18947.0
tt11772746,Thiruchitrambalam,2022,131,"Comedy,Drama,Musical",7.9,19030.0
tt14614892,Dragon Ball Super: Super Hero,2022,100,"Action,Adventure,Animation",7.1,19030.0
tt30496762,Maa,2025,133,Horror,4.9,19030.0
tt9603060,Star Trek: Section 31,2025,95,"Action,Adventure,Drama",3.8,19037.0
tt32080876,Dragon,2025,157,"Comedy,Drama,Romance",7.8,19045.0
tt23172090,Dust Bunny,2025,106,"Action,Drama,Horror",6.5,19111.0
tt31888477,Downton Abbey: The Grand Finale,2025,123,Drama,7.3,19130.0
tt11783766,Ram Setu,2022,140,"Action,Adventure,Thriller",5.3,19182.0
tt10276482,Love Again,2023,104,"Comedy,Drama,Romance",5.9,19192.0
tt19653180,Leila's Brothers,2022,165,Drama,7.9,19223.0
tt21819228,Stutz,2022,96,Documentary,7.7,19271.0
tt8373206,About My Father,2023,90,Comedy,5.8,19378.0
tt15428940,Jules,2023,87,"Comedy,Drama,Sci-Fi",6.8,19467.0
tt15353964,Significant Other,2022,84,"Drama,Horror,Mystery",5.7,19477.0
tt28066777,Orion and the Dark,2024,93,"Adventure,Animation,Comedy",6.3,19487.0
tt12472554,Mahaan,2022,163,"Action,Drama,Thriller",7.7,19488.0
tt20112746,Sting,2024,91,"Comedy,Horror,Sci-Fi",5.7,19539.0
tt27757805,Baby John,2024,159,"Action,Crime,Drama",5.0,19560.0
tt8129806,To Leslie,2022,119,Drama,7.1,19583.0
tt15215512,A Perfect Pairing,2022,101,"Comedy,Romance",6.1,19586.0
tt26350277,Ballerina,2023,92,"Action,Thriller",6.3,19611.0
tt9054970,Doctor G,2022,124,"Comedy,Drama",6.6,19633.0
tt9000184,Goodnight Mommy,2022,92,"Crime,Drama,Horror",5.7,19648.0
tt36943034,The Voice of Hind Rajab,2025,89,"Biography,Drama,War",8.2,19650.0
tt14641542,The Eight Mountains,2022,147,Drama,7.7,19735.0
tt21232992,Theater Camp,2023,92,Comedy,6.9,19765.0
tt28510079,Your Fault,2024,118,"Drama,Romance",5.3,19778.0
tt13231544,About Dry Grasses,2023,197,Drama,7.7,19821.0
tt14415204,Never Let Go,2024,101,"Horror,Mystery,Thriller",5.4,19841.0
tt22444570,Ponniyin Selvan: Part Two,2023,164,"Action,Adventure,Drama",7.2,19939.0
tt6915770,Starfish,2023,121,"Drama,Romance,Thriller",4.3,19960.0
tt16280138,Magic Mike's Last Dance,2023,112,"Comedy,Drama",5.2,20129.0
tt32985279,Steve,2025,93,Drama,6.4,20135.0
tt33397980,Office Romance,2026,114,"Comedy,Romance",5.8,20166.0
tt32221196,One of Them Days,2025,97,Comedy,6.5,20236.0
tt14362112,Trolls Band Together,2023,91,"Adventure,Animation,Comedy",6.0,20237.0
tt26658104,Imaginary,2024,104,"Horror,Mystery,Thriller",4.8,20269.0
tt13634480,The Ice Age Adventures of Buck Wild,2022,82,"Adventure,Animation,Comedy",4.4,20297.0
tt5177114,Young Woman and the Sea,2024,129,"Biography,Drama,Romance",7.5,20305.0
tt26394837,Code 3,2025,104,"Action,Comedy,Drama",7.2,20316.0
tt18073328,Blood & Gold,2023,98,"Action,Drama,War",6.5,20353.0
tt39328471,Shatak,2026,112,"Drama,History",3.5,20369.0
tt21262240,Mission Raniganj,2023,134,"Action,Biography,Drama",7.2,20435.0
tt28554013,Naga,2023,111,"Drama,Thriller",5.9,20437.0
tt27679608,Fateh,2025,127,"Action,Crime,Thriller",6.1,20501.0
tt28540171,Welcome to the Jungle,2026,170,"Action,Adventure,Comedy",4.6,20533.0
tt10236164,The Girl with the Needle,2024,123,"Crime,Drama,History",7.5,20543.0
tt13451410,Dhadak 2,2025,142,"Drama,Mystery,Romance",6.8,20550.0
tt23782584,Nr. 24,2024,111,"Biography,Drama,War",7.5,20595.0
tt14855468,That Christmas,2024,91,"Adventure,Animation,Comedy",6.8,20614.0
tt1200263,The Color Purple,2023,141,"Drama,Musical",6.8,20629.0
tt5198890,Eileen,2023,97,"Drama,Mystery,Romance",5.9,20663.0
tt32178949,The Seed of the Sacred Fig,2024,167,"Crime,Drama,Thriller",7.5,20677.0
tt11365186,Redeeming Love,2022,134,"Drama,Romance,Western",6.8,20733.0
tt5834874,Trigger Warning,2024,106,"Action,Crime,Thriller",4.6,20791.0
tt12964320,Role Play,2024,100,"Action,Comedy,Romance",5.5,20844.0
tt13056052,Broker,2022,129,"Comedy,Crime,Drama",7.1,20863.0
tt14371860,Apartment 7A,2024,107,"Horror,Thriller",5.9,20888.0
tt31015496,The Fable,2024,119,Drama,6.2,20930.0
tt27218960,Y2K,2024,91,"Comedy,Horror,Sci-Fi",4.7,20984.0
tt9737876,Narvik: Hitler's First Defeat,2022,108,"Drama,History,War",6.6,21018.0
tt30387012,Border 2,2026,200,"Action,Drama,War",5.8,21042.0
tt4996328,Ordinary Angels,2024,118,"Biography,Drama",7.4,21049.0
tt10687116,Entergalactic,2022,93,"Animation,Comedy,Music",7.4,21065.0
tt14458442,The Son,2022,123,Drama,6.5,21104.0
tt11375428,Hridayam,2022,172,"Drama,Musical,Romance",8.0,21201.0
tt29552248,Swapped,2026,98,"Adventure,Animation,Comedy",7.3,21226.0
tt23853982,Parthenope,2024,137,"Drama,Fantasy",6.5,21229.0
tt9271672,Prey for the Devil,2022,93,"Horror,Mystery,Thriller",5.4,21242.0
tt19760052,The Taste of Things,2023,135,"Drama,History,Romance",7.4,21261.0
tt32332404,Keeper,2025,99,"Horror,Mystery",5.5,21284.0
tt27813235,The Surfer,2024,100,Thriller,5.9,21331.0
tt32321317,Pillion,2025,106,"Comedy,Drama,Romance",6.9,21345.0
tt20916568,The Wrath of Becky,2023,84,"Action,Comedy,Thriller",6.2,21356.0
tt21307994,Skinamarink,2022,100,"Horror,Mystery",4.7,21435.0
tt0327785,The Killer's Game,2024,104,"Action,Comedy,Thriller",5.8,21509.0
tt10806040,Valimai,2022,178,"Action,Crime,Drama",6.0,21515.0
tt14042066,Dobaaraa,2022,132,"Drama,Fantasy,Mystery",4.9,21537.0
tt8105234,Flamin' Hot,2023,99,"Biography,Drama,History",6.8,21539.0
tt14814040,Not Okay,2022,100,"Comedy,Drama,Thriller",6.1,21668.0
tt17220704,A Christmas Story Christmas,2022,98,"Comedy,Family",6.7,21711.0
tt21815562,The Alto Knights,2025,123,"Biography,Crime,Drama",5.9,21728.0
tt31314296,The Woman in the Yard,2025,88,"Drama,Horror,Thriller",5.0,21831.0
tt33372494,Lokah Chapter One: Chandra,2025,151,"Action,Fantasy",7.6,21836.0
tt37674426,Unknown Number: The High School Catfish,2025,94,"Crime,Documentary",6.7,21883.0
tt35396529,Mountainhead,2025,108,"Comedy,Drama",5.4,21888.0
tt10786774,Sam Bahadur,2023,150,"Biography,Drama,War",7.7,21935.0
tt28491891,His Three Daughters,2023,101,Drama,7.1,22063.0
tt31193791,The Last Showgirl,2024,88,Drama,6.5,22093.0
tt13391710,Jana Gana Mana,2022,162,"Drama,Thriller",8.3,22109.0
tt11128440,Clerks III,2022,100,"Comedy,Drama",6.2,22213.0
tt21279806,Scoop,2024,102,"Biography,Drama",6.5,22260.0
tt6879446,Hidden Strike,2023,102,"Action,Adventure,Comedy",5.4,22289.0
tt2396431,Dear Santa,2024,107,"Comedy,Fantasy",5.4,22322.0
tt13007592,The Noel Diary,2022,99,"Comedy,Drama,Romance",6.2,22354.0
tt7574556,Dead of Winter,2025,98,"Action,Thriller",6.1,22422.0
tt13309170,Influencer,2022,92,"Horror,Mystery,Thriller",6.2,22434.0
tt22868010,Return to Silent Hill,2026,106,"Drama,Horror,Mystery",4.0,22529.0
tt22695402,Hunger,2023,146,"Drama,Thriller",6.6,22557.0
tt14561712,La Chimera,2023,131,"Adventure,Comedy,Drama",7.3,22618.0
tt15509244,Happiness for Beginners,2023,103,"Comedy,Drama,Romance",6.1,22646.0
tt31392609,How to Make Millions Before Grandma Dies,2024,125,"Comedy,Drama,Family",7.9,22724.0
tt11687002,The Outrun,2024,118,"Biography,Drama",6.9,22769.0
tt22207786,Red Rooms,2023,118,"Crime,Horror,Mystery",7.1,22826.0
tt13919802,Anek,2022,147,"Action,Drama,Sport",6.3,22879.0
tt13650700,A Big Bold Beautiful Journey,2025,109,"Drama,Fantasy,Romance",6.0,22884.0
tt35295730,A Business Proposal,2025,117,"Comedy,Drama,Romance",2.0,22968.0
tt31711040,Look Back,2024,58,"Animation,Drama",7.8,23028.0
tt17009348,DogMan,2023,115,"Action,Crime,Drama",6.8,23066.0
tt28363783,Alpha,2026,141,"Action,Adventure,Thriller",3.1,23111.0
tt14857528,Time Cut,2024,91,"Horror,Mystery,Sci-Fi",5.1,23132.0
tt11934846,Badhaai Do,2022,147,"Comedy,Drama,Romance",7.0,23134.0
tt29540862,Bhooth Bangla,2026,173,"Comedy,Horror",5.0,23141.0
tt15315164,Cuttputlli,2022,134,"Crime,Drama,Mystery",5.7,23191.0
tt26758372,Meiyazhagan,2024,177,"Drama,Family",8.5,23210.0
tt24225606,Metro in Dino,2025,162,"Drama,Musical,Romance",6.5,23212.0
tt33088452,Regretting You,2025,116,"Drama,Romance",6.0,23222.0
tt31390893,Raja Shivaji,2026,195,"Action,Biography,Drama",6.9,23280.0
tt22890246,How to Have Sex,2023,91,Drama,6.4,23324.0
tt8879928,Cold Storage,2026,99,"Comedy,Horror,Sci-Fi",6.0,23365.0
tt26084002,Self Reliance,2023,85,"Comedy,Thriller",6.0,23377.0
tt27552099,Mike & Nick & Nick & Alice,2026,107,"Action,Comedy,Crime",6.2,23399.0
tt14152140,Darlings,2022,133,"Comedy,Drama,Thriller",6.7,23457.0
tt21957774,Irish Wish,2024,93,"Comedy,Fantasy,Romance",5.3,23480.0
tt10869778,Maidaan,2024,181,"Biography,Drama,History",7.9,23568.0
tt27501039,Bloody Daddy,2023,121,"Action,Crime,Drama",6.5,23589.0
tt21328106,Candy Cane Lane,2023,117,"Comedy,Family,Fantasy",5.6,23624.0
tt28228231,Priyotoma,2023,155,"Action,Drama,Romance",5.9,23648.0
tt11821912,Devara Part 1,2024,176,"Action,Adventure,Drama",6.0,23723.0
tt18926098,VidaaMuyarchi,2025,154,"Action,Crime,Drama",6.2,23883.0
tt18816518,Sick of Myself,2022,97,"Comedy,Drama,Horror",7.1,23903.0
tt31969779,O' Romeo,2026,178,"Action,Crime,Drama",5.2,23903.0
tt27599851,Apocalypse Z: The Beginning of the End,2024,117,"Action,Horror,Sci-Fi",6.1,23968.0
tt28288786,Premalu,2024,156,"Comedy,Romance",7.8,23971.0
tt32159989,After the Hunt,2025,138,"Crime,Drama,Thriller",5.7,24154.0
tt27118357,Amaran,2024,167,"Action,Biography,Drama",8.1,24179.0
tt15128068,"Monica, O My Darling",2022,129,"Comedy,Crime,Drama",7.4,24258.0
tt32768323,The Assessment,2024,114,"Drama,Sci-Fi",6.6,24378.0
tt7466442,The Bob's Burgers Movie,2022,102,"Adventure,Animation,Comedy",7.0,24420.0
tt23055660,Nickel Boys,2024,140,Drama,6.9,24430.0
tt14592064,Home Team,2022,95,"Comedy,Drama,Sport",6.0,24464.0
tt27441481,Coolie,2025,168,"Action,Crime,Thriller",6.0,24472.0
tt12788488,Deadstream,2022,87,"Comedy,Fantasy,Horror",6.4,24475.0
tt34685692,Over Your Dead Body,2026,105,"Action,Comedy,Thriller",6.3,24573.0
tt14781036,Inside,2023,105,"Drama,Thriller",5.5,24584.0
tt27052633,Echo Valley,2025,104,"Drama,Thriller",6.3,24595.0
tt14642626,Sick,2022,83,"Horror,Mystery,Thriller",6.0,24640.0
tt29927663,The Great Flood,2025,109,"Action,Adventure,Drama",5.4,24764.0
tt28362963,Checkmate,2023,112,"Action,Comedy",7.5,24767.0
tt13586204,MobKing,2023,89,"Drama,Thriller",5.2,24769.0
tt27674982,The Ballad of Wallis Island,2025,99,"Comedy,Drama,Music",7.4,24819.0
tt27548557,Dhamaal 4,2026,143,"Action,Adventure,Comedy",8.1,24930.0
tt11112808,Cirkus,2022,139,"Comedy,Drama",4.2,24969.0
tt32536315,Blue Moon,2025,100,"Biography,Comedy,Drama",6.8,24970.0
tt13397574,Mothers' Instinct,2024,94,"Drama,Thriller",6.3,24998.0
tt32843349,"Sorry, Baby",2025,103,"Comedy,Drama",7.1,25002.0
tt34956443,Ne Zha 2,2025,144,"Action,Adventure,Animation",7.9,25056.0
tt26733317,Jigra,2024,153,"Action,Crime,Drama",6.0,25140.0
tt12810074,Nightbitch,2024,99,"Comedy,Drama,Fantasy",5.5,25209.0
tt35892608,Undertone,2025,94,"Horror,Sci-Fi,Thriller",5.9,25256.0
tt13429870,Robot Dreams,2023,103,"Animation,Comedy,Drama",7.6,25295.0
tt6950476,Tejas,2023,112,"Action,Drama,Thriller",4.3,25304.0
tt14564000,Guntur Kaaram,2024,159,"Action,Drama",5.4,25373.0
tt23554840,The Vaccine War,2023,161,"Drama,Thriller",7.1,25410.0
tt13405810,Quiz Lady,2023,99,Comedy,6.7,25444.0
tt27367464,Kneecap,2024,105,"Comedy,Drama,Music",7.6,25456.0
tt11674730,The Last Stop in Yuma County,2023,90,"Crime,Drama,Thriller",6.9,25510.0
tt22893404,Maria,2024,124,"Biography,Drama,Music",6.4,25526.0
tt30742355,Sunny Sanskari Ki Tulsi Kumari,2025,134,"Comedy,Family,Romance",5.1,25534.0
tt15441054,Gadar 2,2023,170,"Action,Adventure,Drama",5.1,25569.0
tt4196566,The Deliverance,2024,112,"Drama,Horror,Mystery",5.1,25612.0
tt19838634,Ulajh,2024,150,"Crime,Drama,Thriller",5.9,25632.0
tt30889755,The Sabarmati Report,2024,127,"Crime,Drama,Thriller",6.4,25682.0
tt32063098,Ballad of a Small Player,2025,101,"Crime,Drama,Mystery",5.9,25698.0
tt1798632,Firestarter,2022,94,"Drama,Horror,Sci-Fi",4.6,25709.0
tt20990442,Him,2025,96,"Horror,Sport,Thriller",5.0,25771.0
tt14463484,Through My Window,2022,116,"Comedy,Drama,Romance",5.5,25806.0
tt15445056,Athena,2022,99,"Action,Drama,Thriller",6.8,25811.0
tt21308888,Paradise,2023,117,"Action,Sci-Fi,Thriller",6.3,25826.0
tt29383379,Marco,2024,145,"Action,Crime,Thriller",6.5,25912.0
tt13139228,My Policeman,2022,113,"Drama,Romance",6.6,25929.0
tt26445483,Fukrey 3,2023,147,"Comedy,Crime,Drama",5.5,25997.0
tt28814949,Taylor Swift: The Eras Tour,2023,169,"Documentary,Music,Musical",8.0,26031.0
tt21059520,Girl in the Picture,2022,101,"Crime,Documentary,Mystery",7.3,26047.0
tt15006566,The Beasts,2022,137,"Drama,Thriller",7.5,26048.0
tt23770030,Memoir of a Snail,2024,94,"Animation,Drama",7.8,26069.0
tt15302222,Bholaa,2023,144,"Action,Crime,Drama",5.8,26105.0
tt11703050,The House,2022,97,"Animation,Comedy,Drama",6.8,26134.0
tt35064672,Cocktail 2,2026,150,"Comedy,Drama,Romance",7.6,26206.0
tt32058735,Bhool Chuk Maaf,2025,140,"Comedy,Fantasy,Romance",5.8,26215.0
tt8983228,Jhund,2022,176,"Biography,Drama,Sport",7.4,26239.0
tt27487934,The Greatest of All Time,2024,183,"Action,Thriller",5.7,26337.0
tt26671996,Locked,2025,95,Thriller,5.7,26403.0
tt27012110,Gaslight,2023,111,"Crime,Horror,Mystery",5.8,26450.0
tt31522415,Sikandar Ka Muqaddar,2024,142,"Action,Crime,Drama",6.0,26452.0
tt23476986,G20,2025,108,"Action,Thriller",5.1,26547.0
tt21940010,A Million Miles Away,2023,121,"Biography,Drama",7.3,26570.0
tt35222590,Exit 8,2025,95,"Action,Adventure,Horror",6.5,26643.0
tt31433402,Fear Street: Prom Queen,2025,90,"Horror,Mystery,Thriller",5.1,26650.0
tt15464188,Ikkis,2026,144,"Action,Biography,Drama",6.1,26745.0
tt25433734,Hi Nanna,2023,155,"Drama,Family,Romance",8.3,26782.0
tt16183464,One Piece Film: Red,2022,115,"Action,Adventure,Animation",6.7,26880.0
tt31022050,Our Little Secret,2024,101,"Comedy,Romance",5.7,26973.0
tt32730754,Chasing the Wind,2025,96,"Drama,Romance",5.9,27099.0
tt12672536,The Three Musketeers - Part I: D'Artagnan,2023,121,"Action,Adventure,History",6.7,27173.0
tt23060698,Clown in a Cornfield,2025,96,"Horror,Mystery,Thriller",5.6,27183.0
tt10192406,Causeway,2022,94,Drama,6.6,27225.0
tt21626774,Sector 36,2024,123,"Crime,Drama,Thriller",7.1,27225.0
tt12193804,Whitney Houston: I Wanna Dance with Somebody,2022,144,"Biography,Drama,Music",6.6,27238.0
tt20225374,Vesper,2022,114,"Adventure,Drama,Sci-Fi",6.0,27288.0
tt12718300,"Confess, Fletch",2022,98,"Comedy,Crime,Mystery",6.4,27343.0
tt13028258,A Thursday,2022,128,"Drama,Thriller",7.6,27348.0
tt14298328,Look Both Ways,2022,110,"Comedy,Drama,Fantasy",6.3,27391.0
tt11703244,The Blackening,2022,97,"Comedy,Horror,Mystery",6.0,27429.0
tt8542964,Sleeping Dogs,2024,110,"Crime,Mystery,Thriller",6.2,27440.0
tt14402146,Empire of Light,2022,115,"Drama,Romance",6.7,27466.0
tt6462958,I Want You Back,2022,116,"Comedy,Romance",6.5,27474.0
tt27613895,GOAT,2026,100,"Adventure,Animation,Comedy",6.7,27482.0
tt13131350,Vikram Vedha,2022,160,"Action,Crime,Drama",7.1,27486.0
tt24517830,Bad Newz,2024,142,"Comedy,Romance",4.7,27657.0
tt15654262,Chup,2022,135,"Drama,Horror,Mystery",7.4,27689.0
tt27681354,In the Grey,2026,98,"Action,Drama,Thriller",6.3,27727.0
tt8310486,Miller's Girl,2024,93,"Comedy,Drama,Thriller",5.2,27770.0
tt13652286,Fight or Flight,2024,102,"Action,Comedy",6.4,27776.0
tt31806049,Brick,2025,99,"Drama,Mystery,Sci-Fi",5.5,27914.0
tt31923069,Springsteen: Deliver Me from Nowhere,2025,119,"Biography,Drama,Music",6.6,27960.0
tt5306972,Kannappa,2025,183,"Action,Drama,Fantasy",4.6,27969.0
tt14369780,Lady Chatterley's Lover,2022,126,"Drama,Romance",6.6,28115.0
tt35146696,Tu Meri Main Tera Main Tera Tu Meri,2025,145,"Adventure,Comedy,Romance",4.0,28247.0
tt11873440,Heropanti 2,2022,145,"Action,Comedy,Crime",2.2,28250.0
tt29439114,The Room Next Door,2024,107,Drama,6.8,28263.0
tt30645201,Honey Don't!,2025,89,"Comedy,Crime,Mystery",5.3,28319.0
tt21276878,You Are So Not Invited to My Bat Mitzvah,2023,103,Comedy,5.9,28357.0
tt18392014,Play Dirty,2025,125,"Action,Crime,Drama",5.9,28368.0
tt15799866,Silent Night,2023,104,"Action,Crime,Drama",5.3,28389.0
tt22939186,Arcadian,2024,92,"Action,Drama,Horror",5.5,28453.0
tt5779228,The Garfield Movie,2024,101,"Adventure,Animation,Comedy",5.7,28502.0
tt27056012,Khel Khel Mein,2024,135,"Comedy,Drama",6.5,28546.0
tt18272208,Here,2024,104,Drama,6.3,28596.0
tt12996154,365 Days: This Day,2022,111,"Drama,Romance",2.7,28620.0
tt30970235,Article 370,2024,158,"Action,Drama,Thriller",7.8,28626.0
tt6906292,Retribution,2023,91,"Action,Mystery,Thriller",5.4,28788.0
tt30343021,Song Sung Blue,2025,132,"Biography,Drama,History",7.3,28848.0
tt6708668,Black Crab,2022,114,"Action,Adventure,Drama",5.7,28897.0
tt19356262,Drive-Away Dolls,2024,84,"Action,Comedy,Thriller",5.4,28936.0
tt27995594,Munjya,2024,123,"Comedy,Horror",6.3,28941.0
tt14060094,Blacklight,2022,104,"Action,Drama,Thriller",4.9,29001.0
tt15033192,Windfall,2022,92,"Crime,Drama,Thriller",5.7,29004.0
tt14209618,Game Changer,2025,165,"Action,Drama,Thriller",5.1,29059.0
tt34378301,Tom Clancy's Jack Ryan: Ghost War,2026,105,"Action,Drama,Thriller",5.7,29156.0
tt28812582,Aankhon ki Gustaakhiyan,2025,140,Romance,5.6,29189.0
tt11514780,Choose or Die,2022,84,"Drama,Horror,Thriller",4.8,29219.0
tt14099334,Bhediya,2022,156,"Comedy,Horror,Thriller",6.7,29219.0
tt21818782,Tehran,2025,115,"Action,Thriller",5.8,29238.0
tt15109082,The Quiet Girl,2022,95,Drama,7.7,29273.0
tt14153080,A Good Person,2023,128,Drama,7.1,29326.0
tt23778968,Thelma,2024,98,"Action,Comedy",6.9,29360.0
tt8337264,Chicken Run: Dawn of the Nugget,2023,98,"Adventure,Animation,Comedy",6.3,29395.0
tt14400246,Bird Box: Barcelona,2023,112,"Horror,Mystery,Sci-Fi",5.3,29483.0
tt27564844,Iron Lung,2026,125,"Horror,Sci-Fi",5.8,29520.0
tt11497716,The Legend,2022,161,"Action,Drama,Romance",4.5,29536.0
tt12015102,Vikrant Rona,2022,148,"Action,Drama,Mystery",6.9,29618.0
tt34682248,Vini Jr.,2025,106,"Biography,Documentary,Sport",4.0,29633.0
tt15744298,Freelance,2023,108,"Action,Adventure,Comedy",5.6,29704.0
tt31425731,Playdate,2025,93,"Action,Comedy",5.5,29723.0
tt13229894,God's Crooked Lines,2022,154,"Drama,Mystery,Thriller",7.1,29783.0
tt14174940,Interceptor,2022,99,"Action,Adventure,Drama",4.7,29895.0
tt27802490,Exhuma,2024,134,"Horror,Mystery",6.9,29923.0
tt1596342,Disenchanted,2022,119,"Adventure,Animation,Comedy",5.6,29946.0
tt6722400,Fast Charlie,2023,90,"Action,Crime,Drama",6.0,29948.0
tt28479262,Sing Sing,2023,107,Drama,7.6,30086.0
tt27852049,Deva,2025,156,"Action,Crime,Drama",6.6,30135.0
tt30017619,The Bad Guys 2,2025,104,"Action,Adventure,Animation",7.0,30195.0
tt22050754,The Strangers: Chapter 1,2024,91,Horror,4.7,30327.0
tt34611082,Ladies First,2026,90,Comedy,5.8,30366.0
tt1856080,The Boys in the Boat,2023,123,"Biography,Drama,History",7.0,30488.0
tt4978342,My Oxford Year,2025,112,"Comedy,Drama,Romance",5.9,30501.0
tt5635026,Peter Pan & Wendy,2023,106,"Adventure,Family,Fantasy",4.4,30543.0
tt15433956,Hanu Man,2024,158,"Action,Adventure,Fantasy",7.7,30561.0
tt24176060,Queer,2024,137,"Biography,Drama,History",6.3,30569.0
tt13610562,The Bubble,2022,126,Comedy,4.7,30585.0
tt15392282,Merry Christmas,2024,144,"Drama,Mystery,Thriller",6.9,30646.0
tt8672856,Tu Jhoothi Main Makkaar,2023,150,"Comedy,Romance",6.0,30709.0
tt24068064,Reality,2023,83,"Biography,Drama",6.7,30759.0
tt28218009,Surongo,2023,150,"Crime,Drama,Mystery",6.9,30791.0
tt18968540,Incantation,2022,110,"Horror,Mystery",6.3,30792.0
tt15163652,Thunivu,2023,146,"Action,Crime,Thriller",6.1,30798.0
tt11897478,The Stranger,2022,117,"Crime,Drama,Thriller",6.6,30866.0
tt21227864,You're Cordially Invited,2025,109,"Comedy,Romance",5.5,30869.0
tt20115766,Knox Goes Away,2023,114,"Crime,Thriller",7.0,30883.0
tt26612950,The Teachers' Lounge,2023,98,"Drama,Thriller",7.4,31013.0
tt35309713,Citizen Vigilante,2026,89,"Action,Crime,Thriller",6.0,31040.0
tt32362890,Thrash,2026,86,"Horror,Thriller",5.0,31137.0
tt24485052,Sirf Ek Bandaa Kaafi Hai,2023,132,"Crime,Drama,Thriller",8.0,31203.0
tt15268244,Joy Ride,2023,95,Comedy,6.4,31265.0
tt23558280,Elevation,2024,91,"Action,Horror,Mystery",5.7,31473.0
tt30321146,In a Violent Nature,2024,94,"Drama,Horror,Thriller",5.5,31515.0
tt15782690,In the Land of Saints and Sinners,2023,106,"Action,Crime,Drama",6.4,31529.0
tt10767052,Next Goal Wins,2023,104,"Comedy,Drama,Sport",6.5,31586.0
tt21261712,Back to Black,2024,122,"Biography,Drama,Music",6.3,31614.0
tt12530246,Emancipation,2022,132,"Action,Thriller",6.3,31637.0
tt14376344,Cha Cha Real Smooth,2022,107,"Comedy,Drama",7.3,31638.0
tt11460992,Runway 34,2022,145,"Drama,Thriller",7.0,31709.0
tt32550101,Straw,2025,105,"Drama,Thriller",6.5,31732.0
tt12834962,Raksha Bandhan,2022,108,"Comedy,Drama,Family",5.5,31767.0
tt15434074,Kho Gaye Hum Kahan,2023,135,"Comedy,Drama,Romance",7.3,31794.0
tt14914988,Satyaprem Ki Katha,2023,146,"Comedy,Drama,Musical",6.6,31838.0
tt33028778,Primate,2025,92,Horror,5.8,31912.0
tt13873302,Against the Ice,2022,102,"Adventure,Drama,History",6.5,32019.0
tt28142095,Tere Ishk Mein,2025,167,"Action,Drama,Musical",6.1,32126.0
tt20214908,Another Simple Favor,2025,120,"Comedy,Crime,Mystery",5.3,32212.0
tt3706352,All the Old Knives,2022,101,"Mystery,Thriller",6.2,32219.0
tt13130948,Shehzada,2023,142,"Action,Comedy,Drama",4.4,32227.0
tt18550140,Holy Spider,2022,118,"Crime,Drama,Thriller",7.3,32253.0
tt32093575,Scary Movie,2026,96,"Comedy,Horror",5.2,32290.0
tt33175825,Attack on Titan: The Last Attack,2024,145,"Action,Adventure,Animation",9.0,32359.0
tt24458622,The Six Triple Eight,2024,127,"Drama,History,War",6.7,32405.0
tt34962891,The Perfect Neighbor,2025,96,"Crime,Documentary,Drama",7.1,32520.0
tt9682428,Night Swim,2024,98,"Horror,Mystery,Thriller",4.7,32577.0
tt21188080,Lisa Frankenstein,2024,101,"Comedy,Horror,Romance",6.1,32796.0
tt7693316,Devotion,2022,139,"Action,Adventure,Biography",6.6,32957.0
tt18939362,Nikita Roy,2025,114,"Horror,Mystery",5.4,32990.0
tt26660021,Aavesham,2024,155,"Action,Comedy",7.8,33460.0
tt8960382,Radhe Shyam,2022,138,Romance,5.2,33519.0
tt3447590,Matilda: The Musical,2022,117,"Comedy,Drama,Family",7.0,33532.0
tt14227048,Family Switch,2023,106,"Comedy,Family,Fantasy",5.7,33630.0
tt15600222,An Action Hero,2022,130,"Action,Comedy,Crime",7.0,33749.0
tt21830902,Upgraded,2024,104,"Comedy,Romance",6.1,33902.0
tt14715170,Falling for Christmas,2022,93,"Comedy,Romance",5.3,33983.0
tt27235410,Sitaare Zameen Par,2025,155,"Comedy,Drama,Sport",6.9,34061.0
tt13186306,War of the Worlds,2025,91,"Action,Adventure,Sci-Fi",2.5,34079.0
tt27425164,War 2,2025,170,"Action,Adventure,Thriller",5.1,34211.0
tt26458038,Manjummel Boys,2024,135,"Adventure,Drama,Thriller",8.2,34285.0
tt9851854,Major,2022,150,"Action,Biography,Drama",8.1,34421.0
tt30851137,The Bride!,2026,126,"Drama,Horror,Romance",5.6,34591.0
tt4357198,How to Make a Killing,2026,105,"Comedy,Drama,Thriller",6.5,34617.0
tt31194612,Highest 2 Lowest,2025,133,"Crime,Drama,Mystery",5.5,34795.0
tt32063050,Bridget Jones: Mad About the Boy,2025,124,"Comedy,Drama,Romance",6.5,34875.0
tt35521922,Good Boy,2025,72,"Horror,Thriller",6.1,35069.0
tt32298285,Sirat,2025,114,"Action,Adventure,Drama",7.0,35096.0
tt10375624,Voicemails for Isabelle,2026,118,"Comedy,Drama,Romance",7.3,35146.0
tt26940324,Jackpot!,2024,106,"Action,Comedy",5.8,35158.0
tt28459771,Oficina do Diabo,2025,124,Drama,7.9,35356.0
tt5112584,Lee,2023,117,"Biography,Drama,History",6.9,35381.0
tt12349832,Cuckoo,2024,102,"Horror,Mystery,Thriller",5.6,35384.0
tt10323676,The Contractor,2022,103,"Action,Drama,Thriller",5.8,35694.0
tt8323668,Jerry & Marge Go Large,2022,96,"Biography,Comedy,Drama",6.9,35790.0
tt5822536,Paddington in Peru,2024,106,"Adventure,Comedy,Family",6.6,35947.0
tt7214954,Luck,2022,105,"Adventure,Animation,Comedy",6.5,35953.0
tt13320662,Slumberland,2022,117,"Adventure,Comedy,Drama",6.7,36199.0
tt6455162,Bhool Bhulaiyaa 2,2022,143,"Comedy,Horror",5.7,36364.0
tt10242388,Last Seen Alive,2022,95,"Action,Crime,Drama",5.7,36376.0
tt14439896,Father Stu,2022,124,"Biography,Drama,Sport",6.5,36470.0
tt15301048,"Argentina, 1985",2022,140,"Biography,Crime,Drama",7.6,36551.0
tt15334030,Martin,2024,147,"Action,Drama,Thriller",2.1,36606.0
tt28089700,Raid 2,2025,145,"Crime,Drama,Thriller",6.6,36607.0
tt27470893,Chandu Champion,2024,142,"Action,Biography,Drama",7.8,36631.0
tt14817272,The Weekend Away,2022,89,"Crime,Drama,Mystery",5.7,36642.0
tt15145764,Freddy,2022,124,"Drama,Mystery,Romance",7.3,36754.0
tt31844586,Sisu: Road to Revenge,2025,89,"Action,Thriller,War",6.8,36764.0
tt15339570,Champions,2023,124,"Comedy,Drama,Sport",6.8,36792.0
tt21027780,Fallen Leaves,2023,81,"Comedy,Drama,Romance",7.2,36921.0
tt32308617,Savi,2024,126,"Action,Crime,Drama",5.8,36978.0
tt24871974,Subservience,2024,106,"Sci-Fi,Thriller",5.4,37026.0
tt32299316,Dangerous Animals,2025,98,"Horror,Thriller",6.4,37088.0
tt14914430,Unfrosted,2024,97,"Biography,Comedy,History",5.5,37156.0
tt36491653,It Was Just an Accident,2025,103,"Crime,Drama,Mystery",7.4,37157.0
tt7798604,We Have a Ghost,2023,126,"Adventure,Comedy,Family",6.1,37162.0
tt12141112,Metal Lords,2022,97,"Comedy,Music",6.7,37162.0
tt28082769,September 5,2024,95,"Drama,History,Thriller",7.1,37244.0
tt10699086,Bachchhan Paandey,2022,147,"Action,Comedy,Crime",5.0,37360.0
tt19623240,Winnie-the-Pooh: Blood and Honey,2023,84,Horror,2.9,37461.0
tt10268488,The Greatest Beer Run Ever,2022,126,"Adventure,Comedy,Drama",6.8,37559.0
tt13186604,Uglies,2024,100,"Action,Adventure,Drama",4.7,37582.0
tt5151570,Mrs. Harris Goes to Paris,2022,115,"Comedy,Drama",7.1,37655.0
tt15153532,Strays,2023,93,"Adventure,Comedy",6.3,38137.0
tt14403504,Last Breath,2025,93,"Drama,Thriller",6.6,38279.0
tt32357218,Shelter,2026,107,"Action,Thriller",6.1,38331.0
tt29429860,Son of Sardaar 2,2025,145,Comedy,4.0,38611.0
tt18382850,If I Had Legs I'd Kick You,2025,113,"Drama,Thriller",6.6,38640.0
tt10701074,Ponniyin Selvan: Part I,2022,167,"Action,Drama",7.5,38649.0
tt9185206,"Are You There God? It's Me, Margaret.",2023,106,"Comedy,Drama,Family",7.3,38774.0
tt32558992,Heart Eyes,2025,97,"Comedy,Horror,Mystery",6.0,38874.0
tt27196021,Small Things Like These,2024,98,Drama,6.7,38881.0
tt21097228,A Different Man,2024,112,"Drama,Thriller",6.9,38939.0
tt11703710,Downton Abbey: A New Era,2022,124,"Drama,Romance",7.4,39025.0
tt11539996,Relay,2024,112,"Action,Drama,Thriller",7.0,39044.0
tt5315210,Lou,2022,107,"Action,Adventure,Crime",6.1,39093.0
tt12573454,Sharper,2023,116,"Crime,Drama,Thriller",6.7,39355.0
tt11301946,Beast,2022,155,"Action,Comedy,Crime",5.2,39477.0
tt7550014,No Exit,2022,95,"Drama,Mystery,Thriller",6.2,39499.0
tt27657135,Saturday Night,2024,109,"Biography,Comedy,Drama",6.8,39585.0
tt8521778,Bob Marley: One Love,2024,107,"Biography,Drama,Music",6.2,39656.0
tt21383812,Crew,2024,118,"Comedy,Drama",5.8,39677.0
tt9731598,Bros,2022,115,"Comedy,Romance",6.3,39735.0
tt15083184,I Came By,2022,110,Thriller,6.2,39800.0
tt10720352,Arthur the King,2024,107,"Adventure,Drama,Sport",7.0,39849.0
tt14537248,Nefarious,2023,97,"Drama,Horror,Thriller",6.4,39857.0
tt9051908,Living,2022,102,Drama,7.2,40066.0
tt31956415,Freakier Friday,2025,110,"Comedy,Family,Fantasy",6.2,40090.0
tt13964390,Under Paris,2024,104,"Action,Horror,Sci-Fi",5.2,40125.0
tt14088510,Tarot,2024,92,Horror,4.8,40194.0
tt21051906,A Family Affair,2024,111,"Comedy,Drama,Romance",5.4,40277.0
tt29808429,Color of Victory,2024,157,"Drama,History,Sport",6.1,40514.0
tt13456318,Persuasion,2022,108,"Comedy,Drama,Romance",5.8,40709.0
tt8745676,The Swimmers,2022,134,"Biography,Drama,Sport",7.4,40713.0
tt12873562,The Invitation,2022,105,"Horror,Thriller",5.3,40805.0
tt13097932,One Life,2023,109,"Biography,Drama,History",7.5,40810.0
tt18072316,Bade Miyan Chote Miyan,2024,163,"Action,Adventure,Sci-Fi",3.7,40823.0
tt13923084,Boy Kills World,2023,111,"Action,Adventure,Comedy",6.4,40912.0
tt31434030,Dracula,2025,129,"Fantasy,Horror,Romance",6.2,40940.0
tt14824600,The Lord of the Rings: The War of the Rohirrim,2024,134,"Action,Adventure,Animation",6.3,40998.0
tt30446847,Jay Kelly,2025,132,"Comedy,Drama",6.5,41091.0
tt30505698,Friendship,2024,100,Comedy,6.6,41119.0
tt20561198,The Promised Land,2023,127,"Action,Drama,History",7.7,41241.0
tt26659814,Auron Mein Kahan Dum Tha,2024,150,"Action,Crime,Drama",6.2,41264.0
tt33100314,Remarkably Bright Creatures,2026,111,"Comedy,Drama",7.7,41290.0
tt26936666,Vettaiyan,2024,163,"Action,Crime,Drama",6.8,41292.0
tt11998558,Varisu,2023,169,"Action,Comedy,Drama",5.9,41425.0
tt27996020,Jolly LLB 3,2025,157,"Comedy,Drama",6.4,41470.0
tt11762114,Mean Girls,2024,112,"Comedy,Musical",5.5,41621.0
tt2560078,Boston Strangler,2023,112,"Crime,Drama,History",6.5,41645.0
tt2172954,The Life List,2025,123,"Comedy,Drama,Romance",6.8,41675.0
tt11976532,Vengeance,2022,107,"Comedy,Music,Mystery",6.8,41938.0
tt10245072,Salem's Lot,2024,114,"Horror,Thriller",5.6,41967.0
tt31728330,They Will Kill You,2026,94,"Action,Comedy,Horror",6.3,42011.0
tt11274492,The Out-Laws,2023,95,"Action,Comedy,Crime",5.4,42020.0
tt17163970,Wallace & Gromit: Vengeance Most Fowl,2024,82,"Adventure,Animation,Comedy",7.5,42062.0
tt3679040,Kisi Ka Bhai Kisi Ki Jaan,2023,145,"Action,Comedy,Drama",3.9,42067.0
tt1340094,The Crow,2024,111,"Action,Crime,Fantasy",4.7,42115.0
tt14850054,Greenland 2: Migration,2026,98,"Action,Adventure,Sci-Fi",5.2,42356.0
tt2935622,The School for Good and Evil,2022,147,"Action,Comedy,Drama",5.9,42365.0
tt23736044,Monster,2023,127,"Drama,Mystery,Thriller",7.8,42411.0
tt11827628,Memory,2022,114,"Action,Crime,Thriller",5.8,42416.0
tt10128846,Megalopolis,2024,138,"Drama,Fantasy,Sci-Fi",4.7,42549.0
tt27540542,Lucky Baskhar,2024,148,"Crime,Drama,Thriller",8.0,42728.0
tt26745657,Madgaon Express,2024,143,"Comedy,Drama",7.0,42844.0
tt30274401,Five Nights at Freddy's 2,2025,104,"Horror,Mystery,Thriller",5.1,42899.0
tt9686790,Shotgun Wedding,2022,101,"Action,Comedy,Romance",5.5,42999.0
tt5648882,The Burial,2023,126,"Drama,History",7.1,43236.0
tt2183014,Love at First Sight,2023,91,"Drama,Romance",6.8,43375.0
tt13449624,Jug Jugg Jeeyo,2022,148,"Comedy,Drama,Family",6.1,43499.0
tt14128670,Kimi,2022,89,"Crime,Drama,Mystery",6.3,43628.0
tt8356942,The 355,2022,122,"Action,Drama,Thriller",5.6,43879.0
tt15767808,The Last Kingdom: Seven Kings Must Die,2023,117,"Action,Drama,History",6.9,44240.0
tt24169886,The Instigators,2024,101,"Action,Comedy,Crime",6.2,44248.0
tt28249919,Presence,2024,84,"Drama,Horror,Thriller",6.1,44252.0
tt4216984,Wolf Man,2025,103,"Horror,Sci-Fi",5.6,44307.0
tt10393870,Jayeshbhai Jordaar,2022,121,"Comedy,Drama",6.1,44545.0
tt12908110,Mr. Harrigan's Phone,2022,104,"Drama,Horror,Mystery",6.0,44706.0
tt13352968,"Good Luck to You, Leo Grande",2022,97,"Comedy,Drama",7.2,44789.0
tt27922706,Chhaava,2025,161,"Action,Drama,History",7.3,44868.0
tt12823454,Your Place or Mine,2023,109,"Comedy,Romance",5.7,44910.0
tt8008948,Den of Thieves: Pantera,2025,144,"Action,Crime,Drama",6.3,44999.0
tt5302918,Nyad,2023,121,"Biography,Drama,History",7.1,45063.0
tt0427340,Masters of the Universe,2026,140,"Action,Adventure,Fantasy",6.8,45138.0
tt10733228,Gehraiyaan,2022,148,"Drama,Romance",5.6,45229.0
tt20234774,Wicked Little Letters,2023,100,"Biography,Comedy,Crime",7.0,45379.0
tt10078772,Flight Risk,2025,91,"Action,Crime,Drama",5.2,45388.0
tt21909764,My Fault,2023,117,"Drama,Romance",6.1,45549.0
tt13131232,Mission Majnu,2023,129,"Action,Drama,History",6.9,45630.0
tt17505010,Horizon: An American Saga - Chapter 1,2024,181,"Drama,Western",6.6,45694.0
tt14309446,Me Time,2022,101,Comedy,5.1,45893.0
tt35672862,Hokum,2026,107,"Horror,Thriller",6.7,46026.0
tt31121295,Deep Cover,2025,100,"Action,Comedy,Crime",6.7,46136.0
tt11663228,Jailer,2023,168,"Action,Comedy,Crime",7.2,46348.0
tt24807110,Don't Move,2024,92,"Horror,Thriller",5.8,46490.0
tt23149780,Eden,2024,129,"Adventure,Drama,History",6.5,46499.0
tt14260836,Better Man,2024,135,"Biography,Fantasy,Music",7.5,46595.0
tt5755238,Leo,2023,102,"Adventure,Animation,Comedy",7.0,46620.0
tt29344903,The Ugly Stepsister,2025,109,"Comedy,Drama,Horror",7.0,46710.0
tt15574270,I Saw the TV Glow,2024,100,"Drama,Horror,Mystery",5.8,46799.0
tt9362736,Die My Love,2025,118,"Drama,Thriller",6.0,46833.0
tt4900148,Elio,2025,98,"Adventure,Animation,Comedy",6.6,46852.0
tt4593060,Pinocchio,2022,105,"Adventure,Animation,Comedy",5.1,46884.0
tt9100018,Cobweb,2023,88,"Horror,Mystery,Thriller",5.9,46955.0
tt16304446,Fair Play,2023,113,"Drama,Thriller",6.4,47112.0
tt27510174,Stree 2,2024,147,"Comedy,Horror",6.9,47114.0
tt5761544,Kandahar,2023,119,"Action,Adventure,Drama",6.1,47126.0
tt28259207,Kill,2023,105,"Action,Crime,Drama",7.4,47190.0
tt14549466,Crimes of the Future,2022,107,"Drama,Horror,Sci-Fi",5.8,47259.0
tt14961624,The Old Guard 2,2025,107,"Action,Adventure,Fantasy",5.1,47339.0
tt1754700,The Prototype,2022,97,"Action,Sci-Fi,Thriller",2.2,47351.0
tt20256528,What Is a Woman?,2022,95,Documentary,8.1,47496.0
tt29355505,Toy Story 5,2026,102,"Adventure,Animation,Comedy",7.5,47514.0
tt8080204,Hypnotic,2023,93,"Action,Drama,Mystery",5.5,47531.0
tt18394190,Old Dads,2023,104,Comedy,6.2,47651.0
tt15732324,OMG 2,2023,156,"Comedy,Drama",7.5,47729.0
tt18559464,My Old Ass,2024,89,"Comedy,Drama,Fantasy",6.9,47815.0
tt6495056,Migration,2023,83,"Adventure,Animation,Comedy",6.6,47841.0
tt6160448,White Noise,2022,136,"Comedy,Drama,Horror",5.7,47883.0
tt27729779,The Platform 2,2024,99,"Horror,Sci-Fi,Thriller",4.9,47901.0
tt7466810,777 Charlie,2022,164,"Adventure,Comedy,Drama",8.7,48004.0
tt11097384,Spaceman,2024,107,"Adventure,Drama,Romance",5.7,48056.0
tt34365591,Mahavatar Narsimha,2024,130,"Action,Animation,Drama",8.5,48083.0
tt9848626,Hotel Transylvania 4: Transformania,2022,87,"Adventure,Animation,Comedy",6.0,48250.0
tt28309594,Nonnas,2025,111,"Comedy,Drama,Family",6.8,48316.0
tt22740896,People We Meet on Vacation,2026,117,"Comedy,Romance",6.6,48346.0
tt5315212,Senior Year,2022,111,"Comedy,Drama",5.5,48473.0
tt10223460,Marry Me,2022,112,"Comedy,Drama,Music",6.1,48475.0
tt9873892,They Cloned Tyrone,2023,122,"Comedy,Mystery,Sci-Fi",6.7,48484.0
tt9660502,Close,2022,104,Drama,7.8,48547.0
tt13223398,Beast,2022,93,"Action,Adventure,Drama",5.6,48874.0
tt1674782,Karate Kid: Legends,2025,94,"Action,Drama,Family",6.3,49114.0
tt26446278,The Count of Monte Cristo,2024,178,"Action,Adventure,Drama",7.6,49285.0
tt4435072,Liger,2022,140,"Action,Drama,Romance",2.6,49302.0
tt27543578,Good Fortune,2025,97,"Comedy,Fantasy,Romance",6.5,49384.0
tt17076046,Weird: The Al Yankovic Story,2022,108,"Action,Biography,Comedy",6.8,49454.0
tt28102562,Thamma,2025,150,"Comedy,Horror,Thriller",5.8,49495.0
tt8814476,Supergirl,2026,108,"Action,Adventure,Drama",6.1,49649.0
tt15789472,Nowhere,2023,109,"Drama,Thriller",6.3,49704.0
tt4045450,I Know What You Did Last Summer,2025,111,"Horror,Mystery",5.1,49719.0
tt11198810,She Said,2022,129,"Crime,Drama,History",7.3,49836.0
tt9288822,The Wonder,2022,108,"Drama,Mystery,Thriller",6.6,49885.0
tt5525650,The Goat Life,2024,173,"Adventure,Drama",7.1,50421.0
tt1695843,Haunted Mansion,2023,123,"Comedy,Drama,Family",6.0,50462.0
tt11304740,Wish,2023,95,"Adventure,Animation,Comedy",5.5,50877.0
tt12921446,The Exorcist: Believer,2023,111,Horror,4.8,50905.0
tt10298840,Strange World,2022,102,"Action,Adventure,Animation",5.7,50969.0
tt3513500,Chip 'n Dale: Rescue Rangers,2022,97,"Action,Adventure,Animation",6.9,51142.0
tt14993250,Rocky Aur Rani Kii Prem Kahaani,2023,168,"Comedy,Drama,Family",6.5,51160.0
tt33046197,The Wrecking Crew,2026,124,"Action,Comedy,Crime",6.4,51429.0
tt27028399,Murder Mubarak,2024,140,"Comedy,Horror,Mystery",5.8,51543.0
tt27989067,Lust Stories 2,2023,132,"Drama,Romance",5.7,52143.0
tt15501640,Drishyam 2,2022,140,"Crime,Drama,Mystery",8.2,52548.0
tt14577874,It's What's Inside,2024,103,"Comedy,Mystery,Sci-Fi",6.6,52635.0
tt11252248,Dog,2022,101,"Comedy,Drama",6.5,52662.0
tt31514146,I Swear,2025,120,"Biography,Drama",8.4,52991.0
tt14371878,Lift,2024,107,"Action,Comedy,Crime",5.6,53109.0
tt6968614,The Mother,2023,115,"Action,Thriller",5.7,53164.0
tt15979666,The Archies,2023,141,"Comedy,Drama,Musical",4.2,53582.0
tt33996113,Param Sundari,2025,152,Romance,5.0,53749.0
tt31712434,Sikandar,2025,148,"Action,Drama",3.6,53846.0
tt27075958,Fountain of Youth,2025,125,"Action,Adventure,Fantasy",5.7,53956.0
tt9637132,Samrat Prithviraj,2022,135,"Action,Drama,History",5.5,53990.0
tt32612507,Lee Cronin's The Mummy,2026,134,Horror,6.2,54084.0
tt3427252,The Boogeyman,2023,98,"Horror,Mystery,Thriller",5.9,54137.0
tt13818368,Fighter,2024,166,"Action,Drama",6.1,54324.0
tt26342662,M3GAN 2.0,2025,120,"Action,Sci-Fi,Thriller",6.0,54349.0
tt11851548,Orphan: First Kill,2022,99,"Crime,Drama,Horror",5.9,54482.0
tt28443655,Death of a Unicorn,2025,107,"Comedy,Fantasy,Horror",5.8,54626.0
tt21103218,The Lost Bus,2025,130,"Biography,Drama,History",6.8,55077.0
tt11466222,Jackass Forever,2022,96,"Comedy,Documentary",6.8,55640.0
tt22041854,Priscilla,2023,113,"Biography,Drama,Music",6.4,55741.0
tt15257160,Pain Hustlers,2023,123,"Crime,Drama",6.6,55782.0
tt30953759,No Other Land,2024,92,Documentary,8.2,55806.0
tt27459160,Teri Baaton Mein Aisa Uljha Jiya,2024,141,"Comedy,Drama,Romance",6.2,55849.0
tt0887261,Hellraiser,2022,121,"Horror,Mystery,Thriller",5.9,55973.0
tt27744786,Shaitaan,2024,132,"Drama,Horror,Thriller",6.5,56515.0
tt22297828,Chor Nikal Ke Bhaga,2023,110,"Crime,Drama,Thriller",7.2,56551.0
tt3291150,The Expendables 4,2023,103,"Action,Adventure,Thriller",4.8,56568.0
tt18411490,Tiger 3,2023,155,"Action,Adventure,Thriller",5.6,56736.0
tt33978029,Ready or Not 2: Here I Come,2026,108,"Comedy,Horror,Thriller",6.5,57049.0
tt10275534,To Catch a Killer,2023,119,"Action,Crime,Drama",6.6,57436.0
tt13327038,Do Revenge,2022,118,"Comedy,Drama,Romance",6.3,57521.0
tt32149847,Drop,2025,95,"Drama,Mystery,Thriller",6.1,57749.0
tt15552142,Caddo Lake,2024,103,"Drama,Mystery,Sci-Fi",6.8,57767.0
tt8426926,Shamshera,2022,178,"Action,Adventure,Drama",4.7,57773.0
tt26439764,Kantara: A Legend - Chapter 1,2025,165,"Action,Adventure,Drama",8.1,57798.0
tt17527468,Bottoms,2023,91,Comedy,6.7,58715.0
tt12610390,The Union,2024,107,"Action,Comedy,Thriller",5.5,58745.0
tt4978420,Borderlands,2024,101,"Action,Adventure,Comedy",4.7,59047.0
tt27847051,The Secret Agent,2025,161,"Crime,Drama,Mystery",7.2,59089.0
tt11116912,Troll,2022,101,"Action,Adventure,Drama",5.8,59380.0
tt31973693,The Roses,2025,105,Comedy,6.6,59392.0
tt28037987,Saiyaara,2025,150,"Drama,Musical,Romance",6.3,59518.0
tt11909878,Hocus Pocus 2,2022,103,"Comedy,Family,Fantasy",6.0,59527.0
tt1896747,Fly Me to the Moon,2024,132,"Comedy,Drama,Romance",6.6,59534.0
tt19864802,Land of Bad,2024,113,"Action,Thriller",6.6,59673.0
tt10999120,Spirited,2022,127,"Comedy,Family,Fantasy",6.6,59858.0
tt14856980,Atlas,2024,118,"Action,Adventure,Drama",5.7,60306.0
tt4595186,Luckiest Girl Alive,2022,113,"Drama,Mystery,Thriller",6.4,60510.0
tt17490712,Mortal Kombat II,2026,116,"Action,Adventure,Fantasy",6.4,60891.0
tt26470109,Oddity,2024,98,"Horror,Mystery,Thriller",6.7,60907.0
tt21626284,Lost Ladies,2023,122,"Comedy,Drama",8.3,61038.0
tt27047903,Scream 7,2026,114,"Horror,Mystery,Thriller",5.5,61071.0
tt14142060,Rental Family,2025,109,"Comedy,Drama",7.6,61089.0
tt5500218,Samaritan,2022,102,"Action,Drama,Fantasy",5.7,61775.0
tt23137390,Immaculate,2024,89,"Horror,Thriller",5.8,61805.0
tt36463894,Predator: Killer of Killers,2025,85,"Action,Adventure,Animation",7.4,61929.0
tt12004038,Watcher,2022,96,"Drama,Horror,Mystery",6.3,62001.0
tt30472557,Chainsaw Man - The Movie: Reze Arc,2025,100,"Action,Adventure,Animation",8.3,62221.0
tt1341338,"Good Luck, Have Fun, Don't Die",2025,134,"Action,Adventure,Comedy",7.0,62306.0
tt9263550,Rocketry: The Nambi Effect,2022,157,"Biography,Drama",8.6,62328.0
tt31176520,Eddington,2025,148,"Comedy,Drama,Western",6.6,62471.0
tt14107554,Dasvi,2022,125,"Comedy,Drama",7.3,62715.0
tt16300962,When Evil Lurks,2023,99,Horror,6.9,62721.0
tt19500164,Nimona,2023,101,"Action,Adventure,Animation",7.5,62758.0
tt1660648,Ricky Stanicky,2024,113,Comedy,6.2,62783.0
tt24950660,Eternity,2025,114,"Comedy,Drama,Fantasy",6.9,63292.0
tt26625693,The Order,2024,116,"Crime,Drama,Thriller",6.8,63411.0
tt13957560,Dumb Money,2023,105,"Biography,Comedy,Drama",6.8,63550.0
tt28650488,The Super Mario Galaxy Movie,2026,98,"Adventure,Animation,Comedy",6.3,63927.0
tt27911000,Terrifier 3,2024,125,Horror,6.2,63941.0
tt23137904,Rebel Moon - Part Two: The Scargiver,2024,122,"Action,Adventure,Drama",5.3,64348.0
tt16428256,Suzume,2022,122,"Adventure,Animation,Drama",7.6,64403.0
tt13405778,Insidious: The Red Door,2023,107,"Horror,Mystery,Thriller",5.5,64538.0
tt19637052,Love Lies Bleeding,2024,104,"Crime,Drama,Mystery",6.6,64806.0
tt14253846,Speak No Evil,2022,97,"Drama,Horror,Mystery",6.7,64839.0
tt24082438,20 Days in Mariupol,2023,97,"Documentary,War",8.6,65183.0
tt13664684,Karthikeya 2,2022,150,"Action,Adventure,Fantasy",7.8,65207.0
tt16431870,The Family Plan,2023,118,"Action,Comedy",6.3,65234.0
tt9288046,The Sea Beast,2022,115,"Action,Adventure,Animation",7.0,65903.0
tt29644189,Black Phone 2,2025,114,Horror,6.0,66337.0
tt10172266,"Red, White & Royal Blue",2023,118,"Comedy,Romance",7.0,66400.0
tt39139925,Dhurandhar: The Revenge,2026,235,"Action,Crime,Thriller",8.2,66649.0
tt8864596,Transformers One,2024,104,"Action,Adventure,Animation",7.6,67196.0
tt11671006,The Man from Toronto,2022,110,"Action,Adventure,Comedy",5.9,67345.0
tt10083340,Gangubai Kathiawadi,2022,152,"Biography,Crime,Drama",7.8,67551.0
tt21191806,Back in Action,2025,114,"Action,Adventure,Comedy",5.9,67595.0
tt16539454,Pushpa: The Rule - Part 2,2024,201,"Action,Crime,Drama",6.0,67604.0
tt14826022,You People,2023,117,"Comedy,Romance",5.5,67646.0
tt15255876,Emily the Criminal,2022,97,"Crime,Drama,Thriller",6.7,67678.0
tt11152168,IF,2024,104,"Animation,Comedy,Drama",6.4,67881.0
tt32565993,The Sheep Detectives,2026,109,"Comedy,Family,Mystery",7.4,68058.0
tt33244668,Anaconda,2025,99,"Action,Adventure,Comedy",5.5,68298.0
tt3758542,Ferrari,2023,130,"Biography,Drama,History",6.4,68400.0
tt13603966,Heart of Stone,2023,122,"Action,Crime,Thriller",5.7,68790.0
tt1527793,No Other Choice,2025,139,"Comedy,Crime,Drama",7.5,68955.0
tt35291758,Melania,2026,104,Documentary,1.6,69149.0
tt30955489,Until Dawn,2025,103,"Drama,Horror,Mystery",5.7,69273.0
tt17041964,Navalny,2022,99,"Biography,Documentary",7.8,69370.0
tt27719898,Kaiva,2023,138,"Action,Drama,Romance",7.6,69651.0
tt11426232,Totally Killer,2023,106,"Comedy,Horror,Mystery",6.5,69740.0
tt5535276,Maestro,2023,129,"Biography,Drama,History",6.5,69785.0
tt19847976,Wicked: For Good,2025,137,"Drama,Family,Fantasy",6.6,70253.0
tt12477480,Decision to Leave,2022,139,"Crime,Drama,Mystery",7.3,70284.0
tt14123284,Havoc,2025,107,"Action,Crime,Drama",5.6,70286.0
tt13357520,Heads of State,2025,116,"Action,Adventure,Comedy",6.4,70423.0
tt22375054,Strange Darling,2023,97,"Horror,Thriller",7.0,70590.0
tt28075881,Do Patti,2024,126,"Crime,Drama,Mystery",6.3,70714.0
tt1001520,The Last Voyage of the Demeter,2023,118,"Fantasy,Horror,Thriller",6.1,70778.0
tt11755740,Texas Chainsaw Massacre,2022,81,"Crime,Drama,Horror",4.7,70885.0
tt30840798,The Phoenician Scheme,2025,101,"Action,Comedy,Crime",6.6,71145.0
tt21867434,BlackBerry,2023,120,"Biography,Comedy,Drama",7.3,71240.0
tt30825738,Star Wars: The Mandalorian and Grogu,2026,132,"Action,Adventure,Family",6.9,71250.0
tt26736843,The Watchers,2024,102,"Fantasy,Horror,Mystery",5.7,71706.0
tt5672290,The First Omen,2024,119,Horror,6.5,72025.0
tt33612209,The Devil Wears Prada 2,2026,119,"Comedy,Drama",6.5,72111.0
tt10855768,Missing,2023,111,"Drama,Mystery,Thriller",7.1,72402.0
tt2180339,Deep Water,2022,115,"Crime,Drama,Mystery",5.5,72459.0
tt4712810,Now You See Me: Now You Don't,2025,113,"Crime,Thriller",5.9,72763.0
tt7130300,The Woman in Cabin 10,2025,92,"Drama,Mystery,Thriller",5.8,72853.0
tt4614584,Purple Hearts,2022,122,"Drama,Music,Romance",6.7,72903.0
tt3155298,Luther: The Fallen Sun,2023,129,"Action,Crime,Drama",6.4,72920.0
tt22408160,Kinds of Kindness,2024,164,"Comedy,Drama,Horror",6.4,73000.0
tt9198364,Three Thousand Years of Longing,2022,108,"Drama,Fantasy,Romance",6.7,73150.0
tt26443616,Hoppers,2026,104,"Adventure,Animation,Comedy",7.2,73343.0
tt13651794,May December,2023,117,"Comedy,Drama",6.7,73449.0
tt27131358,We Live in Time,2024,108,"Drama,Romance",7.0,73536.0
tt9783600,Spiderhead,2022,106,"Action,Crime,Drama",5.5,73772.0
tt13640696,See How They Run,2022,98,"Comedy,Crime,Mystery",6.5,74219.0
tt15654328,Leo,2023,164,"Action,Crime,Drama",7.2,74367.0
tt10365998,Infinity Pool,2023,117,"Crime,Horror,Mystery",6.0,74403.0
tt8368368,The Apprentice,2024,122,"Biography,Drama,History",7.1,74444.0
tt31050594,Mercy,2026,99,"Action,Crime,Drama",6.2,74540.0
tt10168670,Bones and All,2022,131,"Drama,Horror,Romance",6.8,74598.0
tt12908150,The Life of Chuck,2024,111,"Drama,Fantasy,Sci-Fi",7.3,75108.0
tt11214558,The Smashing Machine,2025,123,"Action,Biography,Drama",6.3,75305.0
tt32820897,Demon Slayer: Kimetsu No Yaiba Infinity Castle,2025,155,"Action,Adventure,Animation",8.4,75343.0
tt7737800,Woman of the Hour,2023,95,"Crime,Drama,Mystery",6.6,75675.0
tt11976134,Singham Again,2024,144,"Action,Crime,Drama",4.3,76348.0
tt12735488,Kalki 2898 AD,2024,180,"Action,Adventure,Sci-Fi",7.0,76840.0
tt14992922,The Tinder Swindler,2022,114,"Crime,Documentary",7.1,78000.0
tt8589698,Teenage Mutant Ninja Turtles: Mutant Mayhem,2023,99,"Action,Adventure,Animation",7.2,78576.0
tt21454134,The Bikeriders,2023,116,"Crime,Drama",6.6,78611.0
tt1655389,Blonde,2022,167,"Biography,Drama,History",5.4,78874.0
tt26932223,Bhool Bhulaiyaa 3,2024,158,"Comedy,Fantasy,Horror",4.6,79163.0
tt13927994,Salaar,2023,175,"Action,Crime,Drama",6.7,79231.0
tt9150192,A Working Man,2025,116,"Action,Thriller",5.7,79287.0
tt13521006,Beau Is Afraid,2023,179,"Comedy,Drama,Horror",6.6,79426.0
tt13841850,Men,2022,100,"Drama,Fantasy,Horror",6.0,79958.0
tt12262116,Thirteen Lives,2022,147,"Biography,Drama,Thriller",7.8,79980.0
tt21192142,All of Us Strangers,2023,105,"Drama,Romance",7.6,80061.0
tt8912936,DC League of Super-Pets,2022,105,"Action,Adventure,Animation",6.8,80385.0
tt24268454,The Kerala Story,2023,138,Drama,6.7,80425.0
tt14509110,No One Will Save You,2023,93,"Horror,Mystery,Sci-Fi",6.2,80428.0
tt15326988,Ghosted,2023,117,"Action,Adventure,Comedy",5.8,81340.0
tt8115900,The Bad Guys,2022,100,"Adventure,Animation,Comedy",6.9,81393.0
tt1448754,Thanksgiving,2023,106,"Horror,Mystery,Thriller",6.2,81466.0
tt4627382,Roofman,2025,126,"Biography,Crime,Drama",6.9,81480.0
tt15047880,Disclosure Day,2026,145,"Action,Drama,Mystery",6.7,81570.0
tt14109724,Ticket to Paradise,2022,104,"Comedy,Drama,Romance",6.1,81956.0
tt7510222,Despicable Me 4,2024,94,"Adventure,Animation,Comedy",6.2,82147.0
tt18259086,Sonic the Hedgehog 3,2024,110,"Action,Adventure,Comedy",6.9,82614.0
tt30057084,Babygirl,2024,114,"Drama,Romance,Thriller",5.7,82615.0
tt10160976,The Nun II,2023,110,"Horror,Mystery,Thriller",5.6,82698.0
tt6604188,Tron: Ares,2025,119,"Action,Adventure,Sci-Fi",6.1,83164.0
tt10403420,Terrifier 2,2022,138,Horror,6.0,83400.0
tt10665342,Halloween Ends,2022,111,"Horror,Mystery,Romance",5.0,83424.0
tt13186482,Mufasa: The Lion King,2024,118,"Adventure,Animation,Drama",6.6,83485.0
tt8093700,The Woman King,2022,135,"Action,Drama,History",6.9,83537.0
tt26548265,Maharaja,2024,141,"Action,Crime,Drama",8.3,83564.0
tt21692408,Kung Fu Panda 4,2024,94,"Action,Adventure,Animation",6.3,83840.0
tt8790086,Kraven the Hunter,2024,127,"Action,Adventure,Thriller",5.5,83966.0
tt27714581,Sentimental Value,2025,135,"Drama,Family",7.7,84109.0
tt15574124,Peaky Blinders: The Immortal Man,2026,112,"Crime,Drama,History",6.5,84159.0
tt32897959,Wuthering Heights,2026,136,"Drama,Romance",6.1,84211.0
tt31184028,Together,2025,102,"Horror,Romance",6.7,84580.0
tt20850406,Sita Ramam,2022,163,"Action,Drama,Musical",8.5,84611.0
tt15255288,Murder Mystery 2,2023,89,"Action,Adventure,Comedy",5.7,84939.0
tt33071426,The Drama,2026,105,"Comedy,Drama,Romance",7.2,85152.0
tt13669038,Women Talking,2022,104,Drama,6.9,85356.0
tt15428134,Dunki,2023,160,"Action,Adventure,Comedy",6.5,86128.0
tt7766378,The Electric State,2025,128,"Action,Adventure,Comedy",5.9,86230.0
tt32430579,Crime 101,2026,140,"Crime,Drama,Thriller",6.8,86303.0
tt1493274,Caught Stealing,2025,107,"Comedy,Crime,Thriller",6.8,86665.0
tt9466114,The Idea of You,2024,115,"Comedy,Drama,Music",6.3,87077.0
tt14114802,The Outfit,2022,105,"Crime,Drama,Mystery",7.2,87309.0
tt3083016,Beverly Hills Cop: Axel F,2024,118,"Action,Comedy,Crime",6.4,87740.0
tt22048412,MaXXXine,2024,103,"Crime,Horror",6.2,88998.0
tt12001534,The Thursday Murder Club,2025,118,"Comedy,Crime,Mystery",6.5,89929.0
tt9179430,Vikram,2022,175,"Action,Crime,Thriller",8.3,90187.0
tt29603959,Novocaine,2025,110,"Action,Comedy,Crime",6.5,90977.0
tt8110652,Bodies Bodies Bodies,2022,94,"Comedy,Horror,Mystery",6.1,91041.0
tt4273800,The Good Nurse,2022,121,"Biography,Crime,Drama",6.8,91335.0
tt13403046,Fresh,2022,114,"Comedy,Horror,Romance",6.7,93918.0
tt21942866,Dream Scenario,2023,102,"Comedy,Drama,Fantasy",6.8,95442.0
tt27714946,The Monkey,2025,98,Horror,5.9,95499.0
tt30988739,Black Bag,2025,93,"Drama,Mystery,Romance",6.7,95887.0
tt11655566,Lilo & Stitch,2025,108,"Action,Adventure,Comedy",6.7,96641.0
tt16431404,Apex,2026,95,"Action,Thriller",6.1,97158.0
tt28996126,Nobody 2,2025,89,"Action,Comedy,Crime",6.3,98667.0
tt21807222,Saw X,2023,118,"Crime,Drama,Horror",6.6,98963.0
tt0899043,The Amateur,2025,122,"Action,Thriller",6.5,99358.0
tt13314558,Day Shift,2022,113,"Action,Comedy,Fantasy",6.1,99750.0
tt9214772,Monkey Man,2024,121,"Action,Crime,Thriller",6.8,100543.0
tt15009428,Argylle,2024,139,"Action,Comedy,Thriller",5.6,101267.0
tt30253473,Materialists,2025,116,"Comedy,Drama,Romance",6.2,102672.0
tt13375076,The Pope's Exorcist,2023,103,"Horror,Thriller",6.1,102952.0
tt28089784,Punjab '95,2026,169,"Biography,Crime,Drama",9.1,103434.0
tt9224104,Meg 2: The Trench,2023,116,"Action,Adventure,Horror",5.0,103467.0
tt10655524,It Ends with Us,2024,130,"Drama,Romance",6.3,103561.0
tt11301886,Rebel Ridge,2024,131,"Action,Crime,Drama",6.8,103851.0
tt5884796,Plane,2023,107,"Action,Adventure,Drama",6.5,104561.0
tt22898462,The Conjuring: Last Rites,2025,135,"Horror,Mystery,Thriller",6.2,105170.0
tt14257582,Wolfs,2024,108,"Action,Comedy,Crime",6.5,105854.0
tt29567915,Nuremberg,2025,148,"Biography,Drama,History",7.3,106527.0
tt21235248,Ghostbusters: Frozen Empire,2024,115,"Adventure,Comedy,Fantasy",6.1,106843.0
tt5113044,Minions: The Rise of Gru,2022,87,"Adventure,Animation,Comedy",6.5,107354.0
tt12261776,65,2023,93,"Action,Adventure,Sci-Fi",5.4,107507.0
tt15940132,War Machine,2026,106,"Action,Sci-Fi,Thriller",6.3,107785.0
tt10304142,Amsterdam,2022,134,"Comedy,Drama,History",6.2,107980.0
tt27503384,Perfect Days,2023,124,Drama,7.9,108193.0
tt12758060,Tetris,2023,118,"Biography,Drama,History",7.4,108752.0
tt11145118,Creed III,2023,116,"Action,Drama,Sport",6.7,109003.0
tt14444726,Tár,2022,158,"Drama,Music",7.4,110171.0
tt29768334,Train Dreams,2025,102,Drama,7.5,110612.0
tt26657236,Backrooms,2026,110,"Horror,Sci-Fi,Thriller",7.0,110662.0
tt13274016,Reptile,2023,134,"Crime,Drama,Mystery",6.8,110699.0
tt15354916,Jawan,2023,169,"Action,Crime,Drama",6.9,111982.0
tt7985704,Operation Fortune: Ruse de Guerre,2023,114,"Action,Adventure,Comedy",6.3,112008.0
tt5834426,Moonfall,2022,130,"Action,Adventure,Sci-Fi",5.2,113813.0
tt4998632,Ambulance,2022,136,"Action,Adventure,Crime",6.1,113858.0
tt31434639,Warfare,2025,95,"Action,Drama,War",7.1,113955.0
tt4919268,Bad Boys: Ride or Die,2024,115,"Action,Adventure,Comedy",6.5,115004.0
tt32141377,28 Years Later: The Bone Temple,2026,109,"Horror,Sci-Fi,Thriller",7.2,115112.0
tt14107334,The Running Man,2025,133,"Action,Adventure,Sci-Fi",6.4,115257.0
tt6277462,Brahmastra Part One: Shiva,2022,167,"Action,Adventure,Fantasy",5.6,115948.0
tt11057302,Madame Web,2024,116,"Action,Thriller",4.1,116347.0
tt13751694,Animal,2023,204,"Action,Crime,Drama",6.2,116974.0
tt15327088,Kantara,2022,148,"Action,Adventure,Drama",8.1,117383.0
tt12412888,Sonic the Hedgehog 2,2022,122,"Action,Adventure,Comedy",6.5,117880.0
tt9362930,Blue Beetle,2023,127,"Action,Adventure,Sci-Fi",5.9,117917.0
tt9663764,Aquaman and the Lost Kingdom,2023,124,"Action,Adventure,Fantasy",5.6,119658.0
tt11563598,A Complete Unknown,2024,141,"Biography,Drama,Music",7.3,119955.0
tt32376165,A House of Dynamite,2025,112,"Drama,Thriller",6.4,120175.0
tt21064584,The Iron Claw,2023,132,"Biography,Drama,Sport",7.5,120417.0
tt31868189,Happy Gilmore 2,2025,114,"Comedy,Sport",6.1,120426.0
tt11358390,Renfield,2023,93,"Action,Comedy,Fantasy",6.4,120635.0
tt13452446,Damsel,2024,110,"Action,Adventure,Fantasy",6.1,120882.0
tt12003946,Violent Night,2022,112,"Action,Comedy,Thriller",6.7,121776.0
tt27489557,Abigail,2024,109,"Action,Comedy,Crime",6.5,121984.0
tt14641788,Enola Holmes 2,2022,129,"Action,Adventure,Crime",6.8,123266.0
tt14905854,Hamnet,2025,125,"Biography,Drama,History",7.8,123924.0
tt14846026,Sisu,2022,91,"Action,Thriller,War",6.9,124001.0
tt14209916,Cocaine Bear,2023,95,"Comedy,Crime,Thriller",5.9,127472.0
tt13622970,Moana 2,2024,100,"Adventure,Animation,Comedy",6.3,127742.0
tt27403986,Juror #2,2024,114,"Crime,Drama,Mystery",7.0,128224.0
tt10374610,The Long Walk,2025,108,"Horror,Thriller",6.7,129616.0
tt19770238,Aftersun,2022,102,Drama,7.6,130700.0
tt3402138,The Naked Gun,2025,85,"Action,Comedy,Crime",6.3,131394.0
tt14858658,Blink Twice,2024,102,"Mystery,Thriller",6.5,131882.0
tt5090568,Transformers: Rise of the Beasts,2023,127,"Action,Adventure,Sci-Fi",6.0,132336.0
tt20215968,Hit Man,2023,115,"Comedy,Crime,Romance",6.8,132457.0
tt7068946,The Accountant 2,2025,132,"Action,Crime,Drama",6.6,132663.0
tt32246771,Bring Her Back,2025,104,"Horror,Mystery",7.1,134316.0
tt20221436,Emilia Pérez,2024,132,"Crime,Drama,Musical",5.3,134609.0
tt8036976,Send Help,2026,113,"Adventure,Horror,Thriller",6.7,135110.0
tt14208870,The Fabelmans,2022,151,"Biography,Drama",7.5,136003.0
tt32642706,The Rip,2026,113,"Action,Crime,Drama",6.8,136340.0
tt14539740,Godzilla X Kong: The New Empire,2024,115,"Action,Adventure,Fantasy",6.0,136957.0
tt4495098,Gran Turismo,2023,134,"Action,Adventure,Drama",7.1,136988.0
tt10298810,Lightyear,2022,105,"Action,Adventure,Animation",6.1,137434.0
tt26743210,How to Train Your Dragon,2025,125,"Action,Adventure,Comedy",7.7,137651.0
tt12915716,Adipurush,2023,179,"Action,Drama",2.6,137673.0
tt7599146,Sound of Freedom,2023,131,"Biography,Crime,Drama",7.6,138325.0
tt14205554,KPop Demon Hunters,2025,95,"Action,Adventure,Animation",7.4,138629.0
tt27534307,Speak No Evil,2024,110,"Drama,Horror,Thriller",6.8,140735.0
tt15325794,Fall,2022,107,"Action,Thriller",6.4,140941.0
tt4589218,Five Nights at Freddy's,2023,109,"Horror,Mystery,Thriller",5.4,140995.0
tt14998742,Rebel Moon - Part One: A Child of Fire,2023,133,"Action,Adventure,Drama",5.6,141434.0
tt14138650,The Pale Blue Eye,2022,128,"Crime,Horror,Mystery",6.6,142155.0
tt15679400,Knock at the Cabin,2023,100,"Horror,Mystery,Thriller",6.1,142305.0
tt22687790,A Haunting in Venice,2023,103,"Crime,Drama,Horror",6.5,142330.0
tt26443597,Zootopia 2,2025,108,"Adventure,Animation,Comedy",7.3,144709.0
tt14230388,Asteroid City,2023,105,"Comedy,Drama,Romance",6.4,145805.0
tt10151854,Shazam! Fury of the Gods,2023,130,"Action,Adventure,Comedy",5.9,146499.0
tt33014583,Dhurandhar,2025,214,"Action,Crime,Thriller",8.3,146641.0
tt29268110,Smile 2,2024,127,"Horror,Mystery,Thriller",6.7,147452.0
tt5433140,Fast X,2023,141,"Action,Adventure,Crime",5.7,147659.0
tt6587046,The Boy and the Heron,2023,124,"Adventure,Animation,Drama",7.3,149194.0
tt14966898,Late Night with the Devil,2023,93,Horror,7.0,149501.0
tt11378946,Michael,2026,127,"Biography,Drama,History",7.4,149983.0
tt4772188,Flow,2024,85,"Adventure,Animation,Family",7.8,150782.0
tt17663992,Scream VI,2023,122,"Horror,Mystery,Thriller",6.4,153862.0
tt23561236,American Fiction,2023,117,"Comedy,Drama",7.5,155885.0
tt7181546,Ballerina,2025,124,"Action,Adventure,Crime",6.8,157847.0
tt16366836,Venom: The Last Dance,2024,110,"Action,Fantasy,Horror",6.0,158918.0
tt9411972,Where the Crawdads Sing,2022,125,"Drama,Mystery,Romance",7.2,159667.0
tt31227572,Predator: Badlands,2025,107,"Action,Adventure,Sci-Fi",7.2,159832.0
tt8999762,The Brutalist,2024,216,Drama,7.2,160299.0
tt14948432,Red One,2024,123,"Action,Adventure,Comedy",6.2,160396.0
tt18925334,Pearl,2022,103,"Drama,Horror,Thriller",7.0,161279.0
tt5177120,The Ministry of Ungentlemanly Warfare,2024,122,"Action,Comedy,War",6.8,162912.0
tt17024450,The Equalizer 3,2023,109,"Action,Crime,Thriller",6.8,163373.0
tt3566834,A Minecraft Movie,2025,101,"Action,Adventure,Comedy",5.6,163758.0
tt21823606,A Real Pain,2024,90,"Comedy,Drama",7.0,164002.0
tt8009428,Hustle,2022,117,"Comedy,Drama,Sport",7.3,165580.0
tt1488589,Guillermo del Toro's Pinocchio,2022,117,"Adventure,Animation,Drama",7.6,165945.0
tt10676048,The Marvels,2023,105,"Action,Adventure,Sci-Fi",5.4,165994.0
tt12844910,Pathaan,2023,146,"Action,Adventure,Thriller",5.8,166716.0
tt15789038,Elemental,2023,101,"Adventure,Animation,Comedy",7.0,166724.0
tt9619824,Final Destination: Bloodlines,2025,110,"Horror,Thriller",6.7,166773.0
tt26753003,Trap,2024,105,"Crime,Horror,Mystery",5.8,168711.0
tt14961016,I'm Still Here,2024,137,"Biography,Drama,History",8.1,170045.0
tt11389872,Kingdom of the Planet of the Apes,2024,145,"Action,Adventure,Drama",6.8,170286.0
tt10698680,K.G.F: Chapter 2,2022,166,"Action,Crime,Drama",8.2,170681.0
tt13345606,Evil Dead Rise,2023,96,Horror,6.5,171671.0
tt5108870,Morbius,2022,104,"Action,Adventure,Horror",5.1,172767.0
tt27543632,The Housemaid,2025,131,"Drama,Mystery,Thriller",6.7,172974.0
tt23849204,12th Fail,2023,147,"Biography,Drama",8.7,174165.0
tt12263384,Extraction II,2023,122,"Action,Crime,Thriller",7.0,174579.0
tt13238346,Past Lives,2023,105,"Drama,Romance",7.8,175266.0
tt8097030,Turning Red,2022,100,"Action,Adventure,Animation",6.9,175323.0
tt13654226,The Gorge,2025,128,"Action,Adventure,Horror",6.7,175442.0
tt16277242,Society of the Snow,2023,144,"Adventure,Biography,Drama",7.8,175552.0
tt26047818,Anyone But You,2023,103,"Comedy,Romance",6.1,176253.0
tt2049403,Beetlejuice Beetlejuice,2024,105,"Comedy,Fantasy,Horror",6.6,176743.0
tt13320622,The Lost City,2022,112,"Action,Adventure,Comedy",6.1,177941.0
tt10731256,Don't Worry Darling,2022,123,"Drama,Mystery,Thriller",6.3,178122.0
tt5971474,The Little Mermaid,2023,135,"Adventure,Family,Fantasy",7.2,179303.0
tt13433802,A Quiet Place: Day One,2024,99,"Drama,Horror,Sci-Fi",6.2,179311.0
tt11291274,The Unbearable Weight of Massive Talent,2022,107,"Action,Comedy,Crime",7.0,180241.0
tt16426418,Challengers,2024,131,"Comedy,Drama,Romance",7.0,181125.0
tt10028196,Laal Singh Chaddha,2022,159,"Comedy,Drama,Romance",5.6,181406.0
tt26584495,Companion,2025,97,"Sci-Fi,Thriller",6.9,182552.0
tt15314262,The Beekeeper,2024,105,"Action,Crime,Thriller",6.3,182579.0
tt8760708,M3GAN,2022,102,"Horror,Sci-Fi,Thriller",6.3,183182.0
tt14513804,Captain America: Brave New World,2025,118,"Action,Adventure,Sci-Fi",5.6,185277.0
tt11315808,Joker: Folie à Deux,2024,138,"Drama,Musical,Thriller",5.2,185455.0
tt10545296,The Hunger Games: The Ballad of Songbirds & Snakes,2023,157,"Action,Adventure,Drama",6.6,186079.0
tt3359350,Road House,2024,121,"Action,Drama,Thriller",6.2,188011.0
tt13287846,Napoleon,2023,158,"Action,Adventure,Biography",6.3,188081.0
tt1757678,Avatar: Fire and Ash,2025,197,"Action,Adventure,Drama",7.2,189296.0
tt11245972,Scream,2022,114,"Horror,Mystery,Thriller",6.3,189434.0
tt7160372,The Zone of Interest,2023,105,"Drama,History,War",7.3,190428.0
tt4123432,Fantastic Beasts: The Secrets of Dumbledore,2022,142,"Adventure,Fantasy",6.2,193833.0
tt6166392,Wonka,2023,116,"Adventure,Comedy,Family",6.9,195141.0
tt21382296,Carry-On,2024,119,"Action,Crime,Thriller",6.5,196303.0
tt16419074,Air,2023,111,"Drama,Sport",7.4,196522.0
tt12584954,Twisters,2024,122,"Action,Adventure,Thriller",6.5,197774.0
tt32916440,Marty Supreme,2025,149,"Comedy,Drama,Sport",7.6,198311.0
tt11858890,The Creator,2023,133,"Action,Adventure,Drama",6.7,200169.0
tt31036941,Jurassic World: Rebirth,2025,133,"Action,Adventure,Sci-Fi",5.8,201003.0
tt10640346,Babylon,2022,189,"Comedy,Drama",7.1,208064.0
tt12300742,Bugonia,2025,118,"Comedy,Crime,Sci-Fi",7.4,208115.0
tt7657566,Death on the Nile,2022,127,"Crime,Drama,Mystery",6.3,211221.0
tt4873118,The Covenant,2023,123,"Action,Drama,Thriller",7.5,212658.0
tt7405458,A Man Called Otto,2022,126,"Comedy,Drama",7.5,213204.0
tt37287335,Obsession,2025,108,"Horror,Romance,Thriller",8.0,216299.0
tt7322224,Triangle of Sadness,2022,147,"Comedy,Drama",7.2,218200.0
tt15671028,No Hard Feelings,2023,103,"Comedy,Romance",6.3,218858.0
tt10638522,Talk to Me,2022,95,"Horror,Thriller",7.1,219961.0
tt10548174,28 Years Later,2025,115,"Horror,Sci-Fi,Thriller",6.6,220887.0
tt1136617,The Killer,2023,118,"Action,Adventure,Crime",6.7,225215.0
tt8178634,RRR,2022,187,"Action,Adventure,Drama",7.8,225493.0
tt13560574,X,2022,105,"Horror,Mystery,Thriller",6.5,225711.0
tt3915174,Puss in Boots: The Last Wish,2022,102,"Action,Adventure,Animation",7.9,227774.0
tt23289160,Godzilla Minus One,2023,124,"Action,Adventure,Drama",7.6,227829.0
tt23468450,Longlegs,2024,101,"Crime,Horror,Mystery",6.5,228523.0
tt29623480,The Wild Robot,2024,102,"Adventure,Animation,Family",8.2,230276.0
tt28015403,Heretic,2024,111,"Horror,Thriller",7.0,231604.0
tt17009710,Anatomy of a Fall,2023,151,"Crime,Drama,Mystery",7.6,234464.0
tt1462764,Indiana Jones and the Dial of Destiny,2023,154,"Action,Adventure,Sci-Fi",6.5,234716.0
tt9603208,Mission: Impossible - The Final Reckoning,2025,169,"Action,Adventure,Thriller",7.1,235477.0
tt12747748,Leave the World Behind,2023,138,"Drama,Mystery,Thriller",6.4,244136.0
tt15474916,Smile,2022,115,"Horror,Mystery,Thriller",6.5,244168.0
tt8041270,Jurassic World: Dominion,2022,147,"Action,Adventure,Sci-Fi",5.6,248319.0
tt0439572,The Flash,2023,144,"Action,Adventure,Fantasy",6.6,249459.0
tt14364480,Wake Up Dead Man,2025,144,"Comedy,Crime,Drama",7.3,250050.0
tt1262426,Wicked,2024,160,"Fantasy,Musical,Romance",7.3,253708.0
tt12299608,Mickey 17,2025,137,"Adventure,Comedy,Fantasy",6.7,253732.0
tt22022452,Inside Out 2,2024,96,"Adventure,Animation,Comedy",7.5,255170.0
tt2463208,The Adam Project,2022,106,"Action,Adventure,Comedy",6.7,259689.0
tt3704428,Elvis,2022,159,"Biography,Drama,Music",7.3,263039.0
tt15791034,Barbarian,2022,102,"Horror,Mystery,Thriller",7.0,264858.0
tt17351924,Saltburn,2023,130,"Drama,Thriller",7.0,268550.0
tt1684562,The Fall Guy,2024,126,"Action,Comedy,Drama",6.8,268690.0
tt5040012,Nosferatu,2024,132,"Fantasy,Horror,Mystery",7.1,270348.0
tt14849194,The Holdovers,2023,133,"Comedy,Drama",7.9,271098.0
tt17279496,Civil War,2024,109,"Action,Thriller,War",7.0,271126.0
tt10676052,The Fantastic Four: First Steps,2025,115,"Action,Adventure,Sci-Fi",6.8,272224.0
tt10954600,Ant-Man and the Wasp: Quantumania,2023,124,"Action,Adventure,Comedy",6.0,272513.0
tt11866324,Prey,2022,100,"Action,Adventure,Horror",7.1,274971.0
tt1649418,The Gray Man,2022,122,"Action,Mystery,Thriller",6.5,275400.0
tt2906216,Dungeons & Dragons: Honor Among Thieves,2023,134,"Action,Adventure,Comedy",7.2,275533.0
tt20215234,Conclave,2024,120,"Drama,Thriller",7.4,283755.0
tt20969586,Thunderbolts*,2025,127,"Action,Adventure,Crime",7.1,286866.0
tt18412256,Alien: Romulus,2024,119,"Horror,Sci-Fi,Thriller",7.1,290914.0
tt11813216,The Banshees of Inisherin,2022,114,"Comedy,Drama",7.6,297605.0
tt6718170,The Super Mario Bros. Movie,2023,92,"Adventure,Animation,Comedy",7.0,298671.0
tt28607951,Anora,2024,139,"Comedy,Drama,Romance",7.4,298745.0
tt11138512,The Northman,2022,137,"Action,Adventure,Drama",7.0,302465.0
tt1464335,Uncharted,2022,116,"Action,Adventure",6.3,302737.0
tt9218128,Gladiator II,2024,148,"Adventure,Drama",6.4,304970.0
tt6443346,Black Adam,2022,125,"Action,Adventure,Fantasy",6.1,305687.0
tt13833688,The Whale,2022,117,Drama,7.6,306849.0
tt5537002,Killers of the Flower Moon,2023,206,"Crime,Drama,History",7.5,309832.0
tt10954984,Nope,2022,130,"Horror,Mystery,Sci-Fi",6.8,319549.0
tt12037194,Furiosa: A Mad Max Saga,2024,148,"Action,Adventure,Sci-Fi",7.4,323352.0
tt1312221,Frankenstein,2025,149,"Drama,Fantasy,Horror",7.4,325357.0
tt9603212,Mission: Impossible - Dead Reckoning Part One,2023,163,"Action,Adventure,Thriller",7.6,329735.0
tt1016150,All Quiet on the Western Front,2022,148,"Drama,History,War",7.8,341493.0
tt16311594,F1: The Movie,2025,155,"Drama,Sport",7.6,374670.0
tt26581740,Weapons,2025,128,"Horror,Mystery",7.4,378828.0
tt9114286,Black Panther: Wakanda Forever,2022,161,"Action,Adventure,Drama",6.6,393870.0
tt6208148,Snow White,2025,109,"Adventure,Family,Fantasy",2.2,396985.0
tt10366206,John Wick: Chapter 4,2023,169,"Action,Crime,Thriller",7.6,414903.0
tt14230458,Poor Things,2023,141,"Comedy,Drama,Romance",7.7,418010.0
tt12042730,Project Hail Mary,2026,156,"Adventure,Comedy,Drama",8.2,423357.0
tt30144839,One Battle After Another,2025,161,"Crime,Thriller",7.6,425375.0
tt5950044,Superman,2025,129,"Action,Adventure,Sci-Fi",7.0,428857.0
tt17526714,The Substance,2024,141,"Drama,Horror,Sci-Fi",7.2,450782.0
tt10648342,Thor: Love and Thunder,2022,118,"Action,Adventure,Comedy",6.1,464975.0
tt6791350,Guardians of the Galaxy Vol. 3,2023,150,"Action,Adventure,Comedy",7.9,476333.0
tt31193180,Sinners,2025,137,Horror,7.5,501388.0
tt9764362,The Menu,2022,107,"Comedy,Horror,Thriller",7.1,506422.0
tt11564570,Glass Onion,2022,139,"Comedy,Crime,Drama",7.1,528138.0
tt9362722,Spider-Man: Across the Spider-Verse,2023,140,"Action,Adventure,Animation",8.5,534488.0
tt12593682,Bullet Train,2022,127,"Action,Comedy,Thriller",7.3,541006.0
tt9419884,Doctor Strange in the Multiverse of Madness,2022,126,"Action,Adventure,Fantasy",6.8,549394.0
tt6263850,Deadpool & Wolverine,2024,128,"Action,Adventure,Comedy",7.5,576892.0
tt10811166,The Kashmir Files,2022,170,Drama,8.5,579385.0
tt1630029,Avatar: The Way of Water,2022,192,"Action,Adventure,Fantasy",7.5,639593.0
tt6710474,Everything Everywhere All at Once,2022,139,"Action,Adventure,Comedy",7.7,655258.0
tt1517268,Barbie,2023,114,"Adventure,Comedy,Fantasy",6.8,696843.0
tt15239678,Dune: Part Two,2024,166,"Action,Adventure,Drama",8.4,773003.0
tt1745960,Top Gun: Maverick,2022,130,"Action,Drama",8.2,891123.0
tt1877830,The Batman,2022,176,"Action,Crime,Drama",7.8,935853.0
tt15398776,Oppenheimer,2023,180,"Biography,Drama,History",8.2,1062339.0
